{"agent": "conservative", "timestamp": "2026-03-05T20:54:32.570252", "n_trials": 30, "timesteps_per_trial": 30000, "symbols": ["AAPL", "MSFT", "GOOGL", "AMZN", "NVDA", "META", "TSLA", "AMD", "CRM", "ADBE", "INTC", "SPY", "QQQ", "IWM"], "best_trial": 14, "best_value": 0.0702, "best_params": {"lr": 0.00034412682029365965, "gamma": 0.9914930869982834, "n_epochs": 4, "batch_size": 256, "pnl_weight": 13.422840123619538, "dd_weight": 0.5325003522996195, "cost_weight": 0.10698967685891128, "sharpe_bonus": 0.42830693846797363}, "fixed_params": {"n_steps": 1024, "gae_lambda": 0.95, "ent_coef": 0.02, "clip_range": 0.25, "vf_coef": 0.5, "max_grad_norm": 0.5}, "best_attrs": {"sharpe": 0.0194, "return": 0.062, "max_dd": 0.076, "trades": 399, "active_pct": 99.2, "train_time": 215.7}, "all_trials": [{"number": 0, "value": 0.0073, "params": {"lr": 0.00011844319751820385, "gamma": 0.9994120716334581, "n_epochs": 5, "batch_size": 256, "pnl_weight": 5.559945203362027, "dd_weight": 0.4464668897345596, "cost_weight": 0.1799264218662403, "sharpe_bonus": 0.40055750587160444}, "attrs": {"sharpe": -0.0327, "return": -0.0587, "max_dd": 0.0772, "trades": 876, "active_pct": 79.9, "train_time": 270.7}, "state": "TrialState.COMPLETE"}, {"number": 1, "value": 0.0521, "params": {"lr": 0.00025529516046973776, "gamma": 0.9902037864935285, "n_epochs": 5, "batch_size": 256, "pnl_weight": 5.818249672071007, "dd_weight": 0.5467236078827471, "cost_weight": 0.09563633644393066, "sharpe_bonus": 0.36237821581611895}, "attrs": {"sharpe": 0.0038, "return": 0.0057, "max_dd": 0.0829, "trades": 838, "active_pct": 96.4, "train_time": 262.9}, "state": "TrialState.COMPLETE"}, {"number": 2, "value": -0.0132, "params": {"lr": 0.00013518080333310014, "gamma": 0.9928831684879607, "n_epochs": 4, "batch_size": 512, "pnl_weight": 7.663618432936917, "dd_weight": 0.7648559873736287, "cost_weight": 0.16777639420895207, "sharpe_bonus": 0.19983689107917987}, "attrs": {"sharpe": -0.0383, "return": -0.0351, "max_dd": 0.0435, "trades": 874, "active_pct": 50.2, "train_time": 172.9}, "state": "TrialState.COMPLETE"}, {"number": 3, "value": -0.0071, "params": {"lr": 0.00016338208828908828, "gamma": 0.9958649042317342, "n_epochs": 3, "batch_size": 256, "pnl_weight": 4.650515929852795, "dd_weight": 1.1591084298026666, "cost_weight": 0.19484480496118395, "sharpe_bonus": 0.5041986740582306}, "attrs": {"sharpe": -0.0362, "return": -0.0499, "max_dd": 0.0631, "trades": 877, "active_pct": 58.2, "train_time": 206.7}, "state": "TrialState.COMPLETE"}, {"number": 4, "value": 0.0005, "params": {"lr": 0.00010082860845904296, "gamma": 0.9909669539286632, "n_epochs": 5, "batch_size": 256, "pnl_weight": 8.951769101112703, "dd_weight": 0.42751081689217474, "cost_weight": 0.18639806031181733, "sharpe_bonus": 0.22938999080000846}, "attrs": {"sharpe": -0.0338, "return": -0.0524, "max_dd": 0.0679, "trades": 877, "active_pct": 68.5, "train_time": 292.3}, "state": "TrialState.COMPLETE"}, {"number": 5, "value": 0.0108, "params": {"lr": 0.00022987528923660826, "gamma": 0.9930859396532852, "n_epochs": 4, "batch_size": 256, "pnl_weight": 13.695846277645586, "dd_weight": 1.0201062586888916, "cost_weight": 0.19092484123462838, "sharpe_bonus": 0.5474136752138244}, "attrs": {"sharpe": -0.0297, "return": -0.0697, "max_dd": 0.0972, "trades": 876, "active_pct": 81.0, "train_time": 209.2}, "state": "TrialState.COMPLETE"}, {"number": 6, "value": 0.002, "params": {"lr": 0.00019809338952032915, "gamma": 0.9991265549267289, "n_epochs": 3, "batch_size": 256, "pnl_weight": 7.253303307632644, "dd_weight": 0.7109418317515857, "cost_weight": 0.0907023547660844, "sharpe_bonus": 0.5143687545759646}, "attrs": {"sharpe": -0.0363, "return": -0.0659, "max_dd": 0.0829, "trades": 875, "active_pct": 76.6, "train_time": 205.9}, "state": "TrialState.COMPLETE"}, {"number": 7, "value": -0.0229, "params": {"lr": 0.00011369027867815914, "gamma": 0.992781251645905, "n_epochs": 4, "batch_size": 512, "pnl_weight": 4.745506436797708, "dd_weight": 1.1895095492804137, "cost_weight": 0.16583671539449862, "sharpe_bonus": 0.1993578407670862}, "attrs": {"sharpe": -0.0467, "return": -0.03, "max_dd": 0.0347, "trades": 873, "active_pct": 47.5, "train_time": 165.6}, "state": "TrialState.COMPLETE"}, {"number": 8, "value": -0.0186, "params": {"lr": 5.063981628665745e-05, "gamma": 0.9980730681417028, "n_epochs": 5, "batch_size": 512, "pnl_weight": 4.740446517340904, "dd_weight": 0.6867725828354181, "cost_weight": 0.06738035892876947, "sharpe_bonus": 0.5315517129377968}, "attrs": {"sharpe": -0.036, "return": -0.0154, "max_dd": 0.0194, "trades": 874, "active_pct": 34.8, "train_time": 197.5}, "state": "TrialState.COMPLETE"}, {"number": 9, "value": -0.0034, "params": {"lr": 0.00021002361583510987, "gamma": 0.9932758904460413, "n_epochs": 3, "batch_size": 512, "pnl_weight": 11.29606178338064, "dd_weight": 0.9100459770841705, "cost_weight": 0.18308191138644903, "sharpe_bonus": 0.3361074625809747}, "attrs": {"sharpe": -0.0333, "return": -0.0388, "max_dd": 0.0505, "trades": 876, "active_pct": 59.9, "train_time": 122.1}, "state": "TrialState.COMPLETE"}, {"number": 10, "value": 0.0643, "params": {"lr": 0.00046441692033364555, "gamma": 0.9900593721112626, "n_epochs": 5, "batch_size": 256, "pnl_weight": 10.518665507781785, "dd_weight": 0.5757677829357, "cost_weight": 0.1275084470985592, "sharpe_bonus": 0.34322115633745964}, "attrs": {"sharpe": 0.014, "return": 0.0498, "max_dd": 0.1122, "trades": 82, "active_pct": 98.6, "train_time": 247.6}, "state": "TrialState.COMPLETE"}, {"number": 11, "value": 0.0644, "params": {"lr": 0.0004477437021596107, "gamma": 0.9900358953655596, "n_epochs": 5, "batch_size": 256, "pnl_weight": 11.745128054017105, "dd_weight": 0.5727234300807476, "cost_weight": 0.12228444944949947, "sharpe_bonus": 0.354157804691576}, "attrs": {"sharpe": 0.014, "return": 0.0495, "max_dd": 0.1122, "trades": 78, "active_pct": 98.8, "train_time": 292.3}, "state": "TrialState.COMPLETE"}, {"number": 12, "value": 0.0643, "params": {"lr": 0.0004896847722172571, "gamma": 0.9912249396459508, "n_epochs": 5, "batch_size": 256, "pnl_weight": 11.40951439638212, "dd_weight": 0.5926463500007282, "cost_weight": 0.1324361464119457, "sharpe_bonus": 0.2887471426927589}, "attrs": {"sharpe": 0.0139, "return": 0.0493, "max_dd": 0.1122, "trades": 84, "active_pct": 98.8, "train_time": 275.2}, "state": "TrialState.COMPLETE"}, {"number": 13, "value": 0.0563, "params": {"lr": 0.00048771082642930274, "gamma": 0.9959826066968636, "n_epochs": 5, "batch_size": 256, "pnl_weight": 10.876414184224688, "dd_weight": 0.6019189281379486, "cost_weight": 0.13465550190245953, "sharpe_bonus": 0.11572596840246074}, "attrs": {"sharpe": 0.008, "return": 0.0217, "max_dd": 0.1015, "trades": 284, "active_pct": 95.7, "train_time": 277.3}, "state": "TrialState.COMPLETE"}, {"number": 14, "value": 0.0702, "params": {"lr": 0.00034412682029365965, "gamma": 0.9914930869982834, "n_epochs": 4, "batch_size": 256, "pnl_weight": 13.422840123619538, "dd_weight": 0.5325003522996195, "cost_weight": 0.10698967685891128, "sharpe_bonus": 0.42830693846797363}, "attrs": {"sharpe": 0.0194, "return": 0.062, "max_dd": 0.076, "trades": 399, "active_pct": 99.2, "train_time": 215.7}, "state": "TrialState.COMPLETE"}, {"number": 15, "value": 0.0481, "params": {"lr": 0.00032998072251633193, "gamma": 0.9916343180073586, "n_epochs": 4, "batch_size": 256, "pnl_weight": 13.35017969566406, "dd_weight": 0.8685962826619098, "cost_weight": 0.09762823924953544, "sharpe_bonus": 0.436267699059133}, "attrs": {"sharpe": 0.0004, "return": -0.0039, "max_dd": 0.0893, "trades": 726, "active_pct": 95.5, "train_time": 217.6}, "state": "TrialState.COMPLETE"}, {"number": 16, "value": 0.0609, "params": {"lr": 0.0003258607093060879, "gamma": 0.9944406257632118, "n_epochs": 4, "batch_size": 256, "pnl_weight": 12.383809619731455, "dd_weight": 0.49334197763415066, "cost_weight": 0.0507110179479634, "sharpe_bonus": 0.4592927924442709}, "attrs": {"sharpe": 0.0113, "return": 0.0295, "max_dd": 0.0783,