{
  "agent": "swing",
  "timestamp": "2026-03-05T20:52:13.843321",
  "n_trials": 25,
  "timesteps_per_trial": 30000,
  "symbols": [
    "AAPL",
    "MSFT",
    "GOOGL",
    "AMZN",
    "NVDA",
    "META",
    "TSLA",
    "AMD",
    "CRM",
    "ADBE",
    "INTC",
    "SPY",
    "QQQ",
    "IWM"
  ],
  "best_trial": 22,
  "best_value": 0.0414,
  "best_params": {
    "lr": 0.0002850990494088855,
    "gamma": 0.996935163019075,
    "n_epochs": 5,
    "batch_size": 256,
    "pnl_weight": 17.355058519058417,
    "dd_weight": 0.286859270841779,
    "cost_weight": 0.029683672362714957,
    "sharpe_bonus": 0.1237151991255176
  },
  "fixed_params": {
    "n_steps": 1024,
    "gae_lambda": 0.95,
    "ent_coef": 0.005,
    "clip_range": 0.2,
    "vf_coef": 0.5,
    "max_grad_norm": 0.5
  },
  "best_attrs": {
    "sharpe": -0.0086,
    "return": -0.1051,
    "max_dd": 0.2521,
    "trades": 949,
    "active_pct": 100.0,
    "train_time": 236.9
  },
  "all_trials": [
    {
      "number": 0,
      "value": -0.0065,
      "params": {
        "lr": 3.574712922600245e-05,
        "gamma": 0.9989192146975573,
        "n_epochs": 5,
        "batch_size": 128,
        "pnl_weight": 9.559945203362027,
        "dd_weight": 0.1703292642588698,
        "cost_weight": 0.07197056874649611,
        "sharpe_bonus": 0.20027875293580222
      },
      "attrs": {
        "sharpe": -0.0129,
        "return": -0.012,
        "max_dd": 0.0279,
        "trades": 278,
        "active_pct": 12.7,
        "train_time": 199.8
      },
      "state": "TrialState.COMPLETE"
    },
    {
      "number": 1,
      "value": 0.0324,
      "params": {
        "lr": 0.00011114989443094985,
        "gamma": 0.9804096314364864,
        "n_epochs": 5,
        "batch_size": 128,
        "pnl_weight": 9.818249672071007,
        "dd_weight": 0.21419157844870185,
        "cost_weight": 0.03825453457757226,
        "sharpe_bonus": 0.18118910790805948
      },
      "attrs": {
        "sharpe": -0.0106,
        "return": -0.0671,
        "max_dd": 0.1637,
        "trades": 1363,
        "active_pct": 85.9,
        "train_time": 312.2
      },
      "state": "TrialState.COMPLETE"
    },
    {
      "number": 2,
      "value": -0.037,
      "params": {
        "lr": 4.345454109729474e-05,
        "gamma": 0.985795459889941,
        "n_epochs": 4,
        "batch_size": 256,
        "pnl_weight": 11.663618432936918,
        "dd_weight": 0.3096244944759625,
        "cost_weight": 0.06711055768358082,
        "sharpe_bonus": 0.09991844553958994
      },
      "attrs": {
        "sharpe": -0.039,
        "return": -0.0231,
        "max_dd": 0.0289,
        "trades": 35,
        "active_pct": 3.9,
        "train_time": 189.3
      },
      "state": "TrialState.COMPLETE"
    },
    {
      "number": 3,
      "value": -0.0141,
      "params": {
        "lr": 5.748924681991979e-05,
        "gamma": 0.9917890499203547,
        "n_epochs": 3,
        "batch_size": 128,
        "pnl_weight": 8.650515929852794,
        "dd_weight": 0.48210993803866664,
        "cost_weight": 0.07793792198447357,
        "sharpe_bonus": 0.2520993370291153
      },
      "attrs": {
        "sharpe": -0.0166,
        "return": -0.0111,
        "max_dd": 0.0214,
        "trades": 83,
        "active_pct": 4.9,
        "train_time": 300.1
      },
      "state": "TrialState.COMPLETE"
    },
    {
      "number": 4,
      "value": -0.0149,
      "params": {
        "lr": 2.8180680291847213e-05,
        "gamma": 0.981943675068727,
        "n_epochs": 5,
        "batch_size": 128,
        "pnl_weight": 12.951769101112703,
        "dd_weight": 0.16203598239032643,
        "cost_weight": 0.07455922412472692,
        "sharpe_bonus": 0.11469499540000423
      },
      "attrs": {
        "sharpe": -0.0222,
        "return": -0.0214,
        "max_dd": 0.0346,
        "trades": 545,
        "active_pct": 14.6,
        "train_time": 468.5
      },
      "state": "TrialState.COMPLETE"
    },
    {
      "number": 5,
      "value": 0.0108,
      "params": {
        "lr": 9.519754482692677e-05,
        "gamma": 0.9862030504141792,
        "n_epochs": 4,
        "batch_size": 128,
        "pnl_weight": 17.695846277645586,
        "dd_weight": 0.4212964881763901,
        "cost_weight": 0.07636993649385135,
        "sharpe_bonus": 0.2737068376069122
      },
      "attrs": {
        "sharpe": -0.0196,
        "return": -0.0552,
        "max_dd": 0.0955,
        "trades": 1303,
        "active_pct": 60.8,
        "train_time": 361.9
      },
      "state": "TrialState.COMPLETE"
    },
    {
      "number": 6,
      "value": -0.0089,
      "params": {
        "lr": 7.641361869233314e-05,
        "gamma": 0.9983452972769601,
        "n_epochs": 3,
        "batch_size": 128,
        "pnl_weight": 11.253303307632644,
        "dd_weight": 0.2860370513913187,
        "cost_weight": 0.03628094190643376,
        "sharpe_bonus": 0.2571843772879823
      },
      "attrs": {
        "sharpe": -0.0171,
        "return": -0.0183,
        "max_dd": 0.0343,
        "trades": 688,
        "active_pct": 16.5,
        "train_time": 283.5
      },
      "state": "TrialState.COMPLETE"
    },
    {
      "number": 7,
      "value": -0.0337,
      "params": {
        "lr": 3.3648671441879514e-05,
        "gamma": 0.9855905967427788,
        "n_epochs": 4,
        "batch_size": 256,
        "pnl_weight": 8.745506436797708,
        "dd_weight": 0.4954104278101811,
        "cost_weight": 0.06633468615779944,
        "sharpe_bonus": 0.0996789203835431
      },
      "attrs": {
        "sharpe": -0.0337,
        "return": -0.0122,
        "max_dd": 0.0164,
        "trades": 0,
        "active_pct": 0.0,
        "train_time": 226.0
      },
      "state": "TrialState.COMPLETE"
    },
    {
      "number": 8,
      "value": 0.034,
      "params": {
        "lr": 0.0002690059197473585,
        "gamma": 0.9801193439408208,
        "n_epochs": 5,
        "batch_size": 256,
        "pnl_weight": 16.297989016647893,
        "dd_weight": 0.2491659225508567,
        "cost_weight": 0.020935687979507372,
        "sharpe_bonus": 0.17161057816872982
      },
      "attrs": {
        "sharpe": -0.0142,
        "return": -0.1639,
        "max_dd": 0.2991,
        "trades": 737,
        "active_pct": 96.5,
        "train_time": 253.4
      },
      "state": "TrialState.COMPLETE"
    },
    {
      "number": 9,
      "value": 0.0334,
      "params": {
        "lr": 0.00027110006356553725,
        "gamma": 0.992809883458814,
        "n_epochs": 5,
        "batch_size": 256,
        "pnl_weight": 16.776065712784206,
        "dd_weight": 0.251830529270956,
        "cost_weight": 0.021857020261007394,
        "sharpe_bonus": 0.15151315351786576
      },
      "attrs": {
        "sharpe": -0.0166,
        "return": -0.1704,
        "max_dd": 0.2952,
        "trades": 933,
        "active_pct": 99.9,
        "train_time": 264.8
      },
      "state": "TrialState.COMPLETE"
    },
    {
      "number": 10,
      "value": -0.0366,
      "params": {
        "lr": 1.300614191300595e-05,
        "gamma": 0.9945316800348455,
        "n_epochs": 5,
        "batch_size": 256,
        "pnl_weight": 15.564706778297452,
        "dd_weight": 0.3913378103922247,
        "cost_weight": 0.022072806347490457,
        "sharpe_bonus": 0.21501510305515584
      },
      "attrs": {
        "sharpe": -0.0366,
        "return": -0.0085,
        "max_dd": 0.0106,
        "trades": 0,
        "active_pct": 0.0,
        "train_time": 264.7
      },
      "state": "TrialState.COMPLETE"
    },
    {
      "number": 11,
      "value": 0.0231,
      "params": {
        "lr": 0.0002908170408614099,
        "gamma": 0.9908025370128072,
        "n_epochs": 5,
        "batch_size": 256,
        "pnl_weight": 16.469961233886654,
        "dd_weight": 0.2558104215179801,
        "cost_weight": 0.020206319247429112,
        "sharpe_bonus": 0.13841450282796175
      },
      "attrs": {
        "sharpe": -0.0185,
        "return": -0.1917,