{
  "agent": "momentum",
  "timestamp": "2026-03-05T18:43:41.513334",
  "n_trials": 30,
  "timesteps_per_trial": 30000,
  "symbols": [
    "AAPL",
    "MSFT",
    "GOOGL",
    "AMZN",
    "NVDA",
    "META",
    "TSLA",
    "AMD",
    "CRM",
    "ADBE",
    "INTC",
    "SPY",
    "QQQ",
    "IWM"
  ],
  "best_trial": 22,
  "best_value": 0.1906,
  "best_params": {
    "lr": 0.0003904598834078164,
    "gamma": 0.9953211304271343,
    "n_epochs": 4,
    "batch_size": 256,
    "pnl_weight": 20.143168686905227,
    "dd_weight": 0.5008096412230285,
    "cost_weight": 0.06442147208959244,
    "sharpe_bonus": 0.0798767570188865
  },
  "fixed_params": {
    "n_steps": 1024,
    "gae_lambda": 0.95,
    "ent_coef": 0.01,
    "clip_range": 0.2,
    "vf_coef": 0.5,
    "max_grad_norm": 0.5
  },
  "best_attrs": {
    "sharpe": 0.136,
    "return": 0.4156,
    "max_dd": 0.0643,
    "trades": 179,
    "active_pct": 92.5,
    "train_time": 89.2
  },
  "all_trials": [
    {
      "number": 0,
      "value": 0.1036,
      "params": {
        "lr": 4.3284502212938785e-05,
        "gamma": 0.9975707148858876,
        "n_epochs": 5,
        "batch_size": 256,
        "pnl_weight": 10.183923284706836,
        "dd_weight": 0.1732334448672798,
        "cost_weight": 0.10795585311974416,
        "sharpe_bonus": 0.12022300234864176
      },
      "attrs": {
        "sharpe": 0.1033,
        "return": 0.0167,
        "max_dd": 0.0033,
        "trades": 20,
        "active_pct": 0.0,
        "train_time": 97.5
      },
      "state": "TrialState.COMPLETE"
    },
    {
      "number": 1,
      "value": 0.1295,
      "params": {
        "lr": 0.00015958573588141273,
        "gamma": 0.9705969503345783,
        "n_epochs": 5,
        "batch_size": 256,
        "pnl_weight": 10.545549540899408,
        "dd_weight": 0.2233618039413735,
        "cost_weight": 0.0573818018663584,
        "sharpe_bonus": 0.10495128632644757
      },
      "attrs": {
        "sharpe": 0.0862,
        "return": 0.1363,
        "max_dd": 0.0544,
        "trades": 233,
        "active_pct": 81.2,
        "train_time": 132.3
      },
      "state": "TrialState.COMPLETE"
    },
    {
      "number": 2,
      "value": 0.1099,
      "params": {
        "lr": 5.4182823195332406e-05,
        "gamma": 0.9784456450657432,
        "n_epochs": 4,
        "batch_size": 512,
        "pnl_weight": 13.129065806111683,
        "dd_weight": 0.3324279936868144,
        "cost_weight": 0.10066583652537121,
        "sharpe_bonus": 0.03993475643167195
      },
      "attrs": {
        "sharpe": 0.1096,
        "return": 0.014,
        "max_dd": 0.0028,
        "trades": 7,
        "active_pct": 0.0,
        "train_time": 73.4
      },
      "state": "TrialState.COMPLETE"
    },
    {
      "number": 3,
      "value": 0.1195,
      "params": {
        "lr": 7.475992999956501e-05,
        "gamma": 0.9871800224969992,
        "n_epochs": 3,
        "batch_size": 256,
        "pnl_weight": 8.910722301793914,
        "dd_weight": 0.5295542149013334,
        "cost_weight": 0.11690688297671034,
        "sharpe_bonus": 0.16167946962329224
      },
      "attrs": {
        "sharpe": 0.1192,
        "return": 0.0173,
        "max_dd": 0.0016,
        "trades": 1,
        "active_pct": 0.0,
        "train_time": 98.1
      },
      "state": "TrialState.COMPLETE"
    },
    {
      "number": 4,
      "value": 0.0661,
      "params": {
        "lr": 3.292529363110524e-05,
        "gamma": 0.9728324913061851,
        "n_epochs": 5,
        "batch_size": 256,
        "pnl_weight": 14.932476741557782,
        "dd_weight": 0.16375540844608735,
        "cost_weight": 0.11183883618709038,
        "sharpe_bonus": 0.05175599632000338
      },
      "attrs": {
        "sharpe": 0.0657,
        "return": 0.011,
        "max_dd": 0.0066,
        "trades": 55,
        "active_pct": 0.4,
        "train_time": 84.7
      },
      "state": "TrialState.COMPLETE"
    },
    {
      "number": 5,
      "value": 0.1516,
      "params": {
        "lr": 0.00013353819088790598,
        "gamma": 0.9790396212065929,
        "n_epochs": 4,
        "batch_size": 256,
        "pnl_weight": 21.574184788703818,
        "dd_weight": 0.46005312934444587,
        "cost_weight": 0.11455490474077702,
        "sharpe_bonus": 0.17896547008552977
      },
      "attrs": {
        "sharpe": 0.1229,
        "return": 0.0711,
        "max_dd": 0.0138,
        "trades": 154,
        "active_pct": 54.5,
        "train_time": 101.6
      },
      "state": "TrialState.COMPLETE"
    },
    {
      "number": 6,
      "value": 0.1394,
      "params": {
        "lr": 0.0001037084466895453,
        "gamma": 0.9967343528156704,
        "n_epochs": 3,
        "batch_size": 256,
        "pnl_weight": 12.554624630685701,
        "dd_weight": 0.3054709158757928,
        "cost_weight": 0.05442141285965063,
        "sharpe_bonus": 0.1657475018303859
      },
      "attrs": {
        "sharpe": 0.1386,
        "return": 0.0295,
        "max_dd": 0.0037,
        "trades": 24,
        "active_pct": 0.4,
        "train_time": 114.9
      },
      "state": "TrialState.COMPLETE"
    },
    {
      "number": 7,
      "value": 0.0994,
      "params": {
        "lr": 4.0375061884407564e-05,
        "gamma": 0.978147100780934,
        "n_epochs": 4,
        "batch_size": 512,
        "pnl_weight": 9.04370901151679,
        "dd_weight": 0.5447547746402069,
        "cost_weight": 0.09950202923669917,
        "sharpe_bonus": 0.03974313630683449
      },
      "attrs": {
        "sharpe": 0.0992,
        "return": 0.0091,
        "max_dd": 0.0016,
        "trades": 1,
        "active_pct": 0.0,
        "train_time": 89.0
      },
      "state": "TrialState.COMPLETE"
    },
    {
      "number": 8,
      "value": 0.0569,
      "params": {
        "lr": 1.0218376758008082e-05,
        "gamma": 0.9936483814251902,
        "n_epochs": 5,
        "batch_size": 512,
        "pnl_weight": 9.036625124277265,
        "dd_weight": 0.29338629141770906,
        "cost_weight": 0.040428215357261675,
        "sharpe_bonus": 0.17262068517511872
      },
      "attrs": {
        "sharpe": 0.0568,
        "return": 0.0029,
        "max_dd": 0.0015,
        "trades": 0,
        "active_pct": 0.0,
        "train_time": 71.3
      },
      "state": "TrialState.COMPLETE"
    },
    {
      "number": 9,
      "value": 0.1127,
      "params": {
        "lr": 0.0001145420156259939,
        "gamma": 0.9795960427207268,
        "n_epochs": 3,
        "batch_size": 512,
        "pnl_weight": 18.214486496732896,
        "dd_weight": 0.4050229885420853,
        "cost_weight": 0.10984914683186939,
        "sharpe_bonus": 0.09444298503238986
      },
      "attrs": {
        "sharpe": 0.1123,
        "return": 0.022,
        "max_dd": 0.0047,
        "trades": 40,
        "active_pct": 0.0,
        "train_time": 71.8
      },
      "state": "TrialState.COMPLETE"
    },
    {
      "number": 10,
      "value": 0.1176,
      "params": {
        "lr": 0.00043219879037387384,
        "gamma": 0.9867615716837056,
        "n_epochs": 4,
        "batch_size": 256,
        "pnl_weight": 21.774529455296463,
        "dd_weight": 0.44327933776180833,
        "cost_weight": 0.08466974055799067,
        "sharpe_bonus": 0.19531216206766755
      },
      "attrs": {
        "sharpe": 0.065,
        "return": 0.2229,
        "max_dd": 0.1463,
        "trades": 179,
        "active_pct": 96.2,
        "train_time": 134.4
      },
      "state": "TrialState.COMPLETE"
    },
    {
      "number": 11,
      "value": 0.1611,
      "params": {
        "lr": 0.00021995182007875753,
        "gamma": 0.9920241858837167,
        "n_epochs": 3,
        "batch_size": 256,
        "pnl_weight": 18.816025624703144,
        "dd_weight": 0.45078353185126974,
        "cost_weight": 0.06783865446322983,
        "sharpe_bonus": 0.14488720013840553
      },
      "attrs": {
        "sharpe": 0.1396,
        "return": 0.0796,
        "max_dd": 0.0121,
        "trades": 126,