id,symbol,ts,score,finpilot_score,resolved_status,resolved_pct,resolved_pct_t5,resolved_pct_barrier,resolved_status_barrier
ws_20250912_NVDA,NVDA,2025-09-12T09:00:00+00:00,0,,resolved_loss,-0.7115,-0.7593,-0.7115,resolved_loss
ws_20250912_TSLA,TSLA,2025-09-12T09:00:00+00:00,0,,resolved_win,3.4848,8.6539,3.4848,resolved_win
ws_20250912_GOOGL,GOOGL,2025-09-12T09:00:00+00:00,0,,resolved_win,1.3973,6.3515,1.3973,resolved_win
ws_20250912_META,META,2025-09-12T09:00:00+00:00,0,,resolved_win,1.3114,3.6507,1.3114,resolved_win
ws_20250912_AMZN,AMZN,2025-09-12T09:00:00+00:00,0,,resolved_win,1.25,0.9926,1.25,resolved_win
ws_20250912_AAPL,AAPL,2025-09-12T09:00:00+00:00,0,,resolved_win,1.5348,4.6324,1.5348,resolved_win
ws_20250912_MSFT,MSFT,2025-09-12T09:00:00+00:00,0,,resolved_loss,-0.5674,1.3889,-0.5674,resolved_loss
ws_20250912_NFLX,NFLX,2025-09-12T09:00:00+00:00,0,,resolved_loss,-1.0246,-89.7209,-1.0246,resolved_loss
ws_20250912_AMD,AMD,2025-09-12T09:00:00+00:00,0,,resolved_win,1.9506,0.9881,1.9506,resolved_win
ws_20250912_COIN,COIN,2025-09-12T09:00:00+00:00,0,,resolved_loss,-1.3126,5.2751,-1.3126,resolved_loss
ws_20250912_RBLX,RBLX,2025-09-12T09:00:00+00:00,0,,resolved_win,3.6555,1.1561,3.6555,resolved_win
ws_20250912_CRWD,CRWD,2025-09-12T09:00:00+00:00,0,,resolved_win,2.0938,14.3107,2.0938,resolved_win
ws_20250912_ZS,ZS,2025-09-12T09:00:00+00:00,0,,resolved_loss,-0.9846,3.1079,-0.9846,resolved_loss
ws_20250912_PANW,PANW,2025-09-12T09:00:00+00:00,0,,resolved_win,1.6028,4.9345,1.6028,resolved_win
ws_20250912_ABNB,ABNB,2025-09-12T09:00:00+00:00,0,,resolved_loss,-0.8685,3.4813,-0.8685,resolved_loss
ws_20250912_UBER,UBER,2025-09-12T09:00:00+00:00,0,,resolved_win,2.2876,3.1356,2.2876,resolved_win
ws_20250912_SHOP,SHOP,2025-09-12T09:00:00+00:00,0,,resolved_win,1.8905,7.1391,1.8905,resolved_win
ws_20250912_CRM,CRM,2025-09-12T09:00:00+00:00,0,,resolved_loss,-0.7596,0.234,-0.7596,resolved_loss
ws_20250912_ORCL,ORCL,2025-09-12T09:00:00+00:00,0,,resolved_win,4.7834,3.1244,4.7834,resolved_win
ws_20250912_ADBE,ADBE,2025-09-12T09:00:00+00:00,0,,resolved_win,4.3009,5.2647,4.3009,resolved_win
ws_20250912_NOW,NOW,2025-09-12T09:00:00+00:00,0,,resolved_loss,-0.6821,-79.4013,-0.6821,resolved_loss
ws_20250912_WDAY,WDAY,2025-09-12T09:00:00+00:00,0,,resolved_loss,-0.9307,4.5326,-0.9307,resolved_loss
ws_20250912_VEEV,VEEV,2025-09-12T09:00:00+00:00,0,,resolved_loss,-0.7554,-0.0791,-0.7554,resolved_loss
ws_20250912_ZM,ZM,2025-09-12T09:00:00+00:00,0,,resolved_loss,-0.7695,-0.367,-0.7695,resolved_loss
ws_20250912_OKTA,OKTA,2025-09-12T09:00:00+00:00,0,,resolved_loss,-0.8308,1.4065,-0.8308,resolved_loss
ws_20250912_FTNT,FTNT,2025-09-12T09:00:00+00:00,0,,resolved_win,1.7728,5.1311,1.7728,resolved_win
ws_20250912_MRNA,MRNA,2025-09-12T09:00:00+00:00,0,,resolved_loss,-1.7822,-0.0396,-1.7822,resolved_loss
ws_20250912_BNTX,BNTX,2025-09-12T09:00:00+00:00,0,,resolved_loss,-1.393,-3.9193,-1.393,resolved_loss
ws_20250912_UNH,UNH,2025-09-12T09:00:00+00:00,0,,resolved_loss,-1.2917,-7.8112,-1.2917,resolved_loss
ws_20250912_JNJ,JNJ,2025-09-12T09:00:00+00:00,0,,resolved_loss,-0.487,-3.0749,-0.487,resolved_loss
ws_20250912_PFE,PFE,2025-09-12T09:00:00+00:00,0,,resolved_loss,-0.6612,-7.435,-0.6612,resolved_loss
ws_20250912_JPM,JPM,2025-09-12T09:00:00+00:00,0,,resolved_loss,-0.5536,1.5752,-0.5536,resolved_loss
ws_20250912_BAC,BAC,2025-09-12T09:00:00+00:00,0,,resolved_loss,-0.4829,1.3511,-0.4829,resolved_loss
ws_20250912_GS,GS,2025-09-12T09:00:00+00:00,0,,resolved_loss,-0.8261,1.615,-0.8261,resolved_loss
ws_20250912_WFC,WFC,2025-09-12T09:00:00+00:00,0,,resolved_loss,-0.58,2.8001,-0.58,resolved_loss
ws_20250912_XOM,XOM,2025-09-12T09:00:00+00:00,0,,resolved_loss,-0.5617,-1.603,-0.5617,resolved_loss
ws_20250912_CVX,CVX,2025-09-12T09:00:00+00:00,0,,resolved_loss,-0.5548,-3.8775,-0.5548,resolved_loss
ws_20250912_COP,COP,2025-09-12T09:00:00+00:00,0,,resolved_loss,-0.6812,-4.5184,-0.6812,resolved_loss
ws_20250912_SLB,SLB,2025-09-12T09:00:00+00:00,0,,resolved_loss,-0.8464,-6.2502,-0.8464,resolved_loss
ws_20250912_PYPL,PYPL,2025-09-12T09:00:00+00:00,0,,resolved_loss,-0.6867,0.9617,-0.6867,resolved_loss
ws_20250912_SPY,SPY,2025-09-12T09:00:00+00:00,0,,resolved_loss,-0.1839,0.3074,-0.1839,resolved_loss
ws_20250912_QQQ,QQQ,2025-09-12T09:00:00+00:00,0,,resolved_win,0.4788,1.9285,0.4788,resolved_win
ws_20250912_IWM,IWM,2025-09-12T09:00:00+00:00,0,,resolved_loss,-0.4182,1.099,-0.4182,resolved_loss
ws_20250913_NVDA,NVDA,2025-09-13T09:00:00+00:00,0,,resolved_loss,-0.495,-0.7565,-0.495,resolved_loss
ws_20250913_TSLA,TSLA,2025-09-13T09:00:00+00:00,0,,resolved_win,2.5758,7.5934,2.5758,resolved_win
ws_20250913_GOOGL,GOOGL,2025-09-13T09:00:00+00:00,0,,resolved_win,0.947,5.5961,0.947,resolved_win
ws_20250913_META,META,2025-09-13T09:00:00+00:00,0,,resolved_win,1.0109,2.7544,1.0109,resolved_win
ws_20250913_AMZN,AMZN,2025-09-13T09:00:00+00:00,0,,resolved_win,1.0828,1.4774,1.0828,resolved_win
ws_20250913_AAPL,AAPL,2025-09-13T09:00:00+00:00,0,,resolved_win,1.098,4.5917,1.098,resolved_win
ws_20250913_MSFT,MSFT,2025-09-13T09:00:00+00:00,0,,resolved_loss,-0.4413,0.9455,-0.4413,resolved_loss
ws_20250913_NFLX,NFLX,2025-09-13T09:00:00+00:00,0,,resolved_loss,-0.727,-89.6759,-0.727,resolved_loss
ws_20250913_AMD,AMD,2025-09-13T09:00:00+00:00,0,,resolved_win,1.7795,-0.6815,1.7795,resolved_win
ws_20250913_COIN,COIN,2025-09-13T09:00:00+00:00,0,,resolved_win,2.1864,6.0543,2.1864,resolved_win
ws_20250913_RBLX,RBLX,2025-09-13T09:00:00+00:00,0,,resolved_win,2.1449,1.3799,2.1449,resolved_win
ws_20250913_CRWD,CRWD,2025-09-13T09:00:00+00:00,0,,resolved_win,1.4952,15.2505,1.4952,resolved_win
ws_20250913_ZS,ZS,2025-09-13T09:00:00+00:00,0,,resolved_win,1.4263,3.9159,1.4263,resolved_win
ws_20250913_PANW,PANW,2025-09-13T09:00:00+00:00,0,,resolved_win,1.1206,6.0409,1.1206,resolved_win
ws_20250913_ABNB,ABNB,2025-09-13T09:00:00+00:00,0,,resolved_loss,-0.6203,3.6807,-0.6203,resolved_loss
ws_20250913_UBER,UBER,2025-09-13T09:00:00+00:00,0,,resolved_win,1.4706,2.743,1.4706,resolved_win
ws_20250913_SHOP,SHOP,2025-09-13T09:00:00+00:00,0,,resolved_win,1.5141,6.9634,1.5141,resolved_win
ws_20250913_CRM,CRM,2025-09-13T09:00:00+00:00,0,,resolved_loss,-0.6426,1.101,-0.6426,resolved_loss
ws_20250913_ORCL,ORCL,2025-09-13T09:00:00+00:00,0,,resolved_win,3.05,4.8312,3.05,resolved_win
ws_20250913_ADBE,ADBE,2025-09-13T09:00:00+00:00,0,,resolved_win,2.8343,4.7554,2.8343,resolved_win
ws_20250913_NOW,NOW,2025-09-13T09:00:00+00:00,0,,resolved_loss,-0.5015,-79.3112,-0.5015,resolved_loss
ws_20250913_WDAY,WDAY,2025-09-13T09:00:00+00:00,0,,resolved_loss,-0.7388,4.6028,-0.7388,resolved_loss
ws_20250913_VEEV,VEEV,2025-09-13T09:00:00+00:00,0,,resolved_loss,-0.6729,0.4993,-0.6729,resolved_loss
ws_20250913_ZM,ZM,2025-09-13T09:00:00+00:00,0,,resolved_win,1.1255,0.2322,1.1255,resolved_win
ws_20250913_OKTA,OKTA,2025-09-13T09:00:00+00:00,0,,resolved_win,1.3174,3.3654,1.3174,resolved_win
ws_20250913_FTNT,FTNT,2025-09-13T09:00:00+00:00,0,,resolved_win,1.1046,5.6985,1.1046,resolved_win
ws_20250913_MRNA,MRNA,2025-09-13T09:00:00+00:00,0,,resolved_win,4.5513,7.3586,4.5513,resolved_win
ws_20250913_BNTX,BNTX,2025-09-13T09:00:00+00:00,0,,resolved_win,4.4454,-0.5272,4.4454,resolved_win
ws_20250913_UNH,UNH,2025-09-13T09:00:00+00:00,0,,resolved_loss,-0.9501,-5.8763,-0.9501,resolved_loss
ws_20250913_JNJ,JNJ,2025-09-13T09:00:00+00:00,0,,resolved_loss,-0.3425,-2.7646,-0.3425,resolved_loss
ws_20250913_PFE,PFE,2025-09-13T09:00:00+00:00,0,,resolved_loss,-0.7949,-4.3613,-0.7949,resolved_loss
ws_20250913_JPM,JPM,2025-09-13T09:00:00+00:00,0,,resolved_loss,-0.3649,1.0923,-0.3649,resolved_loss
ws_20250913_BAC,BAC,2025-09-13T09:00:00+00:00,0,,resolved_loss,-0.3757,1.6818,-0.3757,resolved_loss
ws_20250913_GS,GS,2025-09-13T09:00:00+00:00,0,,resolved_loss,-0.5045,1.7186,-0.5045,resolved_loss
ws_20250913_WFC,WFC,2025-09-13T09:00:00+00:00,0,,resolved_loss,-0.4173,2.2576,-0.4173,resolved_loss
ws_20250913_XOM,XOM,2025-09-13T09:00:00+00:00,0,,resolved_loss,-0.4056,-1.6337,-0.4056,resolved_loss
ws_20250913_CVX,CVX,2025-09-13T09:00:00+00:00,0,,resolved_loss,-0.4264,-3.5197,-0.4264,resolved_loss
ws_20250913_COP,COP,2025-09-13T09:00:00+00:00,0,,resolved_loss,-0.6112,-2.9534,-0.6112,resolved_loss
ws_20250913_SLB,SLB,2025-09-13T09:00:00+00:00,0,,resolved_loss,-0.7312,-4.9979,-0.7312,resolved_loss
ws_20250913_PYPL,PYPL,2025-09-13T09:00:00+00:00,0,,resolved_win,0.8971,1.1278,0.8971,resolved_win
ws_20250913_SPY,SPY,2025-09-13T09:00:00+00:00,0,,resolved_loss,-0.1734,0.3867,-0.1734,resolved_loss
ws_20250913_QQQ,QQQ,2025-09-13T09:00:00+00:00,0,,resolved_win,0.4023,1.7851,0.4023,resolved_win
ws_20250913_IWM,IWM,2025-09-13T09:00:00+00:00,0,,resolved_loss,-0.3441,1.4342,-0.3441,resolved_loss
ws_20250915_NVDA,NVDA,2025-09-15T09:00:00+00:00,0,,resolved_loss,-0.8575,3.1159,-0.8575,resolved_loss
ws_20250915_TSLA,TSLA,2025-09-15T09:00:00+00:00,0,,resolved_loss,-2.0438,3.4905,-2.0438,resolved_loss
ws_20250915_GOOGL,GOOGL,2025-09-15T09:00:00+00:00,0,,resolved_loss,-1.0655,1.1485,-1.0655,resolved_loss
ws_20250915_META,META,2025-09-15T09:00:00+00:00,0,,resolved_win,1.5182,-0.197,1.5182,resolved_win
ws_20250915_AMZN,AMZN,2025-09-15T09:00:00+00:00,0,,resolved_loss,-0.7093,-2.1451,-0.7093,resolved_loss
ws_20250915_AAPL,AAPL,2025-09-15T09:00:00+00:00,0,,resolved_win,1.3266,7.7163,1.3266,resolved_win
ws_20250915_MSFT,MSFT,2025-09-15T09:00:00+00:00,0,,resolved_loss,-0.532,-0.3776,-0.532,resolved_loss
ws_20250915_NFLX,NFLX,2025-09-15T09:00:00+00:00,0,,resolved_loss,-0.8275,-89.7629,-0.8275,resolved_loss
ws_20250915_AMD,AMD,2025-09-15T09:00:00+00:00,0,,resolved_loss,-1.134,-0.2602,-1.134,resolved_loss
ws_20250915_SMCI,SMCI,2025-09-15T09:00:00+00:00,0,,resolved_loss,-1.5764,3.4099,-1.5764,resolved_loss
ws_20250915_AVGO,AVGO,2025-09-15T09:00:00+00:00,0,,resolved_loss,-0.936,-6.2836,-0.936,resolved_loss
ws_20250915_ARM,ARM,2025-09-15T09:00:00+00:00,0,,resolved_loss,-1.1351,-5.7473,-1.1351,resolved_loss
ws_20250915_PLTR,PLTR,2025-09-15T09:00:00+00:00,0,,resolved_loss,-1.2657,6.0622,-1.2657,resolved_loss
ws_20250915_SNOW,SNOW,2025-09-15T09:00:00+00:00,0,,resolved_loss,-0.9201,1.0522,-0.9201,resolved_loss
ws_20250915_COIN,COIN,2025-09-15T09:00:00+00:00,0,,resolved_loss,-1.4318,2.1023,-1.4318,resolved_loss
ws_20250915_RBLX,RBLX,2025-09-15T09:00:00+00:00,0,,resolved_loss,-1.3228,-1.8892,-1.3228,resolved_loss
ws_20250915_CRWD,CRWD,2025-09-15T09:00:00+00:00,0,,resolved_loss,-1.0264,10.6328,-1.0264,resolved_loss
ws_20250915_ZS,ZS,2025-09-15T09:00:00+00:00,0,,resolved_loss,-0.8454,1.8621,-0.8454,resolved_loss
ws_20250915_PANW,PANW,2025-09-15T09:00:00+00:00,0,,resolved_loss,-0.8465,3.665,-0.8465,resolved_loss
ws_20250915_ABNB,ABNB,2025-09-15T09:00:00+00:00,0,,resolved_win,1.7204,4.2553,1.7204,resolved_win
ws_20250915_UBER,UBER,2025-09-15T09:00:00+00:00,0,,resolved_win,2.1778,1.9624,2.1778,resolved_win
ws_20250915_SHOP,SHOP,2025-09-15T09:00:00+00:00,0,,resolved_win,1.9597,8.228,1.9597,resolved_win
ws_20250915_RIOT,RIOT,2025-09-15T09:00:00+00:00,0,,resolved_win,4.2421,3.8268,4.2421,resolved_win
ws_20250915_MARA,MARA,2025-09-15T09:00:00+00:00,0,,resolved_win,3.8209,15.8123,3.8209,resolved_win
ws_20250915_MSTR,MSTR,2025-09-15T09:00:00+00:00,0,,resolved_win,3.0135,3.7205,3.0135,resolved_win
ws_20250915_SOFI,SOFI,2025-09-15T09:00:00+00:00,0,,resolved_loss,-1.7717,8.895,-1.7717,resolved_loss
ws_20250915_RIVN,RIVN,2025-09-15T09:00:00+00:00,0,,resolved_win,3.5763,12.03,3.5763,resolved_win
ws_20250915_LCID,LCID,2025-09-15T09:00:00+00:00,0,,resolved_win,3.4831,15.7608,3.4831,resolved_win
ws_20250915_CRM,CRM,2025-09-15T09:00:00+00:00,0,,resolved_loss,-0.8251,2.3123,-0.8251,resolved_loss
ws_20250915_ORCL,ORCL,2025-09-15T09:00:00+00:00,0,,resolved_win,3.5113,7.5447,3.5113,resolved_win
ws_20250915_ADBE,ADBE,2025-09-15T09:00:00+00:00,0,,resolved_win,2.8638,4.2642,2.8638,resolved_win
ws_20250915_NOW,NOW,2025-09-15T09:00:00+00:00,0,,resolved_loss,-0.7161,-79.9778,-0.7161,resolved_loss
ws_20250915_WDAY,WDAY,2025-09-15T09:00:00+00:00,0,,resolved_loss,-0.8537,9.6075,-0.8537,resolved_loss
ws_20250915_VEEV,VEEV,2025-09-15T09:00:00+00:00,0,,resolved_loss,-0.8146,1.3301,-0.8146,resolved_loss
ws_20250915_ZM,ZM,2025-09-15T09:00:00+00:00,0,,resolved_win,1.305,-0.9017,1.305,resolved_win
ws_20250915_OKTA,OKTA,2025-09-15T09:00:00+00:00,0,,resolved_loss,-0.7707,2.4452,-0.7707,resolved_loss
ws_20250915_FTNT,FTNT,2025-09-15T09:00:00+00:00,0,,resolved_win,1.4966,6.4688,1.4966,resolved_win
ws_20250915_NET,NET,2025-09-15T09:00:00+00:00,0,,resolved_loss,-1.0326,-0.012,-1.0326,resolved_loss
ws_20250915_DDOG,DDOG,2025-09-15T09:00:00+00:00,0,,resolved_loss,-1.1788,-0.8564,-1.1788,resolved_loss
ws_20250915_MDB,MDB,2025-09-15T09:00:00+00:00,0,,resolved_loss,-1.4109,-4.8852,-1.4109,resolved_loss
ws_20250915_TEAM,TEAM,2025-09-15T09:00:00+00:00,0,,resolved_loss,-0.9394,-2.5556,-0.9394,resolved_loss
ws_20250915_INTU,INTU,2025-09-15T09:00:00+00:00,0,,resolved_win,1.4718,8.4972,1.4718,resolved_win
ws_20250915_ADP,ADP,2025-09-15T09:00:00+00:00,0,,resolved_loss,-0.4336,-0.8164,-0.4336,resolved_loss
ws_20250915_MRNA,MRNA,2025-09-15T09:00:00+00:00,0,,resolved_win,4.0747,12.7334,4.0747,resolved_win
ws_20250915_BNTX,BNTX,2025-09-15T09:00:00+00:00,0,,resolved_loss,-1.7578,0.8891,-1.7578,resolved_loss
ws_20250915_UNH,UNH,2025-09-15T09:00:00+00:00,0,,resolved_loss,-1.2704,-3.6378,-1.2704,resolved_loss
ws_20250915_JNJ,JNJ,2025-09-15T09:00:00+00:00,0,,resolved_loss,-0.4453,-3.4997,-0.4453,resolved_loss
ws_20250915_PFE,PFE,2025-09-15T09:00:00+00:00,0,,resolved_loss,-0.7999,-3.7169,-0.7999,resolved_loss
ws_20250915_LLY,LLY,2025-09-15T09:00:00+00:00,0,,resolved_win,1.3856,0.7251,1.3856,resolved_win
ws_20250915_MRK,MRK,2025-09-15T09:00:00+00:00,0,,resolved_loss,-0.6836,-2.4071,-0.6836,resolved_loss
ws_20250915_ABBV,ABBV,2025-09-15T09:00:00+00:00,0,,resolved_loss,-0.6984,1.2287,-0.6984,resolved_loss
ws_20250915_TMO,TMO,2025-09-15T09:00:00+00:00,0,,resolved_win,1.5686,-0.2977,1.5686,resolved_win
ws_20250915_DHR,DHR,2025-09-15T09:00:00+00:00,0,,resolved_win,1.6176,1.1411,1.6176,resolved_win
ws_20250915_ISRG,ISRG,2025-09-15T09:00:00+00:00,0,,resolved_loss,-0.8165,1.103,-0.8165,resolved_loss
ws_20250915_CVS,CVS,2025-09-15T09:00:00+00:00,0,,resolved_loss,-0.8423,0.3486,-0.8423,resolved_loss
ws_20250915_JPM,JPM,2025-09-15T09:00:00+00:00,0,,resolved_loss,-0.4928,-0.0201,-0.4928,resolved_loss
ws_20250915_BAC,BAC,2025-09-15T09:00:00+00:00,0,,resolved_loss,-0.523,0.8502,-0.523,resolved_loss
ws_20250915_GS,GS,2025-09-15T09:00:00+00:00,0,,resolved_loss,-0.6427,1.2176,-0.6427,resolved_loss
ws_20250915_WFC,WFC,2025-09-15T09:00:00+00:00,0,,resolved_loss,-0.5482,3.2597,-0.5482,resolved_loss
ws_20250915_MS,MS,2025-09-15T09:00:00+00:00,0,,resolved_loss,-0.5934,0.8248,-0.5934,resolved_loss
ws_20250915_C,C,2025-09-15T09:00:00+00:00,0,,resolved_loss,-0.502,2.2704,-0.502,resolved_loss
ws_20250915_SCHW,SCHW,2025-09-15T09:00:00+00:00,0,,resolved_loss,-0.538,0.6135,-0.538,resolved_loss
ws_20250915_XOM,XOM,2025-09-15T09:00:00+00:00,0,,resolved_loss,-0.531,-2.2092,-0.531,resolved_loss
ws_20250915_CVX,CVX,2025-09-15T09:00:00+00:00,0,,resolved_loss,-0.5459,-3.8632,-0.5459,resolved_loss
ws_20250915_COP,COP,2025-09-15T09:00:00+00:00,0,,resolved_loss,-0.7824,-2.4203,-0.7824,resolved_loss
ws_20250915_SLB,SLB,2025-09-15T09:00:00+00:00,0,,resolved_loss,-1.0983,-6.0326,-1.0983,resolved_loss
ws_20250915_OXY,OXY,2025-09-15T09:00:00+00:00,0,,resolved_win,1.4314,-0.7432,1.4314,resolved_win
ws_20250915_DVN,DVN,2025-09-15T09:00:00+00:00,0,,resolved_win,1.8584,-1.6808,1.8584,resolved_win
ws_20250915_EOG,EOG,2025-09-15T09:00:00+00:00,0,,resolved_loss,-0.7171,-4.0801,-0.7171,resolved_loss
ws_20250915_EQT,EQT,2025-09-15T09:00:00+00:00,0,,resolved_loss,-1.0338,-2.4461,-1.0338,resolved_loss
ws_20250915_FSLR,FSLR,2025-09-15T09:00:00+00:00,0,,resolved_win,3.018,7.3931,3.018,resolved_win
ws_20250915_ENPH,ENPH,2025-09-15T09:00:00+00:00,0,,resolved_win,3.2566,7.228,3.2566,resolved_win
ws_20250915_PYPL,PYPL,2025-09-15T09:00:00+00:00,0,,resolved_loss,-0.6342,0.1252,-0.6342,resolved_loss
ws_20250915_V,V,2025-09-15T09:00:00+00:00,0,,resolved_loss,-0.494,0.6388,-0.494,resolved_loss
ws_20250915_MA,MA,2025-09-15T09:00:00+00:00,0,,resolved_loss,-0.4793,-0.0491,-0.4793,resolved_loss
ws_20250915_AXP,AXP,2025-09-15T09:00:00+00:00,0,,resolved_loss,-0.5892,3.2741,-0.5892,resolved_loss
ws_20250915_SPY,SPY,2025-09-15T09:00:00+00:00,0,,resolved_loss,-0.1907,0.3685,-0.1907,resolved_loss
ws_20250915_QQQ,QQQ,2025-09-15T09:00:00+00:00,0,,resolved_loss,-0.2268,1.6599,-0.2268,resolved_loss
ws_20250915_IWM,IWM,2025-09-15T09:00:00+00:00,0,,resolved_loss,-0.4259,1.5286,-0.4259,resolved_loss
ws_20250915_DIA,DIA,2025-09-15T09:00:00+00:00,0,,resolved_loss,-0.259,0.0789,-0.259,resolved_loss
ws_20250915_XLK,XLK,2025-09-15T09:00:00+00:00,0,,resolved_loss,-0.3008,-48.2995,-0.3008,resolved_loss
ws_20250915_XLF,XLF,2025-09-15T09:00:00+00:00,0,,resolved_loss,-0.3442,-0.3875,-0.3442,resolved_loss
ws_20250915_XLV,XLV,2025-09-15T09:00:00+00:00,0,,resolved_loss,-0.3797,-1.0707,-0.3797,resolved_loss
ws_20250915_XLE,XLE,2025-09-15T09:00:00+00:00,0,,resolved_loss,-0.5426,-51.1843,-0.5426,resolved_loss
ws_20250915_XLY,XLY,2025-09-15T09:00:00+00:00,0,,resolved_loss,-0.4588,-50.5551,-0.4588,resolved_loss
ws_20250915_XLI,XLI,2025-09-15T09:00:00+00:00,0,,resolved_loss,-0.322,-0.0785,-0.322,resolved_loss
ws_20250915_XLP,XLP,2025-09-15T09:00:00+00:00,0,,resolved_loss,-0.287,-3.6004,-0.287,resolved_loss
ws_20250915_XLB,XLB,2025-09-15T09:00:00+00:00,0,,resolved_loss,-0.3946,-50.9492,-0.3946,resolved_loss
ws_20250915_XLU,XLU,2025-09-15T09:00:00+00:00,0,,resolved_loss,-0.3494,-51.1009,-0.3494,resolved_loss
ws_20250915_XLC,XLC,2025-09-15T09:00:00+00:00,0,,resolved_loss,-0.375,-0.7026,-0.375,resolved_loss
ws_20250915_XLRE,XLRE,2025-09-15T09:00:00+00:00,0,,resolved_loss,-0.3772,-3.4788,-0.3772,resolved_loss
ws_20250915_SMH,SMH,2025-09-15T09:00:00+00:00,0,,resolved_loss,-0.4444,4.9474,-0.4444,resolved_loss
ws_20250915_SOXX,SOXX,2025-09-15T09:00:00+00:00,0,,resolved_win,0.9301,4.7863,0.9301,resolved_win
ws_20250915_COST,COST,2025-09-15T09:00:00+00:00,0,,resolved_loss,-0.4204,-2.5047,-0.4204,resolved_loss
ws_20250915_WMT,WMT,2025-09-15T09:00:00+00:00,0,,resolved_loss,-0.4393,-1.4368,-0.4393,resolved_loss
ws_20250915_TGT,TGT,2025-09-15T09:00:00+00:00,0,,resolved_loss,-0.5182,-5.5651,-0.5182,resolved_loss
ws_20250915_HD,HD,2025-09-15T09:00:00+00:00,0,,resolved_loss,-0.5706,-3.8448,-0.5706,resolved_loss
ws_20250915_LOW,LOW,2025-09-15T09:00:00+00:00,0,,resolved_loss,-0.5223,-5.2342,-0.5223,resolved_loss
ws_20250915_NKE,NKE,2025-09-15T09:00:00+00:00,0,,resolved_loss,-0.6799,-4.2143,-0.6799,resolved_loss
ws_20250915_MCD,MCD,2025-09-15T09:00:00+00:00,0,,resolved_loss,-0.5534,-1.5751,-0.5534,resolved_loss
ws_20250915_SBUX,SBUX,2025-09-15T09:00:00+00:00,0,,resolved_loss,-0.822,0.3725,-0.822,resolved_loss
ws_20250915_BKNG,BKNG,2025-09-15T09:00:00+00:00,0,,resolved_loss,-0.6571,-96.0642,-0.6571,resolved_loss
ws_20250915_TJX,TJX,2025-09-15T09:00:00+00:00,0,,resolved_loss,-0.48,-1.6725,-0.48,resolved_loss
ws_20250915_ROST,ROST,2025-09-15T09:00:00+00:00,0,,resolved_loss,-0.5698,-2.4807,-0.5698,resolved_loss
ws_20250915_CAT,CAT,2025-09-15T09:00:00+00:00,0,,resolved_win,1.3541,8.1772,1.3541,resolved_win
ws_20250915_DE,DE,2025-09-15T09:00:00+00:00,0,,resolved_loss,-0.7357,0.0459,-0.7357,resolved_loss
ws_20250915_GE,GE,2025-09-15T09:00:00+00:00,0,,resolved_win,1.3179,4.8248,1.3179,resolved_win
ws_20250915_BA,BA,2025-09-15T09:00:00+00:00,0,,resolved_loss,-0.8586,-1.8352,-0.8586,resolved_loss
ws_20250915_LMT,LMT,2025-09-15T09:00:00+00:00,0,,resolved_loss,-0.4126,-0.5611,-0.4126,resolved_loss
ws_20250915_RTX,RTX,2025-09-15T09:00:00+00:00,0,,resolved_loss,-0.5383,0.001,-0.5383,resolved_loss
ws_20250915_NOC,NOC,2025-09-15T09:00:00+00:00,0,,resolved_loss,-0.5405,-0.8702,-0.5405,resolved_loss
ws_20250916_ADP,ADP,2025-09-16T09:00:00+00:00,2,,resolved_loss,-0.8355,-0.7841,-0.8355,resolved_loss
ws_20250916_AMD,AMD,2025-09-16T09:00:00+00:00,1,,resolved_loss,-0.883,0.7577,-0.883,resolved_loss
ws_20250916_CRM,CRM,2025-09-16T09:00:00+00:00,1,,resolved_win,1.6629,1.3707,1.6629,resolved_win
ws_20250916_WDAY,WDAY,2025-09-16T09:00:00+00:00,1,,resolved_win,1.8629,8.9294,1.8629,resolved_win
ws_20250916_VEEV,VEEV,2025-09-16T09:00:00+00:00,1,,resolved_win,1.3835,2.1935,1.3835,resolved_win
ws_20250916_NET,NET,2025-09-16T09:00:00+00:00,1,,resolved_loss,-1.0801,0.8994,-1.0801,resolved_loss
ws_20250916_DDOG,DDOG,2025-09-16T09:00:00+00:00,1,,resolved_loss,-1.2289,1.1774,-1.2289,resolved_loss
ws_20250916_ZS,ZS,2025-09-16T09:00:00+00:00,1,,resolved_loss,-0.9772,2.8002,-0.9772,resolved_loss
ws_20250916_SOFI,SOFI,2025-09-16T09:00:00+00:00,1,,resolved_loss,-1.5039,8.2044,-1.5039,resolved_loss
ws_20250916_RIVN,RIVN,2025-09-16T09:00:00+00:00,1,,resolved_win,4.0066,11.5485,4.0066,resolved_win
ws_20250916_UNH,UNH,2025-09-16T09:00:00+00:00,1,,resolved_loss,-1.0728,0.4525,-1.0728,resolved_loss
ws_20250916_MRK,MRK,2025-09-16T09:00:00+00:00,1,,resolved_loss,-0.648,-2.7252,-0.648,resolved_loss
ws_20250916_SLB,SLB,2025-09-16T09:00:00+00:00,1,,resolved_loss,-1.0584,-3.199,-1.0584,resolved_loss
ws_20250916_PYPL,PYPL,2025-09-16T09:00:00+00:00,1,,resolved_win,1.38,0.6441,1.38,resolved_win
ws_20250916_AXP,AXP,2025-09-16T09:00:00+00:00,1,,resolved_win,1.1161,4.4524,1.1161,resolved_win
ws_20250916_SPY,SPY,2025-09-16T09:00:00+00:00,1,,resolved_loss,-0.1813,-0.0107,-0.1813,resolved_loss
ws_20250916_IWM,IWM,2025-09-16T09:00:00+00:00,1,,resolved_win,0.856,2.2954,0.856,resolved_win
ws_20250916_DIA,DIA,2025-09-16T09:00:00+00:00,1,,resolved_loss,-0.2596,0.1307,-0.2596,resolved_loss
ws_20250916_XLF,XLF,2025-09-16T09:00:00+00:00,1,,resolved_loss,-0.347,-0.0304,-0.347,resolved_loss
ws_20250916_XLI,XLI,2025-09-16T09:00:00+00:00,1,,resolved_loss,-0.3366,0.3697,-0.3366,resolved_loss
ws_20250916_XLB,XLB,2025-09-16T09:00:00+00:00,1,,resolved_loss,-0.4195,-50.7558,-0.4195,resolved_loss
ws_20250916_XLC,XLC,2025-09-16T09:00:00+00:00,1,,resolved_loss,-0.3473,-0.3283,-0.3473,resolved_loss
ws_20250916_XLRE,XLRE,2025-09-16T09:00:00+00:00,1,,resolved_loss,-0.3802,-1.9283,-0.3802,resolved_loss
ws_20250916_TXN,TXN,2025-09-16T09:00:00+00:00,1,,resolved_loss,-0.8902,0.492,-0.8902,resolved_loss
ws_20250916_BK,BK,2025-09-16T09:00:00+00:00,1,,resolved_loss,-0.6179,1.9242,-0.6179,resolved_loss
ws_20250916_PNC,PNC,2025-09-16T09:00:00+00:00,1,,resolved_loss,-0.6183,-0.2888,-0.6183,resolved_loss
ws_20250916_VALE,VALE,2025-09-16T09:00:00+00:00,1,,resolved_loss,-0.6604,-4.3432,-0.6604,resolved_loss
ws_20250916_COST,COST,2025-09-16T09:00:00+00:00,1,,resolved_loss,-0.4478,-1.4455,-0.4478,resolved_loss
ws_20250916_NKE,NKE,2025-09-16T09:00:00+00:00,1,,resolved_loss,-0.6431,-4.0255,-0.6431,resolved_loss
ws_20250916_ROST,ROST,2025-09-16T09:00:00+00:00,1,,resolved_loss,-0.5464,-1.1224,-0.5464,resolved_loss
ws_20250916_BA,BA,2025-09-16T09:00:00+00:00,1,,resolved_win,1.3551,1.0935,1.3551,resolved_win
ws_20250916_VNQ,VNQ,2025-09-16T09:00:00+00:00,1,,resolved_loss,-0.385,-2.9273,-0.385,resolved_loss
ws_20250916_EFA,EFA,2025-09-16T09:00:00+00:00,1,,resolved_loss,-0.2146,-1.8113,-0.2146,resolved_loss
ws_20250916_BETR,BETR,2025-09-16T09:00:00+00:00,1,,resolved_win,4.5349,162.5969,4.5349,resolved_win
ws_20250916_WINA,WINA,2025-09-16T09:00:00+00:00,1,,resolved_loss,-1.0358,-3.4411,-1.0358,resolved_loss
ws_20250916_NFLX,NFLX,2025-09-16T09:00:00+00:00,0,,resolved_loss,-0.6371,-89.8862,-0.6371,resolved_loss
ws_20250916_AMZN,AMZN,2025-09-16T09:00:00+00:00,0,,resolved_loss,-0.771,-6.146,-0.771,resolved_loss
ws_20250916_MSFT,MSFT,2025-09-16T09:00:00+00:00,0,,resolved_loss,-0.477,-1.2797,-0.477,resolved_loss
ws_20250916_META,META,2025-09-16T09:00:00+00:00,0,,resolved_win,1.4534,-1.7869,1.4534,resolved_win
ws_20250916_NVDA,NVDA,2025-09-16T09:00:00+00:00,0,,resolved_loss,-0.7308,1.4105,-0.7308,resolved_loss
ws_20250916_GOOGL,GOOGL,2025-09-16T09:00:00+00:00,0,,resolved_loss,-0.7769,0.0632,-0.7769,resolved_loss
ws_20250916_TSLA,TSLA,2025-09-16T09:00:00+00:00,0,,resolved_loss,-1.6277,1.8598,-1.6277,resolved_loss
ws_20250916_AAPL,AAPL,2025-09-16T09:00:00+00:00,0,,resolved_loss,-0.7094,6.1802,-0.7094,resolved_loss
ws_20250916_PLTR,PLTR,2025-09-16T09:00:00+00:00,0,,resolved_loss,-1.0022,7.2971,-1.0022,resolved_loss
ws_20250916_ARM,ARM,2025-09-16T09:00:00+00:00,0,,resolved_loss,-1.0913,-7.8677,-1.0913,resolved_loss
ws_20250916_SNOW,SNOW,2025-09-16T09:00:00+00:00,0,,resolved_win,2.5865,3.1773,2.5865,resolved_win
ws_20250916_SMCI,SMCI,2025-09-16T09:00:00+00:00,0,,resolved_loss,-1.3534,4.2367,-1.3534,resolved_loss
ws_20250916_AVGO,AVGO,2025-09-16T09:00:00+00:00,0,,resolved_loss,-0.9656,-5.7895,-0.9656,resolved_loss
ws_20250916_ORCL,ORCL,2025-09-16T09:00:00+00:00,0,,resolved_loss,-1.8833,1.9825,-1.8833,resolved_loss
ws_20250916_ZM,ZM,2025-09-16T09:00:00+00:00,0,,resolved_win,1.3291,-2.8699,1.3291,resolved_win
ws_20250916_NOW,NOW,2025-09-16T09:00:00+00:00,0,,resolved_loss,-0.9269,-80.0957,-0.9269,resolved_loss
ws_20250916_ADBE,ADBE,2025-09-16T09:00:00+00:00,0,,resolved_win,2.4829,3.13,2.4829,resolved_win
ws_20250916_FTNT,FTNT,2025-09-16T09:00:00+00:00,0,,resolved_loss,-0.8016,5.9715,-0.8016,resolved_loss
ws_20250916_OKTA,OKTA,2025-09-16T09:00:00+00:00,0,,resolved_win,1.7676,2.5014,1.7676,resolved_win
ws_20250916_MDB,MDB,2025-09-16T09:00:00+00:00,0,,resolved_loss,-1.2653,-2.6329,-1.2653,resolved_loss
ws_20250916_RBLX,RBLX,2025-09-16T09:00:00+00:00,0,,resolved_loss,-1.3454,-2.525,-1.3454,resolved_loss
ws_20250916_COIN,COIN,2025-09-16T09:00:00+00:00,0,,resolved_loss,-1.3148,-1.213,-1.3148,resolved_loss
ws_20250916_TEAM,TEAM,2025-09-16T09:00:00+00:00,0,,resolved_loss,-1.0861,-5.2878,-1.0861,resolved_loss
ws_20250916_CRWD,CRWD,2025-09-16T09:00:00+00:00,0,,resolved_loss,-1.1085,8.8477,-1.1085,resolved_loss
ws_20250916_INTU,INTU,2025-09-16T09:00:00+00:00,0,,resolved_win,1.4741,6.6905,1.4741,resolved_win
ws_20250916_PANW,PANW,2025-09-16T09:00:00+00:00,0,,resolved_win,1.536,1.3615,1.536,resolved_win
ws_20250916_ABNB,ABNB,2025-09-16T09:00:00+00:00,0,,resolved_win,1.5728,2.2351,1.5728,resolved_win
ws_20250916_UBER,UBER,2025-09-16T09:00:00+00:00,0,,resolved_loss,-0.9389,-0.1939,-0.9389,resolved_loss
ws_20250916_RIOT,RIOT,2025-09-16T09:00:00+00:00,0,,resolved_win,3.8991,0.0879,3.8991,resolved_win
ws_20250916_SHOP,SHOP,2025-09-16T09:00:00+00:00,0,,resolved_win,2.4115,3.0161,2.4115,resolved_win
ws_20250916_MARA,MARA,2025-09-16T09:00:00+00:00,0,,resolved_loss,-2.3851,3.025,-2.3851,resolved_loss
ws_20250916_MSTR,MSTR,2025-09-16T09:00:00+00:00,0,,resolved_win,2.5842,-0.5235,2.5842,resolved_win
ws_20250916_LCID,LCID,2025-09-16T09:00:00+00:00,0,,resolved_win,3.8596,11.4787,3.8596,resolved_win
ws_20250916_MRNA,MRNA,2025-09-16T09:00:00+00:00,0,,resolved_win,3.5931,4.1179,3.5931,resolved_win
ws_20250916_BNTX,BNTX,2025-09-16T09:00:00+00:00,0,,resolved_loss,-1.1101,-0.8275,-1.1101,resolved_loss
ws_20250916_JNJ,JNJ,2025-09-16T09:00:00+00:00,0,,resolved_loss,-0.4942,-1.9797,-0.4942,resolved_loss
ws_20250916_PFE,PFE,2025-09-16T09:00:00+00:00,0,,resolved_loss,-0.6468,-4.2642,-0.6468,resolved_loss
ws_20250916_LLY,LLY,2025-09-16T09:00:00+00:00,0,,resolved_loss,-1.0017,-2.2753,-1.0017,resolved_loss
ws_20250916_TMO,TMO,2025-09-16T09:00:00+00:00,0,,resolved_loss,-0.9551,-1.9952,-0.9551,resolved_loss
ws_20250916_DHR,DHR,2025-09-16T09:00:00+00:00,0,,resolved_win,1.6757,-0.5526,1.6757,resolved_win
ws_20250916_ABBV,ABBV,2025-09-16T09:00:00+00:00,0,,resolved_loss,-0.6523,0.2414,-0.6523,resolved_loss
ws_20250916_ISRG,ISRG,2025-09-16T09:00:00+00:00,0,,resolved_loss,-0.9112,2.6443,-0.9112,resolved_loss
ws_20250916_JPM,JPM,2025-09-16T09:00:00+00:00,0,,resolved_loss,-0.5447,0.2494,-0.5447,resolved_loss
ws_20250916_BAC,BAC,2025-09-16T09:00:00+00:00,0,,resolved_loss,-0.5659,1.021,-0.5659,resolved_loss
ws_20250916_CVS,CVS,2025-09-16T09:00:00+00:00,0,,resolved_loss,-0.853,1.8159,-0.853,resolved_loss
ws_20250916_GS,GS,2025-09-16T09:00:00+00:00,0,,resolved_loss,-0.5918,1.7947,-0.5918,resolved_loss
ws_20250916_MS,MS,2025-09-16T09:00:00+00:00,0,,resolved_loss,-0.5518,1.4257,-0.5518,resolved_loss
ws_20250916_WFC,WFC,2025-09-16T09:00:00+00:00,0,,resolved_loss,-0.6207,3.0828,-0.6207,resolved_loss
ws_20250916_C,C,2025-09-16T09:00:00+00:00,0,,resolved_win,0.9563,2.0526,0.9563,resolved_win
ws_20250916_SCHW,SCHW,2025-09-16T09:00:00+00:00,0,,resolved_loss,-0.6252,2.002,-0.6252,resolved_loss
ws_20250916_XOM,XOM,2025-09-16T09:00:00+00:00,0,,resolved_loss,-0.6103,-2.8185,-0.6103,resolved_loss
ws_20250916_COP,COP,2025-09-16T09:00:00+00:00,0,,resolved_loss,-0.7901,-3.9106,-0.7901,resolved_loss
ws_20250916_CVX,CVX,2025-09-16T09:00:00+00:00,0,,resolved_loss,-0.57,-4.301,-0.57,resolved_loss
ws_20250916_OXY,OXY,2025-09-16T09:00:00+00:00,0,,resolved_loss,-0.9335,-3.6055,-0.9335,resolved_loss
ws_20250916_DVN,DVN,2025-09-16T09:00:00+00:00,0,,resolved_win,1.8625,-2.0423,1.8625,resolved_win
ws_20250916_EQT,EQT,2025-09-16T09:00:00+00:00,0,,resolved_win,2.631,3.0274,2.631,resolved_win
ws_20250916_EOG,EOG,2025-09-16T09:00:00+00:00,0,,resolved_loss,-0.7113,-6.8615,-0.7113,resolved_loss
ws_20250916_FSLR,FSLR,2025-09-16T09:00:00+00:00,0,,resolved_win,2.8419,4.356,2.8419,resolved_win
ws_20250916_ENPH,ENPH,2025-09-16T09:00:00+00:00,0,,resolved_win,4.0667,-4.1437,4.0667,resolved_win
ws_20250916_MA,MA,2025-09-16T09:00:00+00:00,0,,resolved_win,1.145,-2.6007,1.145,resolved_win
ws_20250916_V,V,2025-09-16T09:00:00+00:00,0,,resolved_win,1.2217,-0.4151,1.2217,resolved_win
ws_20250916_QQQ,QQQ,2025-09-16T09:00:00+00:00,0,,resolved_loss,-0.215,0.9966,-0.215,resolved_loss
ws_20250916_XLK,XLK,2025-09-16T09:00:00+00:00,0,,resolved_loss,-0.2863,-48.71,-0.2863,resolved_loss
ws_20250916_XLE,XLE,2025-09-16T09:00:00+00:00,0,,resolved_loss,-0.5406,-51.0382,-0.5406,resolved_loss
ws_20250916_XLV,XLV,2025-09-16T09:00:00+00:00,0,,resolved_loss,-0.3794,-0.9258,-0.3794,resolved_loss
ws_20250916_XLY,XLY,2025-09-16T09:00:00+00:00,0,,resolved_loss,-0.4221,-50.9676,-0.4221,resolved_loss
ws_20250916_XLP,XLP,2025-09-16T09:00:00+00:00,0,,resolved_loss,-0.3142,-2.8637,-0.3142,resolved_loss
ws_20250916_XLU,XLU,2025-09-16T09:00:00+00:00,0,,resolved_loss,-0.3888,-50.2751,-0.3888,resolved_loss
ws_20250916_SMH,SMH,2025-09-16T09:00:00+00:00,0,,resolved_loss,-0.3921,4.7841,-0.3921,resolved_loss
ws_20250916_INTC,INTC,2025-09-16T09:00:00+00:00,0,,resolved_loss,-1.1793,17.2896,-1.1793,resolved_loss
ws_20250916_SOXX,SOXX,2025-09-16T09:00:00+00:00,0,,resolved_win,0.8059,4.7068,0.8059,resolved_win
ws_20250916_QCOM,QCOM,2025-09-16T09:00:00+00:00,0,,resolved_loss,-0.7468,1.3816,-0.7468,resolved_loss
ws_20250916_SAP,SAP,2025-09-16T09:00:00+00:00,0,,resolved_win,1.401,3.6297,1.401,resolved_win
ws_20250916_MU,MU,2025-09-16T09:00:00+00:00,0,,resolved_loss,-0.8548,5.2101,-0.8548,resolved_loss
ws_20250916_ASML,ASML,2025-09-16T09:00:00+00:00,0,,resolved_loss,-0.8173,10.2451,-0.8173,resolved_loss
ws_20250916_AMGN,AMGN,2025-09-16T09:00:00+00:00,0,,resolved_loss,-0.6138,2.5611,-0.6138,resolved_loss
ws_20250916_TSM,TSM,2025-09-16T09:00:00+00:00,0,,resolved_loss,-0.8412,7.3527,-0.8412,resolved_loss
ws_20250916_REGN,REGN,2025-09-16T09:00:00+00:00,0,,resolved_win,1.7752,-1.552,1.7752,resolved_win
ws_20250916_BMY,BMY,2025-09-16T09:00:00+00:00,0,,resolved_loss,-0.7462,-6.2683,-0.7462,resolved_loss
ws_20250916_PG,PG,2025-09-16T09:00:00+00:00,0,,resolved_loss,-0.4063,-5.2445,-0.4063,resolved_loss
ws_20250916_PEP,PEP,2025-09-16T09:00:00+00:00,0,,resolved_loss,-0.5436,-2.3008,-0.5436,resolved_loss
ws_20250916_ZTS,ZTS,2025-09-16T09:00:00+00:00,0,,resolved_loss,-0.7486,-4.5439,-0.7486,resolved_loss
ws_20250916_KO,KO,2025-09-16T09:00:00+00:00,0,,resolved_loss,-0.43,-0.7283,-0.43,resolved_loss
ws_20250916_BLK,BLK,2025-09-16T09:00:00+00:00,0,,resolved_loss,-0.6486,0.3366,-0.6486,resolved_loss
ws_20250916_USB,USB,2025-09-16T09:00:00+00:00,0,,resolved_loss,-0.728,-0.4483,-0.728,resolved_loss
ws_20250916_NEE,NEE,2025-09-16T09:00:00+00:00,0,,resolved_loss,-0.6232,0.3234,-0.6232,resolved_loss
ws_20250916_DUK,DUK,2025-09-16T09:00:00+00:00,0,,resolved_loss,-0.4811,-1.343,-0.4811,resolved_loss
ws_20250916_BP,BP,2025-09-16T09:00:00+00:00,0,,resolved_loss,-0.4783,-3.0467,-0.4783,resolved_loss
ws_20250916_SHEL,SHEL,2025-09-16T09:00:00+00:00,0,,resolved_loss,-0.3871,-3.8175,-0.3871,resolved_loss
ws_20250916_RIO,RIO,2025-09-16T09:00:00+00:00,0,,resolved_loss,-0.4882,-2.6131,-0.4882,resolved_loss
ws_20250916_BHP,BHP,2025-09-16T09:00:00+00:00,0,,resolved_loss,-0.4994,-3.3459,-0.4994,resolved_loss
ws_20250916_WMT,WMT,2025-09-16T09:00:00+00:00,0,,resolved_win,0.8876,-1.6812,0.8876,resolved_win
ws_20250916_TGT,TGT,2025-09-16T09:00:00+00:00,0,,resolved_loss,-0.6052,-5.5096,-0.6052,resolved_loss
ws_20250916_HD,HD,2025-09-16T09:00:00+00:00,0,,resolved_loss,-0.5386,-4.7077,-0.5386,resolved_loss
ws_20250916_LOW,LOW,2025-09-16T09:00:00+00:00,0,,resolved_loss,-0.543,-5.3737,-0.543,resolved_loss
ws_20250916_BKNG,BKNG,2025-09-16T09:00:00+00:00,0,,resolved_loss,-0.6883,-95.9823,-0.6883,resolved_loss
ws_20250916_SBUX,SBUX,2025-09-16T09:00:00+00:00,0,,resolved_loss,-0.8678,0.6626,-0.8678,resolved_loss
ws_20250916_MCD,MCD,2025-09-16T09:00:00+00:00,0,,resolved_loss,-0.5544,-2.3493,-0.5544,resolved_loss
ws_20250916_TJX,TJX,2025-09-16T09:00:00+00:00,0,,resolved_loss,-0.4856,-1.1201,-0.4856,resolved_loss
ws_20250916_PM,PM,2025-09-16T09:00:00+00:00,0,,resolved_loss,-0.763,-1.9405,-0.763,resolved_loss
ws_20250916_CMG,CMG,2025-09-16T09:00:00+00:00,0,,resolved_win,1.7862,1.5304,1.7862,resolved_win
ws_20250916_MO,MO,2025-09-16T09:00:00+00:00,0,,resolved_loss,-0.58,-3.0944,-0.58,resolved_loss
ws_20250916_CAT,CAT,2025-09-16T09:00:00+00:00,0,,resolved_win,1.2587,7.4794,1.2587,resolved_win
ws_20250916_GILD,GILD,2025-09-16T09:00:00+00:00,0,,resolved_loss,-0.8077,1.4158,-0.8077,resolved_loss
ws_20250916_DE,DE,2025-09-16T09:00:00+00:00,0,,resolved_loss,-0.7937,-0.6209,-0.7937,resolved_loss
ws_20250916_GE,GE,2025-09-16T09:00:00+00:00,0,,resolved_loss,-0.9406,3.9537,-0.9406,resolved_loss
ws_20250916_LMT,LMT,2025-09-16T09:00:00+00:00,0,,resolved_loss,-0.6003,0.5447,-0.6003,resolved_loss
ws_20250916_NOC,NOC,2025-09-16T09:00:00+00:00,0,,resolved_loss,-0.7086,-2.1419,-0.7086,resolved_loss
ws_20250916_RTX,RTX,2025-09-16T09:00:00+00:00,0,,resolved_loss,-0.7249,0.0488,-0.7249,resolved_loss
ws_20250916_ETN,ETN,2025-09-16T09:00:00+00:00,0,,resolved_loss,-0.8786,-1.3851,-0.8786,resolved_loss
ws_20250916_VZ,VZ,2025-09-16T09:00:00+00:00,0,,resolved_loss,-0.4706,-5.2683,-0.4706,resolved_loss
ws_20250916_HON,HON,2025-09-16T09:00:00+00:00,0,,resolved_loss,-0.5111,-8.1647,-0.5111,resolved_loss
ws_20250916_T,T,2025-09-16T09:00:00+00:00,0,,resolved_loss,-0.5982,-4.7627,-0.5982,resolved_loss
ws_20250916_CSCO,CSCO,2025-09-16T09:00:00+00:00,0,,resolved_loss,-0.5313,-0.5951,-0.5313,resolved_loss
ws_20250916_EEM,EEM,2025-09-16T09:00:00+00:00,0,,resolved_loss,-0.2269,-0.5524,-0.2269,resolved_loss
ws_20250916_TLT,TLT,2025-09-16T09:00:00+00:00,0,,resolved_loss,-0.1884,-4.258,-0.1884,resolved_loss
ws_20250916_TNGX,TNGX,2025-09-16T09:00:00+00:00,0,,resolved_win,6.5292,0.0687,6.5292,resolved_win
ws_20250916_HYG,HYG,2025-09-16T09:00:00+00:00,0,,resolved_loss,-0.0678,-4.1483,-0.0678,resolved_loss
ws_20250917_CVS,CVS,2025-09-17T09:00:00+00:00,3,,resolved_loss,-0.662,0.6331,-0.662,resolved_loss
ws_20250917_ISRG,ISRG,2025-09-17T09:00:00+00:00,2,,resolved_loss,-0.8278,2.3797,-0.8278,resolved_loss
ws_20250917_MRK,MRK,2025-09-17T09:00:00+00:00,2,,resolved_loss,-0.6778,-3.3715,-0.6778,resolved_loss
ws_20250917_XLV,XLV,2025-09-17T09:00:00+00:00,2,,resolved_loss,-0.4664,-1.446,-0.4664,resolved_loss
ws_20250917_QCOM,QCOM,2025-09-17T09:00:00+00:00,2,,resolved_loss,-0.951,3.4708,-0.951,resolved_loss
ws_20250917_PEP,PEP,2025-09-17T09:00:00+00:00,2,,resolved_loss,-0.5671,-2.2355,-0.5671,resolved_loss
ws_20250917_SHEL,SHEL,2025-09-17T09:00:00+00:00,2,,resolved_loss,-0.532,-1.8024,-0.532,resolved_loss
ws_20250917_HON,HON,2025-09-17T09:00:00+00:00,2,,resolved_loss,-0.671,-8.6103,-0.671,resolved_loss
ws_20250917_TLT,TLT,2025-09-17T09:00:00+00:00,2,,resolved_loss,-0.4549,-4.4955,-0.4549,resolved_loss
ws_20250917_AMZN,AMZN,2025-09-17T09:00:00+00:00,1,,resolved_loss,-0.7641,-4.9344,-0.7641,resolved_loss
ws_20250917_NVDA,NVDA,2025-09-17T09:00:00+00:00,1,,resolved_win,2.2384,3.8391,2.2384,resolved_win
ws_20250917_META,META,2025-09-17T09:00:00+00:00,1,,resolved_loss,-0.8782,-2.0748,-0.8782,resolved_loss
ws_20250917_NFLX,NFLX,2025-09-17T09:00:00+00:00,1,,resolved_loss,-0.7773,-90.2008,-0.7773,resolved_loss
ws_20250917_TSLA,TSLA,2025-09-17T09:00:00+00:00,1,,resolved_loss,-1.7435,4.0415,-1.7435,resolved_loss
ws_20250917_MSFT,MSFT,2025-09-17T09:00:00+00:00,1,,resolved_loss,-0.5864,-0.5826,-0.5864,resolved_loss
ws_20250917_GOOGL,GOOGL,2025-09-17T09:00:00+00:00,1,,resolved_win,1.6111,-1.1473,1.6111,resolved_win
ws_20250917_AAPL,AAPL,2025-09-17T09:00:00+00:00,1,,resolved_loss,-0.544,5.2844,-0.544,resolved_loss
ws_20250917_PLTR,PLTR,2025-09-17T09:00:00+00:00,1,,resolved_win,3.5479,6.7095,3.5479,resolved_win
ws_20250917_AVGO,AVGO,2025-09-17T09:00:00+00:00,1,,resolved_loss,-1.3039,-2.2946,-1.3039,resolved_loss
ws_20250917_SMCI,SMCI,2025-09-17T09:00:00+00:00,1,,resolved_win,3.7194,2.8953,3.7194,resolved_win
ws_20250917_AMD,AMD,2025-09-17T09:00:00+00:00,1,,resolved_loss,-1.4394,1.1252,-1.4394,resolved_loss
ws_20250917_ARM,ARM,2025-09-17T09:00:00+00:00,1,,resolved_loss,-1.558,-5.9322,-1.558,resolved_loss
ws_20250917_ORCL,ORCL,2025-09-17T09:00:00+00:00,1,,resolved_loss,-1.4499,1.5377,-1.4499,resolved_loss
ws_20250917_CRM,CRM,2025-09-17T09:00:00+00:00,1,,resolved_win,1.7942,0.8613,1.7942,resolved_win
ws_20250917_SNOW,SNOW,2025-09-17T09:00:00+00:00,1,,resolved_win,2.4444,2.0729,2.4444,resolved_win
ws_20250917_ADBE,ADBE,2025-09-17T09:00:00+00:00,1,,resolved_win,1.89,-2.3873,1.89,resolved_win
ws_20250917_WDAY,WDAY,2025-09-17T09:00:00+00:00,1,,resolved_loss,-1.4174,2.7965,-1.4174,resolved_loss
ws_20250917_OKTA,OKTA,2025-09-17T09:00:00+00:00,1,,resolved_win,2.4442,-0.1555,2.4442,resolved_win
ws_20250917_VEEV,VEEV,2025-09-17T09:00:00+00:00,1,,resolved_win,1.7236,1.279,1.7236,resolved_win
ws_20250917_ZM,ZM,2025-09-17T09:00:00+00:00,1,,resolved_loss,-0.9269,-3.8234,-0.9269,resolved_loss
ws_20250917_DDOG,DDOG,2025-09-17T09:00:00+00:00,1,,resolved_win,2.3169,1.7433,2.3169,resolved_win
ws_20250917_NET,NET,2025-09-17T09:00:00+00:00,1,,resolved_win,3.848,1.7253,3.848,resolved_win
ws_20250917_FTNT,FTNT,2025-09-17T09:00:00+00:00,1,,resolved_win,1.6312,4.0966,1.6312,resolved_win
ws_20250917_NOW,NOW,2025-09-17T09:00:00+00:00,1,,resolved_loss,-1.0587,-80.354,-1.0587,resolved_loss
ws_20250917_MDB,MDB,2025-09-17T09:00:00+00:00,1,,resolved_loss,-2.2403,0.0539,-2.2403,resolved_loss
ws_20250917_ADP,ADP,2025-09-17T09:00:00+00:00,1,,resolved_loss,-0.6134,-0.4559,-0.6134,resolved_loss
ws_20250917_ZS,ZS,2025-09-17T09:00:00+00:00,1,,resolved_win,2.2633,1.855,2.2633,resolved_win
ws_20250917_COIN,COIN,2025-09-17T09:00:00+00:00,1,,resolved_win,3.8597,0.3994,3.8597,resolved_win
ws_20250917_INTU,INTU,2025-09-17T09:00:00+00:00,1,,resolved_win,1.4868,4.1667,1.4868,resolved_win
ws_20250917_CRWD,CRWD,2025-09-17T09:00:00+00:00,1,,resolved_win,3.0504,6.9179,3.0504,resolved_win
ws_20250917_RBLX,RBLX,2025-09-17T09:00:00+00:00,1,,resolved_loss,-1.7056,-1.7055,-1.7056,resolved_loss
ws_20250917_TEAM,TEAM,2025-09-17T09:00:00+00:00,1,,resolved_loss,-1.2879,-4.96,-1.2879,resolved_loss
ws_20250917_PANW,PANW,2025-09-17T09:00:00+00:00,1,,resolved_win,1.8467,-1.1671,1.8467,resolved_win
ws_20250917_UBER,UBER,2025-09-17T09:00:00+00:00,1,,resolved_win,2.6675,5.1737,2.6675,resolved_win
ws_20250917_MARA,MARA,2025-09-17T09:00:00+00:00,1,,resolved_win,5.5972,1.7888,5.5972,resolved_win
ws_20250917_MSTR,MSTR,2025-09-17T09:00:00+00:00,1,,resolved_win,3.4878,-1.9441,3.4878,resolved_win
ws_20250917_RIOT,RIOT,2025-09-17T09:00:00+00:00,1,,resolved_loss,-3.0389,2.1869,-3.0389,resolved_loss
ws_20250917_ABNB,ABNB,2025-09-17T09:00:00+00:00,1,,resolved_win,1.9883,-0.1136,1.9883,resolved_win
ws_20250917_SHOP,SHOP,2025-09-17T09:00:00+00:00,1,,resolved_win,2.6907,0.6417,2.6907,resolved_win
ws_20250917_SOFI,SOFI,2025-09-17T09:00:00+00:00,1,,resolved_win,4.3286,4.7707,4.3286,resolved_win
ws_20250917_LCID,LCID,2025-09-17T09:00:00+00:00,1,,resolved_win,5.3536,12.8684,5.3536,resolved_win
ws_20250917_RIVN,RIVN,2025-09-17T09:00:00+00:00,1,,resolved_win,4.1164,12.0653,4.1164,resolved_win
ws_20250917_MRNA,MRNA,2025-09-17T09:00:00+00:00,1,,resolved_win,4.1567,3.4372,4.1567,resolved_win
ws_20250917_UNH,UNH,2025-09-17T09:00:00+00:00,1,,resolved_loss,-0.881,1.497,-0.881,resolved_loss
ws_20250917_BNTX,BNTX,2025-09-17T09:00:00+00:00,1,,resolved_loss,-1.0492,1.6095,-1.0492,resolved_loss
ws_20250917_LLY,LLY,2025-09-17T09:00:00+00:00,1,,resolved_loss,-0.7722,-2.8775,-0.7722,resolved_loss
ws_20250917_JNJ,JNJ,2025-09-17T09:00:00+00:00,1,,resolved_loss,-0.4233,-2.0044,-0.4233,resolved_loss
ws_20250917_PFE,PFE,2025-09-17T09:00:00+00:00,1,,resolved_loss,-0.7072,-4.7211,-0.7072,resolved_loss
ws_20250917_ABBV,ABBV,2025-09-17T09:00:00+00:00,1,,resolved_loss,-0.6612,-2.6769,-0.6612,resolved_loss
ws_20250917_TMO,TMO,2025-09-17T09:00:00+00:00,1,,resolved_win,1.9344,-1.1267,1.9344,resolved_win
ws_20250917_DHR,DHR,2025-09-17T09:00:00+00:00,1,,resolved_loss,-1.0991,-4.126,-1.0991,resolved_loss
ws_20250917_BAC,BAC,2025-09-17T09:00:00+00:00,1,,resolved_loss,-0.7782,-1.0131,-0.7782,resolved_loss
ws_20250917_JPM,JPM,2025-09-17T09:00:00+00:00,1,,resolved_loss,-0.8404,-0.9071,-0.8404,resolved_loss
ws_20250917_WFC,WFC,2025-09-17T09:00:00+00:00,1,,resolved_loss,-0.8488,0.3851,-0.8488,resolved_loss
ws_20250917_MS,MS,2025-09-17T09:00:00+00:00,1,,resolved_loss,-0.8955,-1.4162,-0.8955,resolved_loss
ws_20250917_GS,GS,2025-09-17T09:00:00+00:00,1,,resolved_loss,-0.9729,-1.7128,-0.9729,resolved_loss
ws_20250917_C,C,2025-09-17T09:00:00+00:00,1,,resolved_loss,-0.9384,-1.685,-0.9384,resolved_loss
ws_20250917_SCHW,SCHW,2025-09-17T09:00:00+00:00,1,,resolved_loss,-0.7927,-0.673,-0.7927,resolved_loss
ws_20250917_COP,COP,2025-09-17T09:00:00+00:00,1,,resolved_loss,-0.9379,-0.5376,-0.9379,resolved_loss
ws_20250917_XOM,XOM,2025-09-17T09:00:00+00:00,1,,resolved_loss,-0.5205,-2.7898,-0.5205,resolved_loss
ws_20250917_CVX,CVX,2025-09-17T09:00:00+00:00,1,,resolved_loss,-0.5871,-3.5091,-0.5871,resolved_loss
ws_20250917_OXY,OXY,2025-09-17T09:00:00+00:00,1,,resolved_loss,-0.9423,-2.2011,-0.9423,resolved_loss
ws_20250917_SLB,SLB,2025-09-17T09:00:00+00:00,1,,resolved_loss,-1.1917,-2.4857,-1.1917,resolved_loss
ws_20250917_DVN,DVN,2025-09-17T09:00:00+00:00,1,,resolved_loss,-1.0868,-1.7558,-1.0868,resolved_loss
ws_20250917_EOG,EOG,2025-09-17T09:00:00+00:00,1,,resolved_loss,-0.8929,-5.1932,-0.8929,resolved_loss
ws_20250917_EQT,EQT,2025-09-17T09:00:00+00:00,1,,resolved_loss,-1.0998,5.2312,-1.0998,resolved_loss
ws_20250917_FSLR,FSLR,2025-09-17T09:00:00+00:00,1,,resolved_win,4.4564,4.015,4.4564,resolved_win
ws_20250917_PYPL,PYPL,2025-09-17T09:00:00+00:00,1,,resolved_loss,-1.3627,-1.9495,-1.3627,resolved_loss
ws_20250917_ENPH,ENPH,2025-09-17T09:00:00+00:00,1,,resolved_loss,-2.5052,-1.8853,-2.5052,resolved_loss
ws_20250917_V,V,2025-09-17T09:00:00+00:00,1,,resolved_loss,-0.6588,-2.7315,-0.6588,resolved_loss
ws_20250917_SPY,SPY,2025-09-17T09:00:00+00:00,1,,resolved_loss,-0.4703,-0.2781,-0.4703,resolved_loss
ws_20250917_MA,MA,2025-09-17T09:00:00+00:00,1,,resolved_loss,-0.6043,-5.3507,-0.6043,resolved_loss
ws_20250917_AXP,AXP,2025-09-17T09:00:00+00:00,1,,resolved_loss,-1.0581,0.5369,-1.0581,resolved_loss
ws_20250917_QQQ,QQQ,2025-09-17T09:00:00+00:00,1,,resolved_win,1.1662,0.7888,1.1662,resolved_win
ws_20250917_DIA,DIA,2025-09-17T09:00:00+00:00,1,,resolved_loss,-0.5224,-0.9051,-0.5224,resolved_loss
ws_20250917_IWM,IWM,2025-09-17T09:00:00+00:00,1,,resolved_win,2.2142,0.609,2.2142,resolved_win
ws_20250917_XLK,XLK,2025-09-17T09:00:00+00:00,1,,resolved_loss,-0.6741,-48.8464,-0.6741,resolved_loss
ws_20250917_XLF,XLF,2025-09-17T09:00:00+00:00,1,,resolved_loss,-0.5917,-1.7195,-0.5917,resolved_loss
ws_20250917_XLE,XLE,2025-09-17T09:00:00+00:00,1,,resolved_loss,-0.6111,-50.5584,-0.6111,resolved_loss
ws_20250917_XLP,XLP,2025-09-17T09:00:00+00:00,1,,resolved_loss,-0.3988,-3.4778,-0.3988,resolved_loss
ws_20250917_XLI,XLI,2025-09-17T09:00:00+00:00,1,,resolved_loss,-0.6021,0.1027,-0.6021,resolved_loss
ws_20250917_XLY,XLY,2025-09-17T09:00:00+00:00,1,,resolved_loss,-0.6827,-50.6296,-0.6827,resolved_loss
ws_20250917_XLB,XLB,2025-09-17T09:00:00+00:00,1,,resolved_loss,-0.7372,-51.5124,-0.7372,resolved_loss
ws_20250917_XLU,XLU,2025-09-17T09:00:00+00:00,1,,resolved_loss,-0.4622,-49.6182,-0.4622,resolved_loss
ws_20250917_XLC,XLC,2025-09-17T09:00:00+00:00,1,,resolved_loss,-0.4963,-1.8517,-0.4963,resolved_loss
ws_20250917_XLRE,XLRE,2025-09-17T09:00:00+00:00,1,,resolved_loss,-0.6186,-2.8169,-0.6186,resolved_loss
ws_20250917_SMH,SMH,2025-09-17T09:00:00+00:00,1,,resolved_win,1.8835,4.8557,1.8835,resolved_win
ws_20250917_INTC,INTC,2025-09-17T09:00:00+00:00,1,,resolved_win,2.732,25.4319,2.732,resolved_win
ws_20250917_SOXX,SOXX,2025-09-17T09:00:00+00:00,1,,resolved_win,1.9151,3.8963,1.9151,resolved_win
ws_20250917_TXN,TXN,2025-09-17T09:00:00+00:00,1,,resolved_loss,-0.9267,0.2745,-0.9267,resolved_loss
ws_20250917_MU,MU,2025-09-17T09:00:00+00:00,1,,resolved_win,2.8755,0.9412,2.8755,resolved_win
ws_20250917_ASML,ASML,2025-09-17T09:00:00+00:00,1,,resolved_win,1.9243,8.0217,1.9243,resolved_win
ws_20250917_GILD,GILD,2025-09-17T09:00:00+00:00,1,,resolved_loss,-0.579,0.0147,-0.579,resolved_loss
ws_20250917_TSM,TSM,2025-09-17T09:00:00+00:00,1,,resolved_win,2.0782,6.0082,2.0782,resolved_win
ws_20250917_BMY,BMY,2025-09-17T09:00:00+00:00,1,,resolved_loss,-0.7367,-7.6639,-0.7367,resolved_loss
ws_20250917_REGN,REGN,2025-09-17T09:00:00+00:00,1,,resolved_win,1.7949,-1.8535,1.7949,resolved_win
ws_20250917_ZTS,ZTS,2025-09-17T09:00:00+00:00,1,,resolved_loss,-0.7624,-4.718,-0.7624,resolved_loss
ws_20250917_SAP,SAP,2025-09-17T09:00:00+00:00,1,,resolved_win,1.3932,1.143,1.3932,resolved_win
ws_20250917_AMGN,AMGN,2025-09-17T09:00:00+00:00,1,,resolved_loss,-0.6482,-0.4875,-0.6482,resolved_loss
ws_20250917_PG,PG,2025-09-17T09:00:00+00:00,1,,resolved_loss,-0.5426,-6.9657,-0.5426,resolved_loss
ws_20250917_KO,KO,2025-09-17T09:00:00+00:00,1,,resolved_loss,-0.4252,-2.2363,-0.4252,resolved_loss
ws_20250917_BK,BK,2025-09-17T09:00:00+00:00,1,,resolved_loss,-0.7101,-0.3163,-0.7101,resolved_loss
ws_20250917_PNC,PNC,2025-09-17T09:00:00+00:00,1,,resolved_loss,-0.9079,-2.2655,-0.9079,resolved_loss
ws_20250917_USB,USB,2025-09-17T09:00:00+00:00,1,,resolved_loss,-0.9771,-3.8993,-0.9771,resolved_loss
ws_20250917_BLK,BLK,2025-09-17T09:00:00+00:00,1,,resolved_loss,-0.7414,-1.9134,-0.7414,resolved_loss
ws_20250917_NEE,NEE,2025-09-17T09:00:00+00:00,1,,resolved_loss,-0.6258,2.8405,-0.6258,resolved_loss
ws_20250917_DUK,DUK,2025-09-17T09:00:00+00:00,1,,resolved_loss,-0.4873,-0.4723,-0.4873,resolved_loss
ws_20250917_BP,BP,2025-09-17T09:00:00+00:00,1,,resolved_loss,-0.6122,-1.1763,-0.6122,resolved_loss
ws_20250917_VALE,VALE,2025-09-17T09:00:00+00:00,1,,resolved_loss,-0.8736,-5.4193,-0.8736,resolved_loss
ws_20250917_BHP,BHP,2025-09-17T09:00:00+00:00,1,,resolved_loss,-0.7519,-1.3782,-0.7519,resolved_loss
ws_20250917_COST,COST,2025-09-17T09:00:00+00:00,1,,resolved_loss,-0.4965,-2.2198,-0.4965,resolved_loss
ws_20250917_RIO,RIO,2025-09-17T09:00:00+00:00,1,,resolved_loss,-0.7061,-1.4161,-0.7061,resolved_loss
ws_20250917_HD,HD,2025-09-17T09:00:00+00:00,1,,resolved_loss,-0.9569,-3.7334,-0.9569,resolved_loss
ws_20250917_WMT,WMT,2025-09-17T09:00:00+00:00,1,,resolved_loss,-0.8057,-2.0562,-0.8057,resolved_loss
ws_20250917_TGT,TGT,2025-09-17T09:00:00+00:00,1,,resolved_loss,-0.9276,-3.8347,-0.9276,resolved_loss
ws_20250917_NKE,NKE,2025-09-17T09:00:00+00:00,1,,resolved_loss,-0.9127,-3.6398,-0.9127,resolved_loss
ws_20250917_LOW,LOW,2025-09-17T09:00:00+00:00,1,,resolved_loss,-1.0485,-5.3292,-1.0485,resolved_loss
ws_20250917_MCD,MCD,2025-09-17T09:00:00+00:00,1,,resolved_loss,-0.482,-2.0207,-0.482,resolved_loss
ws_20250917_SBUX,SBUX,2025-09-17T09:00:00+00:00,1,,resolved_loss,-0.8172,-0.6789,-0.8172,resolved_loss
ws_20250917_BKNG,BKNG,2025-09-17T09:00:00+00:00,1,,resolved_loss,-0.5663,-96.0447,-0.5663,resolved_loss
ws_20250917_CMG,CMG,2025-09-17T09:00:00+00:00,1,,resolved_loss,-0.9075,-0.3025,-0.9075,resolved_loss
ws_20250917_ROST,ROST,2025-09-17T09:00:00+00:00,1,,resolved_loss,-0.6547,1.2569,-0.6547,resolved_loss
ws_20250917_PM,PM,2025-09-17T09:00:00+00:00,1,,resolved_loss,-0.6554,-4.6373,-0.6554,resolved_loss
ws_20250917_TJX,TJX,2025-09-17T09:00:00+00:00,1,,resolved_loss,-0.5141,-0.6105,-0.5141,resolved_loss
ws_20250917_MO,MO,2025-09-17T09:00:00+00:00,1,,resolved_loss,-0.4579,-3.9759,-0.4579,resolved_loss
ws_20250917_CAT,CAT,2025-09-17T09:00:00+00:00,1,,resolved_win,1.9325,3.4974,1.9325,resolved_win
ws_20250917_DE,DE,2025-09-17T09:00:00+00:00,1,,resolved_loss,-0.8889,-1.0191,-0.8889,resolved_loss
ws_20250917_GE,GE,2025-09-17T09:00:00+00:00,1,,resolved_win,1.7926,3.3244,1.7926,resolved_win
ws_20250917_LMT,LMT,2025-09-17T09:00:00+00:00,1,,resolved_loss,-0.4735,0.8189,-0.4735,resolved_loss
ws_20250917_RTX,RTX,2025-09-17T09:00:00+00:00,1,,resolved_loss,-0.6,0.7693,-0.6,resolved_loss
ws_20250917_BA,BA,2025-09-17T09:00:00+00:00,1,,resolved_loss,-0.8292,0.2003,-0.8292,resolved_loss
ws_20250917_NOC,NOC,2025-09-17T09:00:00+00:00,1,,resolved_loss,-0.537,0.3896,-0.537,resolved_loss
ws_20250917_ETN,ETN,2025-09-17T09:00:00+00:00,1,,resolved_win,2.2681,1.5721,2.2681,resolved_win
ws_20250917_VZ,VZ,2025-09-17T09:00:00+00:00,1,,resolved_loss,-0.4186,-6.9849,-0.4186,resolved_loss
ws_20250917_T,T,2025-09-17T09:00:00+00:00,1,,resolved_loss,-0.4401,-7.2213,-0.4401,resolved_loss
ws_20250917_CSCO,CSCO,2025-09-17T09:00:00+00:00,1,,resolved_loss,-0.6497,-2.243,-0.6497,resolved_loss
ws_20250917_VNQ,VNQ,2025-09-17T09:00:00+00:00,1,,resolved_loss,-0.6734,-3.7307,-0.6734,resolved_loss
ws_20250917_EFA,EFA,2025-09-17T09:00:00+00:00,1,,resolved_loss,-0.4515,-2.2549,-0.4515,resolved_loss
ws_20250917_EEM,EEM,2025-09-17T09:00:00+00:00,1,,resolved_loss,-0.5069,-1.6885,-0.5069,resolved_loss
ws_20250917_TNGX,TNGX,2025-09-17T09:00:00+00:00,1,,resolved_loss,-3.6066,2.2951,-3.6066,resolved_loss
ws_20250917_HYG,HYG,2025-09-17T09:00:00+00:00,1,,resolved_loss,-0.1604,-4.2131,-0.1604,resolved_loss
ws_20250917_WINA,WINA,2025-09-17T09:00:00+00:00,1,,resolved_loss,-1.0477,-5.3265,-1.0477,resolved_loss
ws_20250917_BETR,BETR,2025-09-17T09:00:00+00:00,1,,resolved_win,5.2446,135.8677,5.2446,resolved_win
ws_20250918_CVS,CVS,2025-09-18T09:00:00+00:00,3,,resolved_loss,-0.662,-1.699,-0.662,resolved_loss
ws_20250918_MRK,MRK,2025-09-18T09:00:00+00:00,2,,resolved_loss,-0.6778,-5.8821,-0.6778,resolved_loss
ws_20250918_ISRG,ISRG,2025-09-18T09:00:00+00:00,2,,resolved_win,1.6579,1.0261,1.6579,resolved_win
ws_20250918_XLV,XLV,2025-09-18T09:00:00+00:00,2,,resolved_loss,-0.4664,-3.079,-0.4664,resolved_loss
ws_20250918_QCOM,QCOM,2025-09-18T09:00:00+00:00,2,,resolved_loss,-0.951,1.1635,-0.951,resolved_loss
ws_20250918_PEP,PEP,2025-09-18T09:00:00+00:00,2,,resolved_loss,-0.5671,-3.7828,-0.5671,resolved_loss
ws_20250918_SHEL,SHEL,2025-09-18T09:00:00+00:00,2,,resolved_loss,-0.532,-0.754,-0.532,resolved_loss
ws_20250918_HON,HON,2025-09-18T09:00:00+00:00,2,,resolved_loss,-0.671,-9.0046,-0.671,resolved_loss
ws_20250918_TLT,TLT,2025-09-18T09:00:00+00:00,2,,resolved_loss,-0.4549,-4.4955,-0.4549,resolved_loss
ws_20250918_TSLA,TSLA,2025-09-18T09:00:00+00:00,1,,resolved_win,3.4893,-0.5169,3.4893,resolved_win
ws_20250918_NVDA,NVDA,2025-09-18T09:00:00+00:00,1,,resolved_win,2.2384,4.2616,2.2384,resolved_win
ws_20250918_NFLX,NFLX,2025-09-18T09:00:00+00:00,1,,resolved_loss,-0.7773,-90.1659,-0.7773,resolved_loss
ws_20250918_AAPL,AAPL,2025-09-18T09:00:00+00:00,1,,resolved_win,1.0838,7.1872,1.0838,resolved_win
ws_20250918_AMZN,AMZN,2025-09-18T09:00:00+00:00,1,,resolved_loss,-0.7641,-5.8237,-0.7641,resolved_loss
ws_20250918_META,META,2025-09-18T09:00:00+00:00,1,,resolved_loss,-0.8782,-3.5875,-0.8782,resolved_loss
ws_20250918_GOOGL,GOOGL,2025-09-18T09:00:00+00:00,1,,resolved_win,1.6111,-1.6872,1.6111,resolved_win
ws_20250918_MSFT,MSFT,2025-09-18T09:00:00+00:00,1,,resolved_win,1.1728,-1.1906,1.1728,resolved_win
ws_20250918_SMCI,SMCI,2025-09-18T09:00:00+00:00,1,,resolved_win,3.7194,2.9844,3.7194,resolved_win
ws_20250918_AMD,AMD,2025-09-18T09:00:00+00:00,1,,resolved_loss,-1.4394,1.3703,-1.4394,resolved_loss
ws_20250918_ARM,ARM,2025-09-18T09:00:00+00:00,1,,resolved_loss,-1.558,-8.3116,-1.558,resolved_loss
ws_20250918_PLTR,PLTR,2025-09-18T09:00:00+00:00,1,,resolved_win,3.5479,6.448,3.5479,resolved_win
ws_20250918_AVGO,AVGO,2025-09-18T09:00:00+00:00,1,,resolved_loss,-1.3039,-3.219,-1.3039,resolved_loss
ws_20250918_SNOW,SNOW,2025-09-18T09:00:00+00:00,1,,resolved_win,2.4444,1.6281,2.4444,resolved_win
ws_20250918_ORCL,ORCL,2025-09-18T09:00:00+00:00,1,,resolved_loss,-1.4499,-4.1011,-1.4499,resolved_loss
ws_20250918_CRM,CRM,2025-09-18T09:00:00+00:00,1,,resolved_win,1.7942,-1.165,1.7942,resolved_win
ws_20250918_ADBE,ADBE,2025-09-18T09:00:00+00:00,1,,resolved_win,1.89,-2.1414,1.89,resolved_win
ws_20250918_NOW,NOW,2025-09-18T09:00:00+00:00,1,,resolved_loss,-1.0587,-80.6647,-1.0587,resolved_loss
ws_20250918_WDAY,WDAY,2025-09-18T09:00:00+00:00,1,,resolved_loss,-1.4174,3.3243,-1.4174,resolved_loss
ws_20250918_VEEV,VEEV,2025-09-18T09:00:00+00:00,1,,resolved_win,1.7236,2.0042,1.7236,resolved_win
ws_20250918_OKTA,OKTA,2025-09-18T09:00:00+00:00,1,,resolved_win,2.4442,1.311,2.4442,resolved_win
ws_20250918_ZM,ZM,2025-09-18T09:00:00+00:00,1,,resolved_loss,-0.9269,-2.688,-0.9269,resolved_loss
ws_20250918_FTNT,FTNT,2025-09-18T09:00:00+00:00,1,,resolved_win,1.6312,3.611,1.6312,resolved_win
ws_20250918_NET,NET,2025-09-18T09:00:00+00:00,1,,resolved_win,3.848,2.0198,3.848,resolved_win
ws_20250918_DDOG,DDOG,2025-09-18T09:00:00+00:00,1,,resolved_win,2.3169,1.7656,2.3169,resolved_win
ws_20250918_MDB,MDB,2025-09-18T09:00:00+00:00,1,,resolved_loss,-2.2403,0.0603,-2.2403,resolved_loss
ws_20250918_TEAM,TEAM,2025-09-18T09:00:00+00:00,1,,resolved_loss,-1.2879,-5.7779,-1.2879,resolved_loss
ws_20250918_INTU,INTU,2025-09-18T09:00:00+00:00,1,,resolved_win,1.4868,3.8504,1.4868,resolved_win
ws_20250918_COIN,COIN,2025-09-18T09:00:00+00:00,1,,resolved_win,3.8597,-4.3059,3.8597,resolved_win
ws_20250918_RBLX,RBLX,2025-09-18T09:00:00+00:00,1,,resolved_loss,-1.7056,-2.5103,-1.7056,resolved_loss
ws_20250918_ADP,ADP,2025-09-18T09:00:00+00:00,1,,resolved_loss,-0.6134,-1.3472,-0.6134,resolved_loss
ws_20250918_CRWD,CRWD,2025-09-18T09:00:00+00:00,1,,resolved_win,3.0504,6.1907,3.0504,resolved_win
ws_20250918_ZS,ZS,2025-09-18T09:00:00+00:00,1,,resolved_win,2.2633,2.6572,2.2633,resolved_win
ws_20250918_ABNB,ABNB,2025-09-18T09:00:00+00:00,1,,resolved_win,1.9883,-1.193,1.9883,resolved_win
ws_20250918_PANW,PANW,2025-09-18T09:00:00+00:00,1,,resolved_win,1.8467,-0.4235,1.8467,resolved_win
ws_20250918_UBER,UBER,2025-09-18T09:00:00+00:00,1,,resolved_win,2.6675,4.9801,2.6675,resolved_win
ws_20250918_SHOP,SHOP,2025-09-18T09:00:00+00:00,1,,resolved_win,2.6907,-2.9963,2.6907,resolved_win
ws_20250918_RIOT,RIOT,2025-09-18T09:00:00+00:00,1,,resolved_loss,-3.0389,-4.9134,-3.0389,resolved_loss
ws_20250918_MARA,MARA,2025-09-18T09:00:00+00:00,1,,resolved_win,5.5972,-7.2706,5.5972,resolved_win
ws_20250918_MSTR,MSTR,2025-09-18T09:00:00+00:00,1,,resolved_win,3.4878,-8.8014,3.4878,resolved_win
ws_20250918_SOFI,SOFI,2025-09-18T09:00:00+00:00,1,,resolved_win,4.3286,3.5918,4.3286,resolved_win
ws_20250918_RIVN,RIVN,2025-09-18T09:00:00+00:00,1,,resolved_win,4.1164,11.7104,4.1164,resolved_win
ws_20250918_LCID,LCID,2025-09-18T09:00:00+00:00,1,,resolved_win,5.3536,13.1631,5.3536,resolved_win
ws_20250918_MRNA,MRNA,2025-09-18T09:00:00+00:00,1,,resolved_win,4.1567,-1.6387,4.1567,resolved_win
ws_20250918_BNTX,BNTX,2025-09-18T09:00:00+00:00,1,,resolved_loss,-1.0492,-0.0917,-1.0492,resolved_loss
ws_20250918_PFE,PFE,2025-09-18T09:00:00+00:00,1,,resolved_loss,-0.7072,-6.6591,-0.7072,resolved_loss
ws_20250918_JNJ,JNJ,2025-09-18T09:00:00+00:00,1,,resolved_loss,-0.4233,-1.4276,-0.4233,resolved_loss
ws_20250918_UNH,UNH,2025-09-18T09:00:00+00:00,1,,resolved_loss,-0.881,-0.3061,-0.881,resolved_loss
ws_20250918_ABBV,ABBV,2025-09-18T09:00:00+00:00,1,,resolved_loss,-0.6612,-3.3184,-0.6612,resolved_loss
ws_20250918_LLY,LLY,2025-09-18T09:00:00+00:00,1,,resolved_loss,-0.7722,-6.4464,-0.7722,resolved_loss
ws_20250918_TMO,TMO,2025-09-18T09:00:00+00:00,1,,resolved_win,1.9344,-2.9816,1.9344,resolved_win
ws_20250918_DHR,DHR,2025-09-18T09:00:00+00:00,1,,resolved_loss,-1.0991,-6.4209,-1.0991,resolved_loss
ws_20250918_JPM,JPM,2025-09-18T09:00:00+00:00,1,,resolved_loss,-0.8404,-0.8976,-0.8404,resolved_loss
ws_20250918_GS,GS,2025-09-18T09:00:00+00:00,1,,resolved_loss,-0.9729,-1.4238,-0.9729,resolved_loss
ws_20250918_BAC,BAC,2025-09-18T09:00:00+00:00,1,,resolved_loss,-0.7782,-0.726,-0.7782,resolved_loss
ws_20250918_MS,MS,2025-09-18T09:00:00+00:00,1,,resolved_loss,-0.8955,-0.748,-0.8955,resolved_loss
ws_20250918_WFC,WFC,2025-09-18T09:00:00+00:00,1,,resolved_loss,-0.8488,0.6357,-0.8488,resolved_loss
ws_20250918_C,C,2025-09-18T09:00:00+00:00,1,,resolved_loss,-0.9384,-1.2401,-0.9384,resolved_loss
ws_20250918_SCHW,SCHW,2025-09-18T09:00:00+00:00,1,,resolved_win,1.5854,1.9185,1.5854,resolved_win
ws_20250918_CVX,CVX,2025-09-18T09:00:00+00:00,1,,resolved_loss,-0.5871,-2.5756,-0.5871,resolved_loss
ws_20250918_COP,COP,2025-09-18T09:00:00+00:00,1,,resolved_loss,-0.9379,0.6897,-0.9379,resolved_loss
ws_20250918_SLB,SLB,2025-09-18T09:00:00+00:00,1,,resolved_loss,-1.1917,-2.542,-1.1917,resolved_loss
ws_20250918_OXY,OXY,2025-09-18T09:00:00+00:00,1,,resolved_loss,-0.9423,-1.9925,-0.9423,resolved_loss
ws_20250918_XOM,XOM,2025-09-18T09:00:00+00:00,1,,resolved_loss,-0.5205,-1.9158,-0.5205,resolved_loss
ws_20250918_DVN,DVN,2025-09-18T09:00:00+00:00,1,,resolved_loss,-1.0868,-0.2212,-1.0868,resolved_loss
ws_20250918_EOG,EOG,2025-09-18T09:00:00+00:00,1,,resolved_loss,-0.8929,-4.7057,-0.8929,resolved_loss
ws_20250918_EQT,EQT,2025-09-18T09:00:00+00:00,1,,resolved_loss,-1.0998,6.9163,-1.0998,resolved_loss
ws_20250918_ENPH,ENPH,2025-09-18T09:00:00+00:00,1,,resolved_loss,-2.5052,-4.2355,-2.5052,resolved_loss
ws_20250918_FSLR,FSLR,2025-09-18T09:00:00+00:00,1,,resolved_win,4.4564,5.8564,4.4564,resolved_win
ws_20250918_PYPL,PYPL,2025-09-18T09:00:00+00:00,1,,resolved_loss,-1.3627,-3.5678,-1.3627,resolved_loss
ws_20250918_V,V,2025-09-18T09:00:00+00:00,1,,resolved_loss,-0.6588,-3.8085,-0.6588,resolved_loss
ws_20250918_MA,MA,2025-09-18T09:00:00+00:00,1,,resolved_loss,-0.6043,-5.6019,-0.6043,resolved_loss
ws_20250918_AXP,AXP,2025-09-18T09:00:00+00:00,1,,resolved_win,2.1146,0.4483,2.1146,resolved_win
ws_20250918_SPY,SPY,2025-09-18T09:00:00+00:00,1,,resolved_loss,-0.4703,-0.7381,-0.4703,resolved_loss
ws_20250918_QQQ,QQQ,2025-09-18T09:00:00+00:00,1,,resolved_win,1.1662,0.3543,1.1662,resolved_win
ws_20250918_DIA,DIA,2025-09-18T09:00:00+00:00,1,,resolved_loss,-0.5224,-1.2469,-0.5224,resolved_loss
ws_20250918_IWM,IWM,2025-09-18T09:00:00+00:00,1,,resolved_win,2.2142,-0.353,2.2142,resolved_win
ws_20250918_XLF,XLF,2025-09-18T09:00:00+00:00,1,,resolved_loss,-0.5917,-1.9762,-0.5917,resolved_loss
ws_20250918_XLK,XLK,2025-09-18T09:00:00+00:00,1,,resolved_loss,-0.6741,-48.9364,-0.6741,resolved_loss
ws_20250918_XLE,XLE,2025-09-18T09:00:00+00:00,1,,resolved_loss,-0.6111,-50.1151,-0.6111,resolved_loss
ws_20250918_XLY,XLY,2025-09-18T09:00:00+00:00,1,,resolved_loss,-0.6827,-51.326,-0.6827,resolved_loss
ws_20250918_XLI,XLI,2025-09-18T09:00:00+00:00,1,,resolved_win,1.2041,-0.5745,1.2041,resolved_win
ws_20250918_XLB,XLB,2025-09-18T09:00:00+00:00,1,,resolved_loss,-0.7372,-52.1445,-0.7372,resolved_loss
ws_20250918_XLU,XLU,2025-09-18T09:00:00+00:00,1,,resolved_loss,-0.4622,-50.103,-0.4622,resolved_loss
ws_20250918_XLP,XLP,2025-09-18T09:00:00+00:00,1,,resolved_loss,-0.3988,-4.3998,-0.3988,resolved_loss
ws_20250918_XLC,XLC,2025-09-18T09:00:00+00:00,1,,resolved_loss,-0.4963,-2.186,-0.4963,resolved_loss
ws_20250918_XLRE,XLRE,2025-09-18T09:00:00+00:00,1,,resolved_loss,-0.6186,-3.0507,-0.6186,resolved_loss
ws_20250918_SOXX,SOXX,2025-09-18T09:00:00+00:00,1,,resolved_win,1.9151,3.5643,1.9151,resolved_win
ws_20250918_INTC,INTC,2025-09-18T09:00:00+00:00,1,,resolved_win,2.732,36.5609,2.732,resolved_win
ws_20250918_SMH,SMH,2025-09-18T09:00:00+00:00,1,,resolved_win,1.8835,4.8394,1.8835,resolved_win
ws_20250918_TXN,TXN,2025-09-18T09:00:00+00:00,1,,resolved_loss,-0.9267,-1.0303,-0.9267,resolved_loss
ws_20250918_MU,MU,2025-09-18T09:00:00+00:00,1,,resolved_win,2.8755,-2.1049,2.8755,resolved_win
ws_20250918_SAP,SAP,2025-09-18T09:00:00+00:00,1,,resolved_win,1.3932,-1.2422,1.3932,resolved_win
ws_20250918_ASML,ASML,2025-09-18T09:00:00+00:00,1,,resolved_win,1.9243,8.3195,1.9243,resolved_win
ws_20250918_TSM,TSM,2025-09-18T09:00:00+00:00,1,,resolved_win,2.0782,4.4787,2.0782,resolved_win
ws_20250918_AMGN,AMGN,2025-09-18T09:00:00+00:00,1,,resolved_win,1.2964,-3.353,1.2964,resolved_win
ws_20250918_GILD,GILD,2025-09-18T09:00:00+00:00,1,,resolved_win,1.1668,-2.3434,1.1668,resolved_win
ws_20250918_BMY,BMY,2025-09-18T09:00:00+00:00,1,,resolved_loss,-0.7367,-9.2321,-0.7367,resolved_loss
ws_20250918_ZTS,ZTS,2025-09-18T09:00:00+00:00,1,,resolved_loss,-0.7624,-5.0811,-0.7624,resolved_loss
ws_20250918_REGN,REGN,2025-09-18T09:00:00+00:00,1,,resolved_win,1.7949,-5.5056,1.7949,resolved_win
ws_20250918_BLK,BLK,2025-09-18T09:00:00+00:00,1,,resolved_loss,-0.7414,-0.2342,-0.7414,resolved_loss
ws_20250918_PG,PG,2025-09-18T09:00:00+00:00,1,,resolved_loss,-0.5426,-7.1305,-0.5426,resolved_loss
ws_20250918_KO,KO,2025-09-18T09:00:00+00:00,1,,resolved_loss,-0.4252,-2.9278,-0.4252,resolved_loss
ws_20250918_BK,BK,2025-09-18T09:00:00+00:00,1,,resolved_loss,-0.7101,0.5781,-0.7101,resolved_loss
ws_20250918_USB,USB,2025-09-18T09:00:00+00:00,1,,resolved_loss,-0.9771,-4.1924,-0.9771,resolved_loss
ws_20250918_PNC,PNC,2025-09-18T09:00:00+00:00,1,,resolved_loss,-0.9079,-2.9072,-0.9079,resolved_loss
ws_20250918_NEE,NEE,2025-09-18T09:00:00+00:00,1,,resolved_loss,-0.6258,3.9827,-0.6258,resolved_loss
ws_20250918_BP,BP,2025-09-18T09:00:00+00:00,1,,resolved_loss,-0.6122,-1.036,-0.6122,resolved_loss
ws_20250918_DUK,DUK,2025-09-18T09:00:00+00:00,1,,resolved_loss,-0.4873,-1.5349,-0.4873,resolved_loss
ws_20250918_BHP,BHP,2025-09-18T09:00:00+00:00,1,,resolved_loss,-0.7519,2.6588,-0.7519,resolved_loss
ws_20250918_RIO,RIO,2025-09-18T09:00:00+00:00,1,,resolved_loss,-0.7061,0.9918,-0.7061,resolved_loss
ws_20250918_COST,COST,2025-09-18T09:00:00+00:00,1,,resolved_loss,-0.4965,-2.4226,-0.4965,resolved_loss
ws_20250918_WMT,WMT,2025-09-18T09:00:00+00:00,1,,resolved_loss,-0.8057,-1.7511,-0.8057,resolved_loss
ws_20250918_TGT,TGT,2025-09-18T09:00:00+00:00,1,,resolved_loss,-0.9276,-5.1088,-0.9276,resolved_loss
ws_20250918_HD,HD,2025-09-18T09:00:00+00:00,1,,resolved_loss,-0.9569,-4.2785,-0.9569,resolved_loss
ws_20250918_VALE,VALE,2025-09-18T09:00:00+00:00,1,,resolved_loss,-0.8736,-4.8953,-0.8736,resolved_loss
ws_20250918_LOW,LOW,2025-09-18T09:00:00+00:00,1,,resolved_loss,-1.0485,-5.9914,-1.0485,resolved_loss
ws_20250918_NKE,NKE,2025-09-18T09:00:00+00:00,1,,resolved_loss,-0.9127,-6.3187,-0.9127,resolved_loss
ws_20250918_MCD,MCD,2025-09-18T09:00:00+00:00,1,,resolved_loss,-0.482,-2.6742,-0.482,resolved_loss
ws_20250918_SBUX,SBUX,2025-09-18T09:00:00+00:00,1,,resolved_loss,-0.8172,-1.1975,-0.8172,resolved_loss
ws_20250918_BKNG,BKNG,2025-09-18T09:00:00+00:00,1,,resolved_loss,-0.5663,-96.0088,-0.5663,resolved_loss
ws_20250918_CMG,CMG,2025-09-18T09:00:00+00:00,1,,resolved_loss,-0.9075,-0.8571,-0.9075,resolved_loss
ws_20250918_ROST,ROST,2025-09-18T09:00:00+00:00,1,,resolved_loss,-0.6547,1.2772,-0.6547,resolved_loss
ws_20250918_PM,PM,2025-09-18T09:00:00+00:00,1,,resolved_loss,-0.6554,-4.0523,-0.6554,resolved_loss
ws_20250918_TJX,TJX,2025-09-18T09:00:00+00:00,1,,resolved_loss,-0.5141,0.1113,-0.5141,resolved_loss
ws_20250918_MO,MO,2025-09-18T09:00:00+00:00,1,,resolved_loss,-0.4579,-3.8874,-0.4579,resolved_loss
ws_20250918_DE,DE,2025-09-18T09:00:00+00:00,1,,resolved_loss,-0.8889,-1.4919,-0.8889,resolved_loss
ws_20250918_CAT,CAT,2025-09-18T09:00:00+00:00,1,,resolved_win,1.9325,2.1601,1.9325,resolved_win
ws_20250918_GE,GE,2025-09-18T09:00:00+00:00,1,,resolved_win,1.7926,2.2509,1.7926,resolved_win
ws_20250918_LMT,LMT,2025-09-18T09:00:00+00:00,1,,resolved_loss,-0.4735,0.4229,-0.4735,resolved_loss
ws_20250918_BA,BA,2025-09-18T09:00:00+00:00,1,,resolved_loss,-0.8292,-0.531,-0.8292,resolved_loss
ws_20250918_RTX,RTX,2025-09-18T09:00:00+00:00,1,,resolved_loss,-0.6,0.226,-0.6,resolved_loss
ws_20250918_NOC,NOC,2025-09-18T09:00:00+00:00,1,,resolved_loss,-0.537,0.304,-0.537,resolved_loss
ws_20250918_T,T,2025-09-18T09:00:00+00:00,1,,resolved_loss,-0.4401,-7.2868,-0.4401,resolved_loss
ws_20250918_VZ,VZ,2025-09-18T09:00:00+00:00,1,,resolved_loss,-0.4186,-6.6187,-0.4186,resolved_loss
ws_20250918_CSCO,CSCO,2025-09-18T09:00:00+00:00,1,,resolved_loss,-0.6497,-1.4734,-0.6497,resolved_loss
ws_20250918_EFA,EFA,2025-09-18T09:00:00+00:00,1,,resolved_loss,-0.4515,-2.9517,-0.4515,resolved_loss
ws_20250918_VNQ,VNQ,2025-09-18T09:00:00+00:00,1,,resolved_loss,-0.6734,-4.0183,-0.6734,resolved_loss
ws_20250918_ETN,ETN,2025-09-18T09:00:00+00:00,1,,resolved_win,2.2681,-0.4663,2.2681,resolved_win
ws_20250918_EEM,EEM,2025-09-18T09:00:00+00:00,1,,resolved_loss,-0.5069,-2.2622,-0.5069,resolved_loss
ws_20250918_HYG,HYG,2025-09-18T09:00:00+00:00,1,,resolved_loss,-0.1604,-4.4846,-0.1604,resolved_loss
ws_20250918_TNGX,TNGX,2025-09-18T09:00:00+00:00,1,,resolved_loss,-3.6066,4.5246,-3.6066,resolved_loss
ws_20250918_BETR,BETR,2025-09-18T09:00:00+00:00,1,,resolved_win,5.2446,97.0081,5.2446,resolved_win
ws_20250918_WINA,WINA,2025-09-18T09:00:00+00:00,1,,resolved_loss,-1.0477,-4.4843,-1.0477,resolved_loss
ws_20250922_GOOGL,GOOGL,2025-09-22T09:00:00+00:00,2,,resolved_loss,-0.7393,-3.7069,-0.7393,resolved_loss
ws_20250922_AMZN,AMZN,2025-09-22T09:00:00+00:00,1,,resolved_loss,-0.6442,-3.0997,-0.6442,resolved_loss
ws_20250922_ADBE,ADBE,2025-09-22T09:00:00+00:00,1,,resolved_loss,-0.9084,-1.0653,-0.9084,resolved_loss
ws_20250922_OKTA,OKTA,2025-09-22T09:00:00+00:00,1,,resolved_loss,-1.3138,0.2564,-1.3138,resolved_loss
ws_20250922_FTNT,FTNT,2025-09-22T09:00:00+00:00,1,,resolved_win,2.1393,0.8879,2.1393,resolved_win
ws_20250922_DDOG,DDOG,2025-09-22T09:00:00+00:00,1,,resolved_loss,-1.0906,5.6129,-1.0906,resolved_loss
ws_20250922_SHOP,SHOP,2025-09-22T09:00:00+00:00,1,,resolved_win,1.9411,-3.2719,1.9411,resolved_win
ws_20250922_RIOT,RIOT,2025-09-22T09:00:00+00:00,1,,resolved_win,4.9436,14.3683,4.9436,resolved_win
ws_20250922_MSTR,MSTR,2025-09-22T09:00:00+00:00,1,,resolved_loss,-1.843,-3.1105,-1.843,resolved_loss
ws_20250922_TMO,TMO,2025-09-22T09:00:00+00:00,1,,resolved_loss,-0.7651,-3.5836,-0.7651,resolved_loss
ws_20250922_C,C,2025-09-22T09:00:00+00:00,1,,resolved_win,1.0502,-1.2675,1.0502,resolved_win
ws_20250922_OXY,OXY,2025-09-22T09:00:00+00:00,1,,resolved_win,1.4388,3.2861,1.4388,resolved_win
ws_20250922_PYPL,PYPL,2025-09-22T09:00:00+00:00,1,,resolved_win,1.643,2.7161,1.643,resolved_win
ws_20250922_INTC,INTC,2025-09-22T09:00:00+00:00,1,,resolved_win,3.4248,18.7508,3.4248,resolved_win
ws_20250922_SAP,SAP,2025-09-22T09:00:00+00:00,1,,resolved_loss,-0.5591,-2.0317,-0.5591,resolved_loss
ws_20250922_DE,DE,2025-09-22T09:00:00+00:00,1,,resolved_loss,-0.6866,-1.2622,-0.6866,resolved_loss
ws_20250922_BA,BA,2025-09-22T09:00:00+00:00,1,,resolved_win,1.5985,2.0829,1.5985,resolved_win
ws_20250922_VNQ,VNQ,2025-09-22T09:00:00+00:00,1,,resolved_loss,-0.4099,-2.4185,-0.4099,resolved_loss
ws_20250922_BETR,BETR,2025-09-22T09:00:00+00:00,1,,resolved_win,49.293,6.5809,49.293,resolved_win
ws_20250922_NFLX,NFLX,2025-09-22T09:00:00+00:00,0,,resolved_loss,-0.6489,-90.1221,-0.6489,resolved_loss
ws_20250922_TSLA,TSLA,2025-09-22T09:00:00+00:00,0,,resolved_loss,-1.1774,0.3532,-1.1774,resolved_loss
ws_20250922_NVDA,NVDA,2025-09-22T09:00:00+00:00,0,,resolved_win,1.41,3.4656,1.41,resolved_win
ws_20250922_META,META,2025-09-22T09:00:00+00:00,0,,resolved_loss,-0.7043,-4.3493,-0.7043,resolved_loss
ws_20250922_MSFT,MSFT,2025-09-22T09:00:00+00:00,0,,resolved_loss,-0.5823,-0.5859,-0.5823,resolved_loss
ws_20250922_AAPL,AAPL,2025-09-22T09:00:00+00:00,0,,resolved_loss,-0.9503,-0.7813,-0.9503,resolved_loss
ws_20250922_ARM,ARM,2025-09-22T09:00:00+00:00,0,,resolved_win,2.1047,-2.0837,2.1047,resolved_win
ws_20250922_PLTR,PLTR,2025-09-22T09:00:00+00:00,0,,resolved_win,2.4189,-0.7657,2.4189,resolved_win
ws_20250922_AMD,AMD,2025-09-22T09:00:00+00:00,0,,resolved_loss,-1.0615,0.1614,-1.0615,resolved_loss
ws_20250922_SMCI,SMCI,2025-09-22T09:00:00+00:00,0,,resolved_win,2.8875,0.6513,2.8875,resolved_win
ws_20250922_AVGO,AVGO,2025-09-22T09:00:00+00:00,0,,resolved_loss,-0.9542,-4.9868,-0.9542,resolved_loss
ws_20250922_CRM,CRM,2025-09-22T09:00:00+00:00,0,,resolved_loss,-0.8553,-2.2381,-0.8553,resolved_loss
ws_20250922_SNOW,SNOW,2025-09-22T09:00:00+00:00,0,,resolved_loss,-1.0244,-1.3878,-1.0244,resolved_loss
ws_20250922_ORCL,ORCL,2025-09-22T09:00:00+00:00,0,,resolved_loss,-1.7047,-12.0876,-1.7047,resolved_loss
ws_20250922_NOW,NOW,2025-09-22T09:00:00+00:00,0,,resolved_loss,-0.9562,-80.1069,-0.9562,resolved_loss
ws_20250922_VEEV,VEEV,2025-09-22T09:00:00+00:00,0,,resolved_win,1.5361,5.4071,1.5361,resolved_win
ws_20250922_ZM,ZM,2025-09-22T09:00:00+00:00,0,,resolved_loss,-0.7089,-1.2287,-0.7089,resolved_loss
ws_20250922_WDAY,WDAY,2025-09-22T09:00:00+00:00,0,,resolved_win,2.0489,3.9928,2.0489,resolved_win
ws_20250922_NET,NET,2025-09-22T09:00:00+00:00,0,,resolved_loss,-1.2195,-3.7728,-1.2195,resolved_loss
ws_20250922_TEAM,TEAM,2025-09-22T09:00:00+00:00,0,,resolved_loss,-1.1276,-2.9187,-1.1276,resolved_loss
ws_20250922_MDB,MDB,2025-09-22T09:00:00+00:00,0,,resolved_loss,-1.1815,-2.8457,-1.1815,resolved_loss
ws_20250922_ADP,ADP,2025-09-22T09:00:00+00:00,0,,resolved_loss,-0.5401,-1.1101,-0.5401,resolved_loss
ws_20250922_INTU,INTU,2025-09-22T09:00:00+00:00,0,,resolved_loss,-0.852,-0.69,-0.852,resolved_loss
ws_20250922_COIN,COIN,2025-09-22T09:00:00+00:00,0,,resolved_loss,-1.6506,0.8496,-1.6506,resolved_loss
ws_20250922_RBLX,RBLX,2025-09-22T09:00:00+00:00,0,,resolved_loss,-1.3696,3.6766,-1.3696,resolved_loss
ws_20250922_CRWD,CRWD,2025-09-22T09:00:00+00:00,0,,resolved_loss,-1.2531,-0.7961,-1.2531,resolved_loss
ws_20250922_ABNB,ABNB,2025-09-22T09:00:00+00:00,0,,resolved_loss,-1.0089,-2.3514,-1.0089,resolved_loss
ws_20250922_PANW,PANW,2025-09-22T09:00:00+00:00,0,,resolved_loss,-0.8065,-1.4971,-0.8065,resolved_loss
ws_20250922_UBER,UBER,2025-09-22T09:00:00+00:00,0,,resolved_loss,-1.194,-1.7466,-1.194,resolved_loss
ws_20250922_ZS,ZS,2025-09-22T09:00:00+00:00,0,,resolved_loss,-0.9954,2.6199,-0.9954,resolved_loss
ws_20250922_MARA,MARA,2025-09-22T09:00:00+00:00,0,,resolved_win,4.9774,5.543,4.9774,resolved_win
ws_20250922_SOFI,SOFI,2025-09-22T09:00:00+00:00,0,,resolved_loss,-1.5509,-8.3692,-1.5509,resolved_loss
ws_20250922_RIVN,RIVN,2025-09-22T09:00:00+00:00,0,,resolved_win,4.5773,1.9044,4.5773,resolved_win
ws_20250922_MRNA,MRNA,2025-09-22T09:00:00+00:00,0,,resolved_loss,-2.0294,-5.6786,-2.0294,resolved_loss
ws_20250922_LCID,LCID,2025-09-22T09:00:00+00:00,0,,resolved_win,3.5308,10.1557,3.5308,resolved_win
ws_20250922_BNTX,BNTX,2025-09-22T09:00:00+00:00,0,,resolved_loss,-1.2145,0.1225,-1.2145,resolved_loss
ws_20250922_JNJ,JNJ,2025-09-22T09:00:00+00:00,0,,resolved_loss,-0.6276,1.5941,-0.6276,resolved_loss
ws_20250922_UNH,UNH,2025-09-22T09:00:00+00:00,0,,resolved_loss,-1.0336,-0.3749,-1.0336,resolved_loss
ws_20250922_PFE,PFE,2025-09-22T09:00:00+00:00,0,,resolved_loss,-0.8342,-7.7239,-0.8342,resolved_loss
ws_20250922_LLY,LLY,2025-09-22T09:00:00+00:00,0,,resolved_loss,-0.8806,-4.837,-0.8806,resolved_loss
ws_20250922_MRK,MRK,2025-09-22T09:00:00+00:00,0,,resolved_loss,-0.6384,-5.0445,-0.6384,resolved_loss
ws_20250922_ABBV,ABBV,2025-09-22T09:00:00+00:00,0,,resolved_loss,-0.6129,-2.8302,-0.6129,resolved_loss
ws_20250922_DHR,DHR,2025-09-22T09:00:00+00:00,0,,resolved_loss,-0.7059,-3.0498,-0.7059,resolved_loss
ws_20250922_ISRG,ISRG,2025-09-22T09:00:00+00:00,0,,resolved_win,1.5484,-0.7143,1.5484,resolved_win
ws_20250922_JPM,JPM,2025-09-22T09:00:00+00:00,0,,resolved_loss,-0.6527,-0.4449,-0.6527,resolved_loss
ws_20250922_CVS,CVS,2025-09-22T09:00:00+00:00,0,,resolved_loss,-0.9757,-1.4987,-0.9757,resolved_loss
ws_20250922_BAC,BAC,2025-09-22T09:00:00+00:00,0,,resolved_loss,-0.4996,-1.0219,-0.4996,resolved_loss
ws_20250922_GS,GS,2025-09-22T09:00:00+00:00,0,,resolved_win,1.272,-1.2438,1.272,resolved_win
ws_20250922_WFC,WFC,2025-09-22T09:00:00+00:00,0,,resolved_loss,-0.6147,-1.5141,-0.6147,resolved_loss
ws_20250922_MS,MS,2025-09-22T09:00:00+00:00,0,,resolved_loss,-0.6492,-0.9585,-0.6492,resolved_loss
ws_20250922_SCHW,SCHW,2025-09-22T09:00:00+00:00,0,,resolved_loss,-0.5213,1.9287,-0.5213,resolved_loss
ws_20250922_XOM,XOM,2025-09-22T09:00:00+00:00,0,,resolved_loss,-0.4731,-0.2753,-0.4731,resolved_loss
ws_20250922_CVX,CVX,2025-09-22T09:00:00+00:00,0,,resolved_loss,-0.4554,-3.1639,-0.4554,resolved_loss
ws_20250922_COP,COP,2025-09-22T09:00:00+00:00,0,,resolved_win,1.206,1.6301,1.206,resolved_win
ws_20250922_SLB,SLB,2025-09-22T09:00:00+00:00,0,,resolved_win,2.0855,1.9079,2.0855,resolved_win
ws_20250922_EOG,EOG,2025-09-22T09:00:00+00:00,0,,resolved_loss,-0.6126,-4.7843,-0.6126,resolved_loss
ws_20250922_FSLR,FSLR,2025-09-22T09:00:00+00:00,0,,resolved_win,3.8701,3.109,3.8701,resolved_win
ws_20250922_DVN,DVN,2025-09-22T09:00:00+00:00,0,,resolved_win,1.478,3.7819,1.478,resolved_win
ws_20250922_EQT,EQT,2025-09-22T09:00:00+00:00,0,,resolved_win,2.0846,10.3501,2.0846,resolved_win
ws_20250922_ENPH,ENPH,2025-09-22T09:00:00+00:00,0,,resolved_loss,-2.1067,-11.1002,-2.1067,resolved_loss
ws_20250922_V,V,2025-09-22T09:00:00+00:00,0,,resolved_loss,-0.6048,-1.2161,-0.6048,resolved_loss
ws_20250922_MA,MA,2025-09-22T09:00:00+00:00,0,,resolved_loss,-0.5661,-3.5607,-0.5661,resolved_loss
ws_20250922_AXP,AXP,2025-09-22T09:00:00+00:00,0,,resolved_loss,-0.7312,-1.2677,-0.7312,resolved_loss
ws_20250922_SPY,SPY,2025-09-22T09:00:00+00:00,0,,resolved_loss,-0.1896,-0.7008,-0.1896,resolved_loss
ws_20250922_QQQ,QQQ,2025-09-22T09:00:00+00:00,0,,resolved_loss,-0.2349,-0.4888,-0.2349,resolved_loss
ws_20250922_IWM,IWM,2025-09-22T09:00:00+00:00,0,,resolved_win,0.9362,-1.0379,0.9362,resolved_win
ws_20250922_DIA,DIA,2025-09-22T09:00:00+00:00,0,,resolved_loss,-0.2872,-0.8428,-0.2872,resolved_loss
ws_20250922_XLK,XLK,2025-09-22T09:00:00+00:00,0,,resolved_loss,-0.2997,-50.1271,-0.2997,resolved_loss
ws_20250922_XLF,XLF,2025-09-22T09:00:00+00:00,0,,resolved_loss,-0.3803,-0.4441,-0.3803,resolved_loss
ws_20250922_XLV,XLV,2025-09-22T09:00:00+00:00,0,,resolved_loss,-0.354,-1.6387,-0.354,resolved_loss
ws_20250922_XLE,XLE,2025-09-22T09:00:00+00:00,0,,resolved_loss,-0.4795,-49.2263,-0.4795,resolved_loss
ws_20250922_XLY,XLY,2025-09-22T09:00:00+00:00,0,,resolved_loss,-0.3189,-50.3454,-0.3189,resolved_loss
ws_20250922_XLP,XLP,2025-09-22T09:00:00+00:00,0,,resolved_loss,-0.346,-1.25,-0.346,resolved_loss
ws_20250922_XLI,XLI,2025-09-22T09:00:00+00:00,0,,resolved_loss,-0.3413,-0.1771,-0.3413,resolved_loss
ws_20250922_XLB,XLB,2025-09-22T09:00:00+00:00,0,,resolved_loss,-0.4214,-51.0207,-0.4214,resolved_loss
ws_20250922_XLU,XLU,2025-09-22T09:00:00+00:00,0,,resolved_loss,-0.403,-49.1329,-0.403,resolved_loss
ws_20250922_XLC,XLC,2025-09-22T09:00:00+00:00,0,,resolved_loss,-0.3371,-0.7319,-0.3371,resolved_loss
ws_20250922_SOXX,SOXX,2025-09-22T09:00:00+00:00,0,,resolved_win,0.9196,-0.0852,0.9196,resolved_win
ws_20250922_XLRE,XLRE,2025-09-22T09:00:00+00:00,0,,resolved_loss,-0.4576,-0.7002,-0.4576,resolved_loss
ws_20250922_SMH,SMH,2025-09-22T09:00:00+00:00,0,,resolved_win,0.7654,0.9032,0.7654,resolved_win
ws_20250922_QCOM,QCOM,2025-09-22T09:00:00+00:00,0,,resolved_loss,-0.8544,-3.4003,-0.8544,resolved_loss
ws_20250922_TXN,TXN,2025-09-22T09:00:00+00:00,0,,resolved_loss,-0.5931,-0.4993,-0.5931,resolved_loss
ws_20250922_ASML,ASML,2025-09-22T09:00:00+00:00,0,,resolved_loss,-0.8469,0.1117,-0.8469,resolved_loss
ws_20250922_MU,MU,2025-09-22T09:00:00+00:00,0,,resolved_loss,-1.1351,-1.7042,-1.1351,resolved_loss
ws_20250922_TSM,TSM,2025-09-22T09:00:00+00:00,0,,resolved_win,1.7017,0.2534,1.7017,resolved_win
ws_20250922_AMGN,AMGN,2025-09-22T09:00:00+00:00,0,,resolved_loss,-0.7996,-6.3716,-0.7996,resolved_loss
ws_20250922_GILD,GILD,2025-09-22T09:00:00+00:00,0,,resolved_loss,-0.7609,-1.5667,-0.7609,resolved_loss
ws_20250922_BMY,BMY,2025-09-22T09:00:00+00:00,0,,resolved_loss,-0.6509,-6.0045,-0.6509,resolved_loss
ws_20250922_ZTS,ZTS,2025-09-22T09:00:00+00:00,0,,resolved_loss,-0.6886,-2.67,-0.6886,resolved_loss
ws_20250922_REGN,REGN,2025-09-22T09:00:00+00:00,0,,resolved_loss,-0.7246,-6.3197,-0.7246,resolved_loss
ws_20250922_KO,KO,2025-09-22T09:00:00+00:00,0,,resolved_loss,-0.3842,-1.8734,-0.3842,resolved_loss
ws_20250922_PEP,PEP,2025-09-22T09:00:00+00:00,0,,resolved_loss,-0.4816,-3.576,-0.4816,resolved_loss
ws_20250922_PG,PG,2025-09-22T09:00:00+00:00,0,,resolved_loss,-0.5183,-2.6451,-0.5183,resolved_loss
ws_20250922_BLK,BLK,2025-09-22T09:00:00+00:00,0,,resolved_loss,-0.5659,1.6644,-0.5659,resolved_loss
ws_20250922_BK,BK,2025-09-22T09:00:00+00:00,0,,resolved_loss,-0.5163,-0.1754,-0.5163,resolved_loss
ws_20250922_USB,USB,2025-09-22T09:00:00+00:00,0,,resolved_loss,-0.5974,-4.4865,-0.5974,resolved_loss
ws_20250922_NEE,NEE,2025-09-22T09:00:00+00:00,0,,resolved_loss,-0.6728,3.5418,-0.6728,resolved_loss
ws_20250922_DUK,DUK,2025-09-22T09:00:00+00:00,0,,resolved_loss,-0.4047,-1.1485,-0.4047,resolved_loss
ws_20250922_PNC,PNC,2025-09-22T09:00:00+00:00,0,,resolved_loss,-0.5791,-3.5334,-0.5791,resolved_loss
ws_20250922_BP,BP,2025-09-22T09:00:00+00:00,0,,resolved_loss,-0.464,-2.9766,-0.464,resolved_loss
ws_20250922_SHEL,SHEL,2025-09-22T09:00:00+00:00,0,,resolved_loss,-0.3453,-0.6787,-0.3453,resolved_loss
ws_20250922_RIO,RIO,2025-09-22T09:00:00+00:00,0,,resolved_loss,-0.5691,0.841,-0.5691,resolved_loss
ws_20250922_BHP,BHP,2025-09-22T09:00:00+00:00,0,,resolved_loss,-0.6015,3.6359,-0.6015,resolved_loss
ws_20250922_VALE,VALE,2025-09-22T09:00:00+00:00,0,,resolved_loss,-0.7339,-6.3333,-0.7339,resolved_loss
ws_20250922_COST,COST,2025-09-22T09:00:00+00:00,0,,resolved_loss,-0.497,-3.0496,-0.497,resolved_loss
ws_20250922_WMT,WMT,2025-09-22T09:00:00+00:00,0,,resolved_loss,-0.6432,-0.1422,-0.6432,resolved_loss
ws_20250922_LOW,LOW,2025-09-22T09:00:00+00:00,0,,resolved_loss,-0.6613,-4.5317,-0.6613,resolved_loss
ws_20250922_TGT,TGT,2025-09-22T09:00:00+00:00,0,,resolved_loss,-0.6797,-0.8891,-0.6797,resolved_loss
ws_20250922_HD,HD,2025-09-22T09:00:00+00:00,0,,resolved_loss,-0.6232,-3.3698,-0.6232,resolved_loss
ws_20250922_NKE,NKE,2025-09-22T09:00:00+00:00,0,,resolved_loss,-0.9257,-5.9903,-0.9257,resolved_loss
ws_20250922_MCD,MCD,2025-09-22T09:00:00+00:00,0,,resolved_loss,-0.4815,-1.8794,-0.4815,resolved_loss
ws_20250922_SBUX,SBUX,2025-09-22T09:00:00+00:00,0,,resolved_loss,-0.8621,-0.8164,-0.8621,resolved_loss
ws_20250922_BKNG,BKNG,2025-09-22T09:00:00+00:00,0,,resolved_loss,-0.6229,-96.0056,-0.6229,resolved_loss
ws_20250922_TJX,TJX,2025-09-22T09:00:00+00:00,0,,resolved_loss,-0.3957,2.3291,-0.3957,resolved_loss
ws_20250922_ROST,ROST,2025-09-22T09:00:00+00:00,0,,resolved_loss,-0.5879,4.3625,-0.5879,resolved_loss
ws_20250922_CMG,CMG,2025-09-22T09:00:00+00:00,0,,resolved_loss,-1.0216,0.6432,-1.0216,resolved_loss
ws_20250922_PM,PM,2025-09-22T09:00:00+00:00,0,,resolved_loss,-0.8489,-1.0003,-0.8489,resolved_loss
ws_20250922_MO,MO,2025-09-22T09:00:00+00:00,0,,resolved_loss,-0.5587,-0.17,-0.5587,resolved_loss
ws_20250922_CAT,CAT,2025-09-22T09:00:00+00:00,0,,resolved_win,1.537,0.6599,1.537,resolved_win
ws_20250922_GE,GE,2025-09-22T09:00:00+00:00,0,,resolved_win,1.3166,-1.6363,1.3166,resolved_win
ws_20250922_LMT,LMT,2025-09-22T09:00:00+00:00,0,,resolved_loss,-0.6011,1.0606,-0.6011,resolved_loss
ws_20250922_RTX,RTX,2025-09-22T09:00:00+00:00,0,,resolved_loss,-0.5893,1.952,-0.5893,resolved_loss
ws_20250922_HON,HON,2025-09-22T09:00:00+00:00,0,,resolved_loss,-0.5162,-7.2651,-0.5162,resolved_loss
ws_20250922_NOC,NOC,2025-09-22T09:00:00+00:00,0,,resolved_loss,-0.5265,2.0261,-0.5265,resolved_loss
ws_20250922_ETN,ETN,2025-09-22T09:00:00+00:00,0,,resolved_loss,-0.625,-2.9903,-0.625,resolved_loss
ws_20250922_T,T,2025-09-22T09:00:00+00:00,0,,resolved_loss,-0.6084,-5.5627,-0.6084,resolved_loss
ws_20250922_VZ,VZ,2025-09-22T09:00:00+00:00,0,,resolved_loss,-0.4986,-4.5225,-0.4986,resolved_loss
ws_20250922_CSCO,CSCO,2025-09-22T09:00:00+00:00,0,,resolved_loss,-0.5787,-1.1806,-0.5787,resolved_loss
ws_20250922_EEM,EEM,2025-09-22T09:00:00+00:00,0,,resolved_loss,-0.2074,-1.1507,-0.2074,resolved_loss
ws_20250922_EFA,EFA,2025-09-22T09:00:00+00:00,0,,resolved_loss,-0.1988,-1.7002,-0.1988,resolved_loss
ws_20250922_TLT,TLT,2025-09-22T09:00:00+00:00,0,,resolved_loss,-0.2256,-2.1583,-0.2256,resolved_loss
ws_20250922_HYG,HYG,2025-09-22T09:00:00+00:00,0,,resolved_loss,-0.0677,-4.3487,-0.0677,resolved_loss
ws_20250922_TNGX,TNGX,2025-09-22T09:00:00+00:00,0,,resolved_win,7.8541,18.3731,7.8541,resolved_win
ws_20250922_WINA,WINA,2025-09-22T09:00:00+00:00,0,,resolved_loss,-0.8664,-2.4186,-0.8664,resolved_loss
ws_20250923_MSFT,MSFT,2025-09-23T09:00:00+00:00,2,,resolved_loss,-0.4031,1.1935,-0.4031,resolved_loss
ws_20250923_MDB,MDB,2025-09-23T09:00:00+00:00,2,,resolved_loss,-0.9687,-2.859,-0.9687,resolved_loss
ws_20250923_DHR,DHR,2025-09-23T09:00:00+00:00,2,,resolved_loss,-0.5865,4.3935,-0.5865,resolved_loss
ws_20250923_WFC,WFC,2025-09-23T09:00:00+00:00,2,,resolved_loss,-0.7246,-1.9932,-0.7246,resolved_loss
ws_20250923_SMH,SMH,2025-09-23T09:00:00+00:00,2,,resolved_loss,-0.4638,1.2629,-0.4638,resolved_loss
ws_20250923_SOXX,SOXX,2025-09-23T09:00:00+00:00,2,,resolved_loss,-0.4776,0.5656,-0.4776,resolved_loss
ws_20250923_ZTS,ZTS,2025-09-23T09:00:00+00:00,2,,resolved_loss,-0.7623,1.5728,-0.7623,resolved_loss
ws_20250923_PNC,PNC,2025-09-23T09:00:00+00:00,2,,resolved_loss,-0.5147,-3.8919,-0.5147,resolved_loss
ws_20250923_AAPL,AAPL,2025-09-23T09:00:00+00:00,1,,resolved_loss,-0.5516,-0.0669,-0.5516,resolved_loss
ws_20250923_NVDA,NVDA,2025-09-23T09:00:00+00:00,1,,resolved_loss,-0.8212,4.4549,-0.8212,resolved_loss
ws_20250923_AVGO,AVGO,2025-09-23T09:00:00+00:00,1,,resolved_loss,-0.9612,-2.8155,-0.9612,resolved_loss
ws_20250923_PLTR,PLTR,2025-09-23T09:00:00+00:00,1,,resolved_loss,-1.4509,-0.2645,-1.4509,resolved_loss
ws_20250923_ORCL,ORCL,2025-09-23T09:00:00+00:00,1,,resolved_loss,-1.2987,-10.9642,-1.2987,resolved_loss
ws_20250923_WDAY,WDAY,2025-09-23T09:00:00+00:00,1,,resolved_loss,-0.7789,0.2707,-0.7789,resolved_loss
ws_20250923_VEEV,VEEV,2025-09-23T09:00:00+00:00,1,,resolved_loss,-0.5126,6.4135,-0.5126,resolved_loss
ws_20250923_RBLX,RBLX,2025-09-23T09:00:00+00:00,1,,resolved_loss,-1.2473,3.772,-1.2473,resolved_loss
ws_20250923_ZS,ZS,2025-09-23T09:00:00+00:00,1,,resolved_loss,-0.7923,3.4577,-0.7923,resolved_loss
ws_20250923_PANW,PANW,2025-09-23T09:00:00+00:00,1,,resolved_loss,-0.6307,0.3252,-0.6307,resolved_loss
ws_20250923_RIOT,RIOT,2025-09-23T09:00:00+00:00,1,,resolved_win,4.3448,11.056,4.3448,resolved_win
ws_20250923_MARA,MARA,2025-09-23T09:00:00+00:00,1,,resolved_win,4.3826,2.3095,4.3826,resolved_win
ws_20250923_SHOP,SHOP,2025-09-23T09:00:00+00:00,1,,resolved_loss,-1.1696,-0.6817,-1.1696,resolved_loss
ws_20250923_RIVN,RIVN,2025-09-23T09:00:00+00:00,1,,resolved_loss,-1.7725,-5.3819,-1.7725,resolved_loss
ws_20250923_BNTX,BNTX,2025-09-23T09:00:00+00:00,1,,resolved_win,1.2839,0.6613,1.2839,resolved_win
ws_20250923_MRK,MRK,2025-09-23T09:00:00+00:00,1,,resolved_loss,-0.5568,3.3684,-0.5568,resolved_loss
ws_20250923_ABBV,ABBV,2025-09-23T09:00:00+00:00,1,,resolved_loss,-0.5886,1.6273,-0.5886,resolved_loss
ws_20250923_JPM,JPM,2025-09-23T09:00:00+00:00,1,,resolved_loss,-0.4877,-0.2428,-0.4877,resolved_loss
ws_20250923_MS,MS,2025-09-23T09:00:00+00:00,1,,resolved_loss,-0.6169,-2.6157,-0.6169,resolved_loss
ws_20250923_GS,GS,2025-09-23T09:00:00+00:00,1,,resolved_loss,-0.6519,-2.5451,-0.6519,resolved_loss
ws_20250923_C,C,2025-09-23T09:00:00+00:00,1,,resolved_loss,-0.7548,-2.7001,-0.7548,resolved_loss
ws_20250923_SCHW,SCHW,2025-09-23T09:00:00+00:00,1,,resolved_loss,-0.464,0.8481,-0.464,resolved_loss
ws_20250923_OXY,OXY,2025-09-23T09:00:00+00:00,1,,resolved_loss,-0.6247,0.2588,-0.6247,resolved_loss
ws_20250923_EOG,EOG,2025-09-23T09:00:00+00:00,1,,resolved_loss,-0.612,-5.9068,-0.612,resolved_loss
ws_20250923_ENPH,ENPH,2025-09-23T09:00:00+00:00,1,,resolved_loss,-1.7101,-6.8929,-1.7101,resolved_loss
ws_20250923_QQQ,QQQ,2025-09-23T09:00:00+00:00,1,,resolved_loss,-0.2795,0.2079,-0.2795,resolved_loss
ws_20250923_DIA,DIA,2025-09-23T09:00:00+00:00,1,,resolved_loss,-0.2584,-0.5867,-0.2584,resolved_loss
ws_20250923_XLK,XLK,2025-09-23T09:00:00+00:00,1,,resolved_loss,-0.3448,-49.7787,-0.3448,resolved_loss
ws_20250923_XLRE,XLRE,2025-09-23T09:00:00+00:00,1,,resolved_loss,-0.2862,-1.2728,-0.2862,resolved_loss
ws_20250923_INTC,INTC,2025-09-23T09:00:00+00:00,1,,resolved_win,2.8178,13.9966,2.8178,resolved_win
ws_20250923_GILD,GILD,2025-09-23T09:00:00+00:00,1,,resolved_loss,-0.8047,-4.6074,-0.8047,resolved_loss
ws_20250923_BLK,BLK,2025-09-23T09:00:00+00:00,1,,resolved_loss,-0.4344,1.6181,-0.4344,resolved_loss
ws_20250923_BK,BK,2025-09-23T09:00:00+00:00,1,,resolved_loss,-0.4973,-0.9851,-0.4973,resolved_loss
ws_20250923_SBUX,SBUX,2025-09-23T09:00:00+00:00,1,,resolved_loss,-0.6302,-3.1872,-0.6302,resolved_loss
ws_20250923_TJX,TJX,2025-09-23T09:00:00+00:00,1,,resolved_loss,-0.3654,2.6281,-0.3654,resolved_loss
ws_20250923_CMG,CMG,2025-09-23T09:00:00+00:00,1,,resolved_loss,-0.6103,-1.3654,-0.6103,resolved_loss
ws_20250923_LMT,LMT,2025-09-23T09:00:00+00:00,1,,resolved_loss,-0.5383,0.9953,-0.5383,resolved_loss
ws_20250923_NOC,NOC,2025-09-23T09:00:00+00:00,1,,resolved_win,0.9054,4.8634,0.9054,resolved_win
ws_20250923_RTX,RTX,2025-09-23T09:00:00+00:00,1,,resolved_loss,-0.4976,3.5461,-0.4976,resolved_loss
ws_20250923_EFA,EFA,2025-09-23T09:00:00+00:00,1,,resolved_loss,-0.1988,-1.4367,-0.1988,resolved_loss
ws_20250923_EEM,EEM,2025-09-23T09:00:00+00:00,1,,resolved_loss,-0.2158,-1.1981,-0.2158,resolved_loss
ws_20250923_HYG,HYG,2025-09-23T09:00:00+00:00,1,,resolved_loss,-0.0677,-4.3488,-0.0677,resolved_loss
ws_20250923_TSLA,TSLA,2025-09-23T09:00:00+00:00,0,,resolved_win,2.5609,4.075,2.5609,resolved_win
ws_20250923_GOOGL,GOOGL,2025-09-23T09:00:00+00:00,0,,resolved_loss,-0.6218,-3.2903,-0.6218,resolved_loss
ws_20250923_AMZN,AMZN,2025-09-23T09:00:00+00:00,0,,resolved_win,1.1665,-0.3359,1.1665,resolved_win
ws_20250923_ASST,ASST,2025-09-23T09:00:00+00:00,0,,resolved_win,7.9223,1394.7683,7.9223,resolved_win
ws_20250923_META,META,2025-09-23T09:00:00+00:00,0,,resolved_loss,-0.6637,-2.738,-0.6637,resolved_loss
ws_20250923_NFLX,NFLX,2025-09-23T09:00:00+00:00,0,,resolved_loss,-0.6232,-90.1351,-0.6232,resolved_loss
ws_20250923_AMD,AMD,2025-09-23T09:00:00+00:00,0,,resolved_win,2.0775,0.9358,2.0775,resolved_win
ws_20250923_SMCI,SMCI,2025-09-23T09:00:00+00:00,0,,resolved_loss,-1.8205,2.6772,-1.8205,resolved_loss
ws_20250923_CRM,CRM,2025-09-23T09:00:00+00:00,0,,resolved_loss,-0.7475,-3.8316,-0.7475,resolved_loss
ws_20250923_SNOW,SNOW,2025-09-23T09:00:00+00:00,0,,resolved_loss,-1.1286,0.6156,-1.1286,resolved_loss
ws_20250923_ARM,ARM,2025-09-23T09:00:00+00:00,0,,resolved_win,1.7415,0.5758,1.7415,resolved_win
ws_20250923_ADBE,ADBE,2025-09-23T09:00:00+00:00,0,,resolved_loss,-0.5968,-2.531,-0.5968,resolved_loss
ws_20250923_NOW,NOW,2025-09-23T09:00:00+00:00,0,,resolved_loss,-0.6123,-80.1578,-0.6123,resolved_loss
ws_20250923_ZM,ZM,2025-09-23T09:00:00+00:00,0,,resolved_win,1.2546,0.4872,1.2546,resolved_win
ws_20250923_FTNT,FTNT,2025-09-23T09:00:00+00:00,0,,resolved_loss,-0.6991,-1.426,-0.6991,resolved_loss
ws_20250923_NET,NET,2025-09-23T09:00:00+00:00,0,,resolved_loss,-1.2069,-3.7195,-1.2069,resolved_loss
ws_20250923_OKTA,OKTA,2025-09-23T09:00:00+00:00,0,,resolved_win,1.803,-0.4019,1.803,resolved_win
ws_20250923_DDOG,DDOG,2025-09-23T09:00:00+00:00,0,,resolved_loss,-0.9002,3.7939,-0.9002,resolved_loss
ws_20250923_TEAM,TEAM,2025-09-23T09:00:00+00:00,0,,resolved_loss,-1.0547,-4.0236,-1.0547,resolved_loss
ws_20250923_COIN,COIN,2025-09-23T09:00:00+00:00,0,,resolved_loss,-1.2933,5.6869,-1.2933,resolved_loss
ws_20250923_ADP,ADP,2025-09-23T09:00:00+00:00,0,,resolved_loss,-0.5121,0.0676,-0.5121,resolved_loss
ws_20250923_INTU,INTU,2025-09-23T09:00:00+00:00,0,,resolved_loss,-0.656,-2.8411,-0.656,resolved_loss
ws_20250923_CRWD,CRWD,2025-09-23T09:00:00+00:00,0,,resolved_loss,-0.8674,1.2701,-0.8674,resolved_loss
ws_20250923_ABNB,ABNB,2025-09-23T09:00:00+00:00,0,,resolved_win,1.6557,-1.4528,1.6557,resolved_win
ws_20250923_UBER,UBER,2025-09-23T09:00:00+00:00,0,,resolved_win,1.8256,-0.0816,1.8256,resolved_win
ws_20250923_MSTR,MSTR,2025-09-23T09:00:00+00:00,0,,resolved_loss,-1.1932,-2.1738,-1.1932,resolved_loss
ws_20250923_SOFI,SOFI,2025-09-23T09:00:00+00:00,0,,resolved_loss,-1.4603,-9.7915,-1.4603,resolved_loss
ws_20250923_MRNA,MRNA,2025-09-23T09:00:00+00:00,0,,resolved_loss,-1.4966,0.4082,-1.4966,resolved_loss
ws_20250923_LCID,LCID,2025-09-23T09:00:00+00:00,0,,resolved_loss,-2.3189,4.9608,-2.3189,resolved_loss
ws_20250923_UNH,UNH,2025-09-23T09:00:00+00:00,0,,resolved_loss,-1.0058,-2.1961,-1.0058,resolved_loss
ws_20250923_JNJ,JNJ,2025-09-23T09:00:00+00:00,0,,resolved_loss,-0.4771,3.4915,-0.4771,resolved_loss
ws_20250923_PFE,PFE,2025-09-23T09:00:00+00:00,0,,resolved_loss,-0.5181,0.4215,-0.5181,resolved_loss
ws_20250923_LLY,LLY,2025-09-23T09:00:00+00:00,0,,resolved_loss,-0.5444,1.9303,-0.5444,resolved_loss
ws_20250923_ISRG,ISRG,2025-09-23T09:00:00+00:00,0,,resolved_loss,-0.5984,-0.1407,-0.5984,resolved_loss
ws_20250923_TMO,TMO,2025-09-23T09:00:00+00:00,0,,resolved_loss,-0.6335,2.582,-0.6335,resolved_loss
ws_20250923_CVS,CVS,2025-09-23T09:00:00+00:00,0,,resolved_loss,-0.6605,-3.8348,-0.6605,resolved_loss
ws_20250923_BAC,BAC,2025-09-23T09:00:00+00:00,0,,resolved_loss,-0.5531,-1.4634,-0.5531,resolved_loss
ws_20250923_XOM,XOM,2025-09-23T09:00:00+00:00,0,,resolved_loss,-0.4112,-3.5138,-0.4112,resolved_loss
ws_20250923_CVX,CVX,2025-09-23T09:00:00+00:00,0,,resolved_loss,-0.4436,-4.5012,-0.4436,resolved_loss
ws_20250923_COP,COP,2025-09-23T09:00:00+00:00,0,,resolved_loss,-0.6296,-1.4933,-0.6296,resolved_loss
ws_20250923_SLB,SLB,2025-09-23T09:00:00+00:00,0,,resolved_loss,-0.9551,-2.3911,-0.9551,resolved_loss
ws_20250923_DVN,DVN,2025-09-23T09:00:00+00:00,0,,resolved_win,1.4627,0.3758,1.4627,resolved_win
ws_20250923_FSLR,FSLR,2025-09-23T09:00:00+00:00,0,,resolved_win,2.9947,1.6033,2.9947,resolved_win
ws_20250923_EQT,EQT,2025-09-23T09:00:00+00:00,0,,resolved_win,1.8691,5.6162,1.8691,resolved_win
ws_20250923_PYPL,PYPL,2025-09-23T09:00:00+00:00,0,,resolved_loss,-0.6544,-1.124,-0.6544,resolved_loss
ws_20250923_V,V,2025-09-23T09:00:00+00:00,0,,resolved_loss,-0.5651,0.3937,-0.5651,resolved_loss
ws_20250923_MA,MA,2025-09-23T09:00:00+00:00,0,,resolved_loss,-0.6618,-0.7363,-0.6618,resolved_loss
ws_20250923_AXP,AXP,2025-09-23T09:00:00+00:00,0,,resolved_loss,-0.674,-3.4302,-0.674,resolved_loss
ws_20250923_SPY,SPY,2025-09-23T09:00:00+00:00,0,,resolved_loss,-0.2181,-0.0055,-0.2181,resolved_loss
ws_20250923_IWM,IWM,2025-09-23T09:00:00+00:00,0,,resolved_loss,-0.4922,-1.258,-0.4922,resolved_loss
ws_20250923_XLF,XLF,2025-09-23T09:00:00+00:00,0,,resolved_loss,-0.3541,-0.4514,-0.3541,resolved_loss
ws_20250923_XLE,XLE,2025-09-23T09:00:00+00:00,0,,resolved_loss,-0.4028,-50.761,-0.4028,resolved_loss
ws_20250923_XLY,XLY,2025-09-23T09:00:00+00:00,0,,resolved_loss,-0.3616,-49.8136,-0.3616,resolved_loss
ws_20250923_XLV,XLV,2025-09-23T09:00:00+00:00,0,,resolved_loss,-0.2703,0.8421,-0.2703,resolved_loss
ws_20250923_XLP,XLP,2025-09-23T09:00:00+00:00,0,,resolved_loss,-0.2491,-1.2567,-0.2491,resolved_loss
ws_20250923_XLI,XLI,2025-09-23T09:00:00+00:00,0,,resolved_loss,-0.3272,0.3095,-0.3272,resolved_loss
ws_20250923_XLB,XLB,2025-09-23T09:00:00+00:00,0,,resolved_loss,-0.3554,-50.7025,-0.3554,resolved_loss
ws_20250923_XLC,XLC,2025-09-23T09:00:00+00:00,0,,resolved_loss,-0.2874,-0.5978,-0.2874,resolved_loss
ws_20250923_XLU,XLU,2025-09-23T09:00:00+00:00,0,,resolved_loss,-0.3269,-49.7952,-0.3269,resolved_loss
ws_20250923_QCOM,QCOM,2025-09-23T09:00:00+00:00,0,,resolved_win,1.1869,-3.2458,1.1869,resolved_win
ws_20250923_TXN,TXN,2025-09-23T09:00:00+00:00,0,,resolved_loss,-0.5528,-0.9879,-0.5528,resolved_loss
ws_20250923_MU,MU,2025-09-23T09:00:00+00:00,0,,resolved_loss,-1.0203,0.2746,-1.0203,resolved_loss
ws_20250923_ASML,ASML,2025-09-23T09:00:00+00:00,0,,resolved_loss,-0.6561,0.4421,-0.6561,resolved_loss
ws_20250923_TSM,TSM,2025-09-23T09:00:00+00:00,0,,resolved_loss,-0.8292,-2.015,-0.8292,resolved_loss
ws_20250923_SAP,SAP,2025-09-23T09:00:00+00:00,0,,resolved_win,0.7267,-1.1091,0.7267,resolved_win
ws_20250923_AMGN,AMGN,2025-09-23T09:00:00+00:00,0,,resolved_loss,-0.4671,-3.443,-0.4671,resolved_loss
ws_20250923_BMY,BMY,2025-09-23T09:00:00+00:00,0,,resolved_loss,-0.5682,-3.0191,-0.5682,resolved_loss
ws_20250923_REGN,REGN,2025-09-23T09:00:00+00:00,0,,resolved_loss,-0.7649,-1.5237,-0.7649,resolved_loss
ws_20250923_NEE,NEE,2025-09-23T09:00:00+00:00,0,,resolved_loss,-0.5012,2.0708,-0.5012,resolved_loss
ws_20250923_PG,PG,2025-09-23T09:00:00+00:00,0,,resolved_loss,-0.459,-1.387,-0.459,resolved_loss
ws_20250923_KO,KO,2025-09-23T09:00:00+00:00,0,,resolved_loss,-0.3826,-1.8713,-0.3826,resolved_loss
ws_20250923_PEP,PEP,2025-09-23T09:00:00+00:00,0,,resolved_loss,-0.4015,-3.9143,-0.4015,resolved_loss
ws_20250923_USB,USB,2025-09-23T09:00:00+00:00,0,,resolved_loss,-0.4877,-3.7227,-0.4877,resolved_loss
ws_20250923_DUK,DUK,2025-09-23T09:00:00+00:00,0,,resolved_loss,-0.3821,-1.9628,-0.3821,resolved_loss
ws_20250923_RIO,RIO,2025-09-23T09:00:00+00:00,0,,resolved_loss,-0.3946,1.3483,-0.3946,resolved_loss
ws_20250923_BP,BP,2025-09-23T09:00:00+00:00,0,,resolved_loss,-0.4598,-4.671,-0.4598,resolved_loss
ws_20250923_SHEL,SHEL,2025-09-23T09:00:00+00:00,0,,resolved_loss,-0.3425,-2.7487,-0.3425,resolved_loss
ws_20250923_BHP,BHP,2025-09-23T09:00:00+00:00,0,,resolved_loss,-0.3859,2.9145,-0.3859,resolved_loss
ws_20250923_VALE,VALE,2025-09-23T09:00:00+00:00,0,,resolved_loss,-0.6859,-5.6777,-0.6859,resolved_loss
ws_20250923_COST,COST,2025-09-23T09:00:00+00:00,0,,resolved_loss,-0.438,-2.3634,-0.438,resolved_loss
ws_20250923_TGT,TGT,2025-09-23T09:00:00+00:00,0,,resolved_loss,-0.5494,-0.6171,-0.5494,resolved_loss
ws_20250923_WMT,WMT,2025-09-23T09:00:00+00:00,0,,resolved_loss,-0.4736,0.0383,-0.4736,resolved_loss
ws_20250923_HD,HD,2025-09-23T09:00:00+00:00,0,,resolved_loss,-0.4696,-3.4103,-0.4696,resolved_loss
ws_20250923_LOW,LOW,2025-09-23T09:00:00+00:00,0,,resolved_loss,-0.5067,-4.5246,-0.5067,resolved_loss
ws_20250923_NKE,NKE,2025-09-23T09:00:00+00:00,0,,resolved_loss,-0.5988,-3.8812,-0.5988,resolved_loss
ws_20250923_MCD,MCD,2025-09-23T09:00:00+00:00,0,,resolved_loss,-0.4292,-1.5002,-0.4292,resolved_loss
ws_20250923_BKNG,BKNG,2025-09-23T09:00:00+00:00,0,,resolved_loss,-0.4102,-96.08,-0.4102,resolved_loss
ws_20250923_ROST,ROST,2025-09-23T09:00:00+00:00,0,,resolved_win,0.9653,4.4018,0.9653,resolved_win
ws_20250923_MO,MO,2025-09-23T09:00:00+00:00,0,,resolved_loss,-0.4221,-1.4971,-0.4221,resolved_loss
ws_20250923_PM,PM,2025-09-23T09:00:00+00:00,0,,resolved_loss,-0.5924,-3.616,-0.5924,resolved_loss
ws_20250923_CAT,CAT,2025-09-23T09:00:00+00:00,0,,resolved_loss,-0.8146,0.4986,-0.8146,resolved_loss
ws_20250923_BA,BA,2025-09-23T09:00:00+00:00,0,,resolved_loss,-0.9415,-0.6376,-0.9415,resolved_loss
ws_20250923_DE,DE,2025-09-23T09:00:00+00:00,0,,resolved_loss,-0.5445,-3.5412,-0.5445,resolved_loss
ws_20250923_GE,GE,2025-09-23T09:00:00+00:00,0,,resolved_loss,-0.6234,-1.5587,-0.6234,resolved_loss
ws_20250923_HON,HON,2025-09-23T09:00:00+00:00,0,,resolved_loss,-0.3488,-6.7468,-0.3488,resolved_loss
ws_20250923_ETN,ETN,2025-09-23T09:00:00+00:00,0,,resolved_loss,-0.8562,1.0152,-0.8562,resolved_loss
ws_20250923_CSCO,CSCO,2025-09-23T09:00:00+00:00,0,,resolved_loss,-0.4816,-0.2997,-0.4816,resolved_loss
ws_20250923_VNQ,VNQ,2025-09-23T09:00:00+00:00,0,,resolved_loss,-0.2986,-2.6709,-0.2986,resolved_loss
ws_20250923_T,T,2025-09-23T09:00:00+00:00,0,,resolved_loss,-0.4683,-5.1885,-0.4683,resolved_loss
ws_20250923_VZ,VZ,2025-09-23T09:00:00+00:00,0,,resolved_loss,-0.3578,-3.4028,-0.3578,resolved_loss
ws_20250923_TLT,TLT,2025-09-23T09:00:00+00:00,0,,resolved_loss,-0.2466,-3.1093,-0.2466,resolved_loss
ws_20250923_TNGX,TNGX,2025-09-23T09:00:00+00:00,0,,resolved_win,4.8091,18.8119,4.8091,resolved_win
ws_20250923_WINA,WINA,2025-09-23T09:00:00+00:00,0,,resolved_loss,-1.0151,-2.8649,-1.0151,resolved_loss
ws_20250923_BETR,BETR,2025-09-23T09:00:00+00:00,0,,resolved_loss,-11.2665,-18.5497,-11.2665,resolved_loss
ws_20250924_MSFT,MSFT,2025-09-24T09:00:00+00:00,3,,resolved_loss,-0.4062,1.3381,-0.4062,resolved_loss
ws_20250924_PFE,PFE,2025-09-24T09:00:00+00:00,3,,resolved_loss,-0.5385,7.1731,-0.5385,resolved_loss
ws_20250924_MRK,MRK,2025-09-24T09:00:00+00:00,3,,resolved_loss,-0.5753,10.9419,-0.5753,resolved_loss
ws_20250924_META,META,2025-09-24T09:00:00+00:00,2,,resolved_loss,-0.7085,-5.1757,-0.7085,resolved_loss
ws_20250924_ASST,ASST,2025-09-24T09:00:00+00:00,2,,resolved_win,7.7741,1398.6864,7.7741,resolved_win
ws_20250924_ARM,ARM,2025-09-24T09:00:00+00:00,2,,resolved_loss,-0.837,6.6676,-0.837,resolved_loss
ws_20250924_CRM,CRM,2025-09-24T09:00:00+00:00,2,,resolved_loss,-0.7197,-4.2654,-0.7197,resolved_loss
ws_20250924_OKTA,OKTA,2025-09-24T09:00:00+00:00,2,,resolved_loss,-0.8567,-0.5639,-0.8567,resolved_loss
ws_20250924_DDOG,DDOG,2025-09-24T09:00:00+00:00,2,,resolved_loss,-0.9094,11.0869,-0.9094,resolved_loss
ws_20250924_MDB,MDB,2025-09-24T09:00:00+00:00,2,,resolved_loss,-0.9401,0.7584,-0.9401,resolved_loss
ws_20250924_COIN,COIN,2025-09-24T09:00:00+00:00,2,,resolved_loss,-1.2901,8.1308,-1.2901,resolved_loss
ws_20250924_ZS,ZS,2025-09-24T09:00:00+00:00,2,,resolved_loss,-0.8123,5.2681,-0.8123,resolved_loss
ws_20250924_PANW,PANW,2025-09-24T09:00:00+00:00,2,,resolved_loss,-0.6641,1.7316,-0.6641,resolved_loss
ws_20250924_ABNB,ABNB,2025-09-24T09:00:00+00:00,2,,resolved_loss,-0.8057,-0.9515,-0.8057,resolved_loss
ws_20250924_SHOP,SHOP,2025-09-24T09:00:00+00:00,2,,resolved_loss,-1.1473,-0.2335,-1.1473,resolved_loss
ws_20250924_MRNA,MRNA,2025-09-24T09:00:00+00:00,2,,resolved_loss,-1.4352,7.0597,-1.4352,resolved_loss
ws_20250924_ABBV,ABBV,2025-09-24T09:00:00+00:00,2,,resolved_loss,-0.6198,7.2197,-0.6198,resolved_loss
ws_20250924_TMO,TMO,2025-09-24T09:00:00+00:00,2,,resolved_loss,-0.7109,12.7682,-0.7109,resolved_loss
ws_20250924_JPM,JPM,2025-09-24T09:00:00+00:00,2,,resolved_loss,-0.4796,-2.078,-0.4796,resolved_loss
ws_20250924_BAC,BAC,2025-09-24T09:00:00+00:00,2,,resolved_loss,-0.5319,-3.5385,-0.5319,resolved_loss
ws_20250924_WFC,WFC,2025-09-24T09:00:00+00:00,2,,resolved_loss,-0.6874,-5.6554,-0.6874,resolved_loss
ws_20250924_C,C,2025-09-24T09:00:00+00:00,2,,resolved_loss,-0.7473,-5.7099,-0.7473,resolved_loss
ws_20250924_SCHW,SCHW,2025-09-24T09:00:00+00:00,2,,resolved_loss,-0.4578,-2.7349,-0.4578,resolved_loss
ws_20250924_V,V,2025-09-24T09:00:00+00:00,2,,resolved_loss,-0.5784,2.0249,-0.5784,resolved_loss
ws_20250924_SPY,SPY,2025-09-24T09:00:00+00:00,2,,resolved_loss,-0.2201,0.2134,-0.2201,resolved_loss
ws_20250924_XLV,XLV,2025-09-24T09:00:00+00:00,2,,resolved_loss,-0.2738,3.8933,-0.2738,resolved_loss
ws_20250924_DIA,DIA,2025-09-24T09:00:00+00:00,2,,resolved_loss,-0.2571,-0.5644,-0.2571,resolved_loss
ws_20250924_XLK,XLK,2025-09-24T09:00:00+00:00,2,,resolved_loss,-0.3319,-49.3476,-0.3319,resolved_loss
ws_20250924_XLF,XLF,2025-09-24T09:00:00+00:00,2,,resolved_loss,-0.3535,-1.5219,-0.3535,resolved_loss
ws_20250924_XLI,XLI,2025-09-24T09:00:00+00:00,2,,resolved_loss,-0.3332,-0.1271,-0.3332,resolved_loss
ws_20250924_INTC,INTC,2025-09-24T09:00:00+00:00,2,,resolved_win,2.6917,22.4531,2.6917,resolved_win
ws_20250924_REGN,REGN,2025-09-24T09:00:00+00:00,2,,resolved_loss,-0.8029,5.2145,-0.8029,resolved_loss
ws_20250924_BMY,BMY,2025-09-24T09:00:00+00:00,2,,resolved_loss,-0.6236,1.9345,-0.6236,resolved_loss
ws_20250924_ZTS,ZTS,2025-09-24T09:00:00+00:00,2,,resolved_loss,-0.7573,1.8063,-0.7573,resolved_loss
ws_20250924_USB,USB,2025-09-24T09:00:00+00:00,2,,resolved_loss,-0.5065,-4.909,-0.5065,resolved_loss
ws_20250924_NKE,NKE,2025-09-24T09:00:00+00:00,2,,resolved_loss,-0.585,2.3237,-0.585,resolved_loss
ws_20250924_BKNG,BKNG,2025-09-24T09:00:00+00:00,2,,resolved_loss,-0.4714,-96.147,-0.4714,resolved_loss
ws_20250924_CMG,CMG,2025-09-24T09:00:00+00:00,2,,resolved_loss,-0.6679,-1.7769,-0.6679,resolved_loss
ws_20250924_ETN,ETN,2025-09-24T09:00:00+00:00,2,,resolved_loss,-0.9037,0.5855,-0.9037,resolved_loss
ws_20250924_EFA,EFA,2025-09-24T09:00:00+00:00,2,,resolved_loss,-0.1933,-0.7146,-0.1933,resolved_loss
ws_20250924_TNGX,TNGX,2025-09-24T09:00:00+00:00,2,,resolved_win,4.9451,9.5467,4.9451,resolved_win
ws_20250924_HYG,HYG,2025-09-24T09:00:00+00:00,2,,resolved_loss,-0.0738,-4.2113,-0.0738,resolved_loss
ws_20250924_TSLA,TSLA,2025-09-24T09:00:00+00:00,1,,resolved_loss,-1.2869,7.8975,-1.2869,resolved_loss
ws_20250924_AMZN,AMZN,2025-09-24T09:00:00+00:00,1,,resolved_loss,-0.6297,-0.0498,-0.6297,resolved_loss
ws_20250924_NVDA,NVDA,2025-09-24T09:00:00+00:00,1,,resolved_loss,-0.9807,4.7921,-0.9807,resolved_loss
ws_20250924_AAPL,AAPL,2025-09-24T09:00:00+00:00,1,,resolved_loss,-0.5461,0.0783,-0.5461,resolved_loss
ws_20250924_GOOGL,GOOGL,2025-09-24T09:00:00+00:00,1,,resolved_loss,-0.6,-2.8839,-0.6,resolved_loss
ws_20250924_NFLX,NFLX,2025-09-24T09:00:00+00:00,1,,resolved_loss,-0.5983,-90.3906,-0.5983,resolved_loss
ws_20250924_SMCI,SMCI,2025-09-24T09:00:00+00:00,1,,resolved_loss,-1.7454,11.5155,-1.7454,resolved_loss
ws_20250924_AMD,AMD,2025-09-24T09:00:00+00:00,1,,resolved_loss,-1.0372,1.9208,-1.0372,resolved_loss
ws_20250924_AVGO,AVGO,2025-09-24T09:00:00+00:00,1,,resolved_loss,-0.9352,-2.0366,-0.9352,resolved_loss
ws_20250924_PLTR,PLTR,2025-09-24T09:00:00+00:00,1,,resolved_loss,-1.4571,1.3092,-1.4571,resolved_loss
ws_20250924_SNOW,SNOW,2025-09-24T09:00:00+00:00,1,,resolved_loss,-1.0733,3.1082,-1.0733,resolved_loss
ws_20250924_NOW,NOW,2025-09-24T09:00:00+00:00,1,,resolved_loss,-0.6302,-80.3069,-0.6302,resolved_loss
ws_20250924_ORCL,ORCL,2025-09-24T09:00:00+00:00,1,,resolved_loss,-1.3278,-8.6938,-1.3278,resolved_loss
ws_20250924_ADBE,ADBE,2025-09-24T09:00:00+00:00,1,,resolved_loss,-0.6465,-5.0392,-0.6465,resolved_loss
ws_20250924_VEEV,VEEV,2025-09-24T09:00:00+00:00,1,,resolved_loss,-0.5488,5.1941,-0.5488,resolved_loss
ws_20250924_WDAY,WDAY,2025-09-24T09:00:00+00:00,1,,resolved_loss,-0.753,-3.3948,-0.753,resolved_loss
ws_20250924_ZM,ZM,2025-09-24T09:00:00+00:00,1,,resolved_win,1.332,-1.5742,1.332,resolved_win
ws_20250924_FTNT,FTNT,2025-09-24T09:00:00+00:00,1,,resolved_loss,-0.7036,-0.1173,-0.7036,resolved_loss
ws_20250924_NET,NET,2025-09-24T09:00:00+00:00,1,,resolved_loss,-1.1511,-2.777,-1.1511,resolved_loss
ws_20250924_INTU,INTU,2025-09-24T09:00:00+00:00,1,,resolved_loss,-0.6666,-3.4576,-0.6666,resolved_loss
ws_20250924_TEAM,TEAM,2025-09-24T09:00:00+00:00,1,,resolved_loss,-1.0564,-9.7127,-1.0564,resolved_loss
ws_20250924_ADP,ADP,2025-09-24T09:00:00+00:00,1,,resolved_loss,-0.5047,-0.6628,-0.5047,resolved_loss
ws_20250924_RBLX,RBLX,2025-09-24T09:00:00+00:00,1,,resolved_loss,-1.2784,1.4145,-1.2784,resolved_loss
ws_20250924_CRWD,CRWD,2025-09-24T09:00:00+00:00,1,,resolved_loss,-0.8447,3.2506,-0.8447,resolved_loss
ws_20250924_UBER,UBER,2025-09-24T09:00:00+00:00,1,,resolved_loss,-0.8692,-1.2067,-0.8692,resolved_loss
ws_20250924_RIOT,RIOT,2025-09-24T09:00:00+00:00,1,,resolved_loss,-2.0193,10.7989,-2.0193,resolved_loss
ws_20250924_MARA,MARA,2025-09-24T09:00:00+00:00,1,,resolved_loss,-2.0892,5.0819,-2.0892,resolved_loss
ws_20250924_MSTR,MSTR,2025-09-24T09:00:00+00:00,1,,resolved_loss,-1.2173,3.243,-1.2173,resolved_loss
ws_20250924_SOFI,SOFI,2025-09-24T09:00:00+00:00,1,,resolved_loss,-1.4443,-11.4168,-1.4443,resolved_loss
ws_20250924_RIVN,RIVN,2025-09-24T09:00:00+00:00,1,,resolved_win,3.386,-5.7723,3.386,resolved_win
ws_20250924_LCID,LCID,2025-09-24T09:00:00+00:00,1,,resolved_win,4.6548,9.2647,4.6548,resolved_win
ws_20250924_BNTX,BNTX,2025-09-24T09:00:00+00:00,1,,resolved_loss,-0.6918,3.9882,-0.6918,resolved_loss
ws_20250924_UNH,UNH,2025-09-24T09:00:00+00:00,1,,resolved_loss,-0.9689,-1.301,-0.9689,resolved_loss
ws_20250924_JNJ,JNJ,2025-09-24T09:00:00+00:00,1,,resolved_loss,-0.4757,3.5491,-0.4757,resolved_loss
ws_20250924_LLY,LLY,2025-09-24T09:00:00+00:00,1,,resolved_loss,-0.5447,9.9319,-0.5447,resolved_loss
ws_20250924_ISRG,ISRG,2025-09-24T09:00:00+00:00,1,,resolved_loss,-0.5831,-2.1667,-0.5831,resolved_loss
ws_20250924_DHR,DHR,2025-09-24T09:00:00+00:00,1,,resolved_loss,-0.6273,11.8258,-0.6273,resolved_loss
ws_20250924_CVS,CVS,2025-09-24T09:00:00+00:00,1,,resolved_loss,-0.6731,-2.0238,-0.6731,resolved_loss
ws_20250924_GS,GS,2025-09-24T09:00:00+00:00,1,,resolved_loss,-0.6322,-4.0325,-0.6322,resolved_loss
ws_20250924_MS,MS,2025-09-24T09:00:00+00:00,1,,resolved_loss,-0.6158,-4.0453,-0.6158,resolved_loss
ws_20250924_XOM,XOM,2025-09-24T09:00:00+00:00,1,,resolved_loss,-0.465,-3.9035,-0.465,resolved_loss
ws_20250924_CVX,CVX,2025-09-24T09:00:00+00:00,1,,resolved_loss,-0.5208,-4.7144,-0.5208,resolved_loss
ws_20250924_SLB,SLB,2025-09-24T09:00:00+00:00,1,,resolved_loss,-0.9855,-0.2019,-0.9855,resolved_loss
ws_20250924_COP,COP,2025-09-24T09:00:00+00:00,1,,resolved_win,1.4121,-0.3426,1.4121,resolved_win
ws_20250924_DVN,DVN,2025-09-24T09:00:00+00:00,1,,resolved_win,1.5666,1.2815,1.5666,resolved_win
ws_20250924_OXY,OXY,2025-09-24T09:00:00+00:00,1,,resolved_loss,-0.6787,1.267,-0.6787,resolved_loss
ws_20250924_EOG,EOG,2025-09-24T09:00:00+00:00,1,,resolved_loss,-0.6485,-6.3376,-0.6485,resolved_loss
ws_20250924_EQT,EQT,2025-09-24T09:00:00+00:00,1,,resolved_win,1.8842,9.2832,1.8842,resolved_win
ws_20250924_FSLR,FSLR,2025-09-24T09:00:00+00:00,1,,resolved_win,2.8868,4.175,2.8868,resolved_win
ws_20250924_ENPH,ENPH,2025-09-24T09:00:00+00:00,1,,resolved_loss,-1.8206,-0.9103,-1.8206,resolved_loss
ws_20250924_PYPL,PYPL,2025-09-24T09:00:00+00:00,1,,resolved_loss,-0.6983,-1.816,-0.6983,resolved_loss
ws_20250924_MA,MA,2025-09-24T09:00:00+00:00,1,,resolved_loss,-0.683,0.2831,-0.683,resolved_loss
ws_20250924_AXP,AXP,2025-09-24T09:00:00+00:00,1,,resolved_loss,-0.6764,-4.5468,-0.6764,resolved_loss
ws_20250924_QQQ,QQQ,2025-09-24T09:00:00+00:00,1,,resolved_loss,-0.2725,0.5943,-0.2725,resolved_loss
ws_20250924_IWM,IWM,2025-09-24T09:00:00+00:00,1,,resolved_loss,-0.492,-1.0782,-0.492,resolved_loss
ws_20250924_XLE,XLE,2025-09-24T09:00:00+00:00,1,,resolved_loss,-0.4596,-50.6671,-0.4596,resolved_loss
ws_20250924_XLY,XLY,2025-09-24T09:00:00+00:00,1,,resolved_loss,-0.374,-49.5292,-0.374,resolved_loss
ws_20250924_XLP,XLP,2025-09-24T09:00:00+00:00,1,,resolved_loss,-0.2489,-1.4708,-0.2489,resolved_loss
ws_20250924_XLC,XLC,2025-09-24T09:00:00+00:00,1,,resolved_loss,-0.2787,-2.0663,-0.2787,resolved_loss
ws_20250924_XLB,XLB,2025-09-24T09:00:00+00:00,1,,resolved_loss,-0.3663,-51.2521,-0.3663,resolved_loss
ws_20250924_XLRE,XLRE,2025-09-24T09:00:00+00:00,1,,resolved_loss,-0.3096,-1.4139,-0.3096,resolved_loss
ws_20250924_XLU,XLU,2025-09-24T09:00:00+00:00,1,,resolved_loss,-0.3269,-49.3354,-0.3269,resolved_loss
ws_20250924_SMH,SMH,2025-09-24T09:00:00+00:00,1,,resolved_loss,-0.4663,3.4053,-0.4663,resolved_loss
ws_20250924_SOXX,SOXX,2025-09-24T09:00:00+00:00,1,,resolved_loss,-0.4768,2.3155,-0.4768,resolved_loss
ws_20250924_QCOM,QCOM,2025-09-24T09:00:00+00:00,1,,resolved_loss,-0.6192,-3.3015,-0.6192,resolved_loss
ws_20250924_MU,MU,2025-09-24T09:00:00+00:00,1,,resolved_loss,-1.0219,9.2665,-1.0219,resolved_loss
ws_20250924_TXN,TXN,2025-09-24T09:00:00+00:00,1,,resolved_loss,-0.5328,-2.9133,-0.5328,resolved_loss
ws_20250924_ASML,ASML,2025-09-24T09:00:00+00:00,1,,resolved_loss,-0.6572,3.6145,-0.6572,resolved_loss
ws_20250924_SAP,SAP,2025-09-24T09:00:00+00:00,1,,resolved_loss,-0.3694,0.0402,-0.3694,resolved_loss
ws_20250924_TSM,TSM,2025-09-24T09:00:00+00:00,1,,resolved_loss,-0.7992,1.2074,-0.7992,resolved_loss
ws_20250924_AMGN,AMGN,2025-09-24T09:00:00+00:00,1,,resolved_loss,-0.4809,1.7946,-0.4809,resolved_loss
ws_20250924_GILD,GILD,2025-09-24T09:00:00+00:00,1,,resolved_loss,-0.8216,-4.0319,-0.8216,resolved_loss
ws_20250924_PG,PG,2025-09-24T09:00:00+00:00,1,,resolved_loss,-0.472,-1.7144,-0.472,resolved_loss
ws_20250924_BLK,BLK,2025-09-24T09:00:00+00:00,1,,resolved_loss,-0.4487,-0.8145,-0.4487,resolved_loss
ws_20250924_KO,KO,2025-09-24T09:00:00+00:00,1,,resolved_loss,-0.3746,-1.3017,-0.3746,resolved_loss
ws_20250924_PEP,PEP,2025-09-24T09:00:00+00:00,1,,resolved_loss,-0.4228,-2.0325,-0.4228,resolved_loss
ws_20250924_PNC,PNC,2025-09-24T09:00:00+00:00,1,,resolved_loss,-0.5295,-5.0596,-0.5295,resolved_loss
ws_20250924_BK,BK,2025-09-24T09:00:00+00:00,1,,resolved_loss,-0.5061,-2.9921,-0.5061,resolved_loss
ws_20250924_NEE,NEE,2025-09-24T09:00:00+00:00,1,,resolved_win,1.0006,6.542,1.0006,resolved_win
ws_20250924_BP,BP,2025-09-24T09:00:00+00:00,1,,resolved_loss,-0.4893,-4.5064,-0.4893,resolved_loss
ws_20250924_DUK,DUK,2025-09-24T09:00:00+00:00,1,,resolved_loss,-0.3777,-3.1072,-0.3777,resolved_loss
ws_20250924_SHEL,SHEL,2025-09-24T09:00:00+00:00,1,,resolved_loss,-0.3984,-1.5251,-0.3984,resolved_loss
ws_20250924_VALE,VALE,2025-09-24T09:00:00+00:00,1,,resolved_loss,-0.6399,-4.6791,-0.6399,resolved_loss
ws_20250924_BHP,BHP,2025-09-24T09:00:00+00:00,1,,resolved_win,0.7881,2.5959,0.7881,resolved_win
ws_20250924_RIO,RIO,2025-09-24T09:00:00+00:00,1,,resolved_win,0.8181,1.4579,0.8181,resolved_win
ws_20250924_COST,COST,2025-09-24T09:00:00+00:00,1,,resolved_loss,-0.4259,-3.2291,-0.4259,resolved_loss
ws_20250924_WMT,WMT,2025-09-24T09:00:00+00:00,1,,resolved_loss,-0.4536,-1.1357,-0.4536,resolved_loss
ws_20250924_TGT,TGT,2025-09-24T09:00:00+00:00,1,,resolved_loss,-0.5628,-0.8403,-0.5628,resolved_loss
ws_20250924_HD,HD,2025-09-24T09:00:00+00:00,1,,resolved_loss,-0.4721,-5.3556,-0.4721,resolved_loss
ws_20250924_LOW,LOW,2025-09-24T09:00:00+00:00,1,,resolved_loss,-0.508,-5.8965,-0.508,resolved_loss
ws_20250924_SBUX,SBUX,2025-09-24T09:00:00+00:00,1,,resolved_loss,-0.6126,-3.4103,-0.6126,resolved_loss
ws_20250924_MCD,MCD,2025-09-24T09:00:00+00:00,1,,resolved_loss,-0.4456,-2.599,-0.4456,resolved_loss
ws_20250924_TJX,TJX,2025-09-24T09:00:00+00:00,1,,resolved_loss,-0.3864,2.3473,-0.3864,resolved_loss
ws_20250924_ROST,ROST,2025-09-24T09:00:00+00:00,1,,resolved_win,1.0228,4.4956,1.0228,resolved_win
ws_20250924_PM,PM,2025-09-24T09:00:00+00:00,1,,resolved_loss,-0.5678,-4.4415,-0.5678,resolved_loss
ws_20250924_CAT,CAT,2025-09-24T09:00:00+00:00,1,,resolved_loss,-0.8041,1.2845,-0.8041,resolved_loss
ws_20250924_MO,MO,2025-09-24T09:00:00+00:00,1,,resolved_loss,-0.4008,-1.3014,-0.4008,resolved_loss
ws_20250924_GE,GE,2025-09-24T09:00:00+00:00,1,,resolved_loss,-0.6707,-1.8097,-0.6707,resolved_loss
ws_20250924_DE,DE,2025-09-24T09:00:00+00:00,1,,resolved_loss,-0.5257,-4.8481,-0.5257,resolved_loss
ws_20250924_BA,BA,2025-09-24T09:00:00+00:00,1,,resolved_loss,-0.943,-0.5178,-0.943,resolved_loss
ws_20250924_RTX,RTX,2025-09-24T09:00:00+00:00,1,,resolved_loss,-0.517,2.9662,-0.517,resolved_loss
ws_20250924_NOC,NOC,2025-09-24T09:00:00+00:00,1,,resolved_win,1.0449,3.6939,1.0449,resolved_win
ws_20250924_LMT,LMT,2025-09-24T09:00:00+00:00,1,,resolved_loss,-0.5403,0.5546,-0.5403,resolved_loss
ws_20250924_HON,HON,2025-09-24T09:00:00+00:00,1,,resolved_loss,-0.4063,-6.8485,-0.4063,resolved_loss
ws_20250924_T,T,2025-09-24T09:00:00+00:00,1,,resolved_loss,-0.4514,-7.4248,-0.4514,resolved_loss
ws_20250924_VZ,VZ,2025-09-24T09:00:00+00:00,1,,resolved_loss,-0.3573,-3.7997,-0.3573,resolved_loss
ws_20250924_VNQ,VNQ,2025-09-24T09:00:00+00:00,1,,resolved_loss,-0.3146,-2.6223,-0.3146,resolved_loss
ws_20250924_CSCO,CSCO,2025-09-24T09:00:00+00:00,1,,resolved_loss,-0.4739,0.1144,-0.4739,resolved_loss
ws_20250924_EEM,EEM,2025-09-24T09:00:00+00:00,1,,resolved_loss,-0.197,-0.4397,-0.197,resolved_loss
ws_20250924_TLT,TLT,2025-09-24T09:00:00+00:00,1,,resolved_loss,-0.2463,-2.9895,-0.2463,resolved_loss
ws_20250924_WINA,WINA,2025-09-24T09:00:00+00:00,1,,resolved_loss,-0.9974,0.0318,-0.9974,resolved_loss
ws_20250924_BETR,BETR,2025-09-24T09:00:00+00:00,1,,resolved_loss,-11.1357,-16.1799,-11.1357,resolved_loss
ws_20250926_TEAM,TEAM,2025-09-26T09:00:00+00:00,3,,resolved_win,1.6868,-7.3566,1.6868,resolved_win
ws_20250926_MRNA,MRNA,2025-09-26T09:00:00+00:00,3,,resolved_win,2.9203,15.7142,2.9203,resolved_win
ws_20250926_AMZN,AMZN,2025-09-26T09:00:00+00:00,2,,resolved_win,1.3111,0.6326,1.3111,resolved_win
ws_20250926_MSFT,MSFT,2025-09-26T09:00:00+00:00,2,,resolved_win,0.791,1.4072,0.791,resolved_win
ws_20250926_CRM,CRM,2025-09-26T09:00:00+00:00,2,,resolved_loss,-0.693,-0.9222,-0.693,resolved_loss
ws_20250926_ORCL,ORCL,2025-09-26T09:00:00+00:00,2,,resolved_loss,-1.5143,-2.517,-1.5143,resolved_loss
ws_20250926_CRWD,CRWD,2025-09-26T09:00:00+00:00,2,,resolved_win,1.8686,3.549,1.8686,resolved_win
ws_20250926_SHOP,SHOP,2025-09-26T09:00:00+00:00,2,,resolved_win,2.2097,12.324,2.2097,resolved_win
ws_20250926_MARA,MARA,2025-09-26T09:00:00+00:00,2,,resolved_win,4.67,17.1856,4.67,resolved_win
ws_20250926_SOFI,SOFI,2025-09-26T09:00:00+00:00,2,,resolved_loss,-1.44,-10.2578,-1.44,resolved_loss
ws_20250926_LLY,LLY,2025-09-26T09:00:00+00:00,2,,resolved_win,1.5937,16.9478,1.5937,resolved_win
ws_20250926_DIA,DIA,2025-09-26T09:00:00+00:00,2,,resolved_loss,-0.2982,0.9033,-0.2982,resolved_loss
ws_20250926_XLY,XLY,2025-09-26T09:00:00+00:00,2,,resolved_loss,-0.4148,-49.8659,-0.4148,resolved_loss
ws_20250926_SAP,SAP,2025-09-26T09:00:00+00:00,2,,resolved_loss,-0.4725,1.3213,-0.4725,resolved_loss
ws_20250926_REGN,REGN,2025-09-26T09:00:00+00:00,2,,resolved_win,1.8215,7.5698,1.8215,resolved_win
ws_20250926_GE,GE,2025-09-26T09:00:00+00:00,2,,resolved_loss,-0.6631,-0.2964,-0.6631,resolved_loss
ws_20250926_BA,BA,2025-09-26T09:00:00+00:00,2,,resolved_win,1.3959,1.321,1.3959,resolved_win
ws_20250926_HON,HON,2025-09-26T09:00:00+00:00,2,,resolved_loss,-0.4188,-6.7072,-0.4188,resolved_loss
ws_20250926_BETR,BETR,2025-09-26T09:00:00+00:00,2,,resolved_win,11.2185,7.7116,11.2185,resolved_win
ws_20250926_TSLA,TSLA,2025-09-26T09:00:00+00:00,1,,resolved_win,2.4951,1.5594,2.4951,resolved_win
ws_20250926_ASST,ASST,2025-09-26T09:00:00+00:00,1,,resolved_win,7.8611,1801.2797,7.8611,resolved_win
ws_20250926_AAPL,AAPL,2025-09-26T09:00:00+00:00,1,,resolved_loss,-0.7044,0.137,-0.7044,resolved_loss
ws_20250926_GOOGL,GOOGL,2025-09-26T09:00:00+00:00,1,,resolved_win,1.4036,-0.3739,1.4036,resolved_win
ws_20250926_META,META,2025-09-26T09:00:00+00:00,1,,resolved_loss,-0.6236,-5.2792,-0.6236,resolved_loss
ws_20250926_NVDA,NVDA,2025-09-26T09:00:00+00:00,1,,resolved_win,1.891,5.4598,1.891,resolved_win
ws_20250926_AMD,AMD,2025-09-26T09:00:00+00:00,1,,resolved_loss,-1.0913,2.1019,-1.0913,resolved_loss
ws_20250926_NFLX,NFLX,2025-09-26T09:00:00+00:00,1,,resolved_loss,-0.5167,-90.4495,-0.5167,resolved_loss
ws_20250926_SMCI,SMCI,2025-09-26T09:00:00+00:00,1,,resolved_win,3.7646,12.4189,3.7646,resolved_win
ws_20250926_AVGO,AVGO,2025-09-26T09:00:00+00:00,1,,resolved_loss,-1.0532,0.2698,-1.0532,resolved_loss
ws_20250926_SNOW,SNOW,2025-09-26T09:00:00+00:00,1,,resolved_win,1.7818,6.0493,1.7818,resolved_win
ws_20250926_ARM,ARM,2025-09-26T09:00:00+00:00,1,,resolved_loss,-1.0529,8.5865,-1.0529,resolved_loss
ws_20250926_PLTR,PLTR,2025-09-26T09:00:00+00:00,1,,resolved_win,2.7118,-3.3684,2.7118,resolved_win
ws_20250926_NOW,NOW,2025-09-26T09:00:00+00:00,1,,resolved_loss,-0.7579,-80.1309,-0.7579,resolved_loss
ws_20250926_ADBE,ADBE,2025-09-26T09:00:00+00:00,1,,resolved_win,1.3074,-2.0923,1.3074,resolved_win
ws_20250926_VEEV,VEEV,2025-09-26T09:00:00+00:00,1,,resolved_win,1.418,5.8218,1.418,resolved_win
ws_20250926_WDAY,WDAY,2025-09-26T09:00:00+00:00,1,,resolved_win,1.3059,-2.5829,1.3059,resolved_win
ws_20250926_ZM,ZM,2025-09-26T09:00:00+00:00,1,,resolved_win,1.2384,-3.5961,1.2384,resolved_win
ws_20250926_FTNT,FTNT,2025-09-26T09:00:00+00:00,1,,resolved_win,1.3162,3.1192,1.3162,resolved_win
ws_20250926_OKTA,OKTA,2025-09-26T09:00:00+00:00,1,,resolved_win,1.6996,2.3026,1.6996,resolved_win
ws_20250926_DDOG,DDOG,2025-09-26T09:00:00+00:00,1,,resolved_win,1.6767,11.1583,1.6767,resolved_win
ws_20250926_NET,NET,2025-09-26T09:00:00+00:00,1,,resolved_loss,-1.1456,-0.7103,-1.1456,resolved_loss
ws_20250926_ADP,ADP,2025-09-26T09:00:00+00:00,1,,resolved_loss,-0.5227,-0.631,-0.5227,resolved_loss
ws_20250926_MDB,MDB,2025-09-26T09:00:00+00:00,1,,resolved_win,1.7188,1.8647,1.7188,resolved_win
ws_20250926_INTU,INTU,2025-09-26T09:00:00+00:00,1,,resolved_loss,-0.5442,-2.5096,-0.5442,resolved_loss
ws_20250926_COIN,COIN,2025-09-26T09:00:00+00:00,1,,resolved_win,2.9105,23.8576,2.9105,resolved_win
ws_20250926_RBLX,RBLX,2025-09-26T09:00:00+00:00,1,,resolved_win,2.4464,-7.0741,2.4464,resolved_win
ws_20250926_ZS,ZS,2025-09-26T09:00:00+00:00,1,,resolved_win,1.5311,6.5148,1.5311,resolved_win
ws_20250926_ABNB,ABNB,2025-09-26T09:00:00+00:00,1,,resolved_win,1.2649,-1.2567,1.2649,resolved_win
ws_20250926_PANW,PANW,2025-09-26T09:00:00+00:00,1,,resolved_win,1.662,2.4532,1.662,resolved_win
ws_20250926_UBER,UBER,2025-09-26T09:00:00+00:00,1,,resolved_win,1.3424,-1.0144,1.3424,resolved_win
ws_20250926_RIOT,RIOT,2025-09-26T09:00:00+00:00,1,,resolved_win,5.0777,16.129,5.0777,resolved_win
ws_20250926_MSTR,MSTR,2025-09-26T09:00:00+00:00,1,,resolved_win,3.8997,16.9508,3.8997,resolved_win
ws_20250926_LCID,LCID,2025-09-26T09:00:00+00:00,1,,resolved_win,3.4273,7.462,3.4273,resolved_win
ws_20250926_RIVN,RIVN,2025-09-26T09:00:00+00:00,1,,resolved_loss,-1.7778,-13.3333,-1.7778,resolved_loss
ws_20250926_BNTX,BNTX,2025-09-26T09:00:00+00:00,1,,resolved_loss,-0.6934,7.566,-0.6934,resolved_loss
ws_20250926_UNH,UNH,2025-09-26T09:00:00+00:00,1,,resolved_loss,-0.7,2.7001,-0.7,resolved_loss
ws_20250926_JNJ,JNJ,2025-09-26T09:00:00+00:00,1,,resolved_loss,-0.391,4.3025,-0.391,resolved_loss
ws_20250926_PFE,PFE,2025-09-26T09:00:00+00:00,1,,resolved_loss,-0.5295,10.2466,-0.5295,resolved_loss
ws_20250926_MRK,MRK,2025-09-26T09:00:00+00:00,1,,resolved_loss,-0.58,13.1528,-0.58,resolved_loss
ws_20250926_ABBV,ABBV,2025-09-26T09:00:00+00:00,1,,resolved_loss,-0.5857,4.5514,-0.5857,resolved_loss
ws_20250926_DHR,DHR,2025-09-26T09:00:00+00:00,1,,resolved_win,1.6038,18.0755,1.6038,resolved_win
ws_20250926_TMO,TMO,2025-09-26T09:00:00+00:00,1,,resolved_win,1.4703,18.144,1.4703,resolved_win
ws_20250926_ISRG,ISRG,2025-09-26T09:00:00+00:00,1,,resolved_win,1.3948,3.2645,1.3948,resolved_win
ws_20250926_CVS,CVS,2025-09-26T09:00:00+00:00,1,,resolved_loss,-0.7439,1.295,-0.7439,resolved_loss
ws_20250926_JPM,JPM,2025-09-26T09:00:00+00:00,1,,resolved_loss,-0.4594,-2.5074,-0.4594,resolved_loss
ws_20250926_BAC,BAC,2025-09-26T09:00:00+00:00,1,,resolved_loss,-0.4534,-3.8563,-0.4534,resolved_loss
ws_20250926_GS,GS,2025-09-26T09:00:00+00:00,1,,resolved_loss,-0.6037,-2.0783,-0.6037,resolved_loss
ws_20250926_WFC,WFC,2025-09-26T09:00:00+00:00,1,,resolved_loss,-0.5337,-5.8218,-0.5337,resolved_loss
ws_20250926_SCHW,SCHW,2025-09-26T09:00:00+00:00,1,,resolved_win,1.0128,-1.7158,1.0128,resolved_win
ws_20250926_MS,MS,2025-09-26T09:00:00+00:00,1,,resolved_loss,-0.5473,-2.5197,-0.5473,resolved_loss
ws_20250926_XOM,XOM,2025-09-26T09:00:00+00:00,1,,resolved_loss,-0.4671,-4.1673,-0.4671,resolved_loss
ws_20250926_C,C,2025-09-26T09:00:00+00:00,1,,resolved_loss,-0.568,-5.7861,-0.568,resolved_loss
ws_20250926_CVX,CVX,2025-09-26T09:00:00+00:00,1,,resolved_loss,-0.4853,-7.2867,-0.4853,resolved_loss
ws_20250926_COP,COP,2025-09-26T09:00:00+00:00,1,,resolved_loss,-0.5991,-5.081,-0.5991,resolved_loss
ws_20250926_SLB,SLB,2025-09-26T09:00:00+00:00,1,,resolved_loss,-0.691,-2.8132,-0.691,resolved_loss
ws_20250926_DVN,DVN,2025-09-26T09:00:00+00:00,1,,resolved_win,1.3702,-4.4728,1.3702,resolved_win
ws_20250926_OXY,OXY,2025-09-26T09:00:00+00:00,1,,resolved_win,1.2025,-5.9781,1.2025,resolved_win
ws_20250926_EOG,EOG,2025-09-26T09:00:00+00:00,1,,resolved_loss,-0.6352,-8.0084,-0.6352,resolved_loss
ws_20250926_FSLR,FSLR,2025-09-26T09:00:00+00:00,1,,resolved_loss,-1.4081,3.1973,-1.4081,resolved_loss
ws_20250926_EQT,EQT,2025-09-26T09:00:00+00:00,1,,resolved_loss,-1.02,3.0247,-1.02,resolved_loss
ws_20250926_ENPH,ENPH,2025-09-26T09:00:00+00:00,1,,resolved_loss,-1.4563,-0.7551,-1.4563,resolved_loss
ws_20250926_V,V,2025-09-26T09:00:00+00:00,1,,resolved_win,1.0657,3.8,1.0657,resolved_win
ws_20250926_PYPL,PYPL,2025-09-26T09:00:00+00:00,1,,resolved_win,1.408,2.8391,1.408,resolved_win
ws_20250926_MA,MA,2025-09-26T09:00:00+00:00,1,,resolved_loss,-0.4479,1.8925,-0.4479,resolved_loss
ws_20250926_AXP,AXP,2025-09-26T09:00:00+00:00,1,,resolved_loss,-0.5791,-3.6865,-0.5791,resolved_loss
ws_20250926_QQQ,QQQ,2025-09-26T09:00:00+00:00,1,,resolved_win,0.8373,1.3639,0.8373,resolved_win
ws_20250926_SPY,SPY,2025-09-26T09:00:00+00:00,1,,resolved_win,0.6703,1.1355,0.6703,resolved_win
ws_20250926_IWM,IWM,2025-09-26T09:00:00+00:00,1,,resolved_win,0.9904,2.2036,0.9904,resolved_win
ws_20250926_XLK,XLK,2025-09-26T09:00:00+00:00,1,,resolved_loss,-0.5072,-48.9306,-0.5072,resolved_loss
ws_20250926_XLF,XLF,2025-09-26T09:00:00+00:00,1,,resolved_loss,-0.3553,-0.413,-0.3553,resolved_loss
ws_20250926_XLV,XLV,2025-09-26T09:00:00+00:00,1,,resolved_loss,-0.3131,7.0479,-0.3131,resolved_loss
ws_20250926_XLE,XLE,2025-09-26T09:00:00+00:00,1,,resolved_loss,-0.4389,-51.9443,-0.4389,resolved_loss
ws_20250926_XLI,XLI,2025-09-26T09:00:00+00:00,1,,resolved_win,0.7208,1.4691,0.7208,resolved_win
ws_20250926_XLP,XLP,2025-09-26T09:00:00+00:00,1,,resolved_loss,-0.2571,-1.0595,-0.2571,resolved_loss
ws_20250926_XLU,XLU,2025-09-26T09:00:00+00:00,1,,resolved_loss,-0.3511,-48.7148,-0.3511,resolved_loss
ws_20250926_XLRE,XLRE,2025-09-26T09:00:00+00:00,1,,resolved_loss,-0.3257,-0.2601,-0.3257,resolved_loss
ws_20250926_XLC,XLC,2025-09-26T09:00:00+00:00,1,,resolved_win,0.7134,-1.1958,0.7134,resolved_win
ws_20250926_XLB,XLB,2025-09-26T09:00:00+00:00,1,,resolved_loss,-0.4214,-49.3209,-0.4214,resolved_loss
ws_20250926_SMH,SMH,2025-09-26T09:00:00+00:00,1,,resolved_win,1.3487,4.5464,1.3487,resolved_win
ws_20250926_SOXX,SOXX,2025-09-26T09:00:00+00:00,1,,resolved_win,1.4353,4.1524,1.4353,resolved_win
ws_20250926_INTC,INTC,2025-09-26T09:00:00+00:00,1,,resolved_loss,-2.2961,8.4192,-2.2961,resolved_loss
ws_20250926_QCOM,QCOM,2025-09-26T09:00:00+00:00,1,,resolved_loss,-0.8723,-1.7913,-0.8723,resolved_loss
ws_20250926_TXN,TXN,2025-09-26T09:00:00+00:00,1,,resolved_loss,-0.6812,-2.951,-0.6812,resolved_loss
ws_20250926_MU,MU,2025-09-26T09:00:00+00:00,1,,resolved_win,2.0465,19.6901,2.0465,resolved_win
ws_20250926_TSM,TSM,2025-09-26T09:00:00+00:00,1,,resolved_loss,-0.77,4.8028,-0.77,resolved_loss
ws_20250926_ASML,ASML,2025-09-26T09:00:00+00:00,1,,resolved_win,1.0719,8.1164,1.0719,resolved_win
ws_20250926_AMGN,AMGN,2025-09-26T09:00:00+00:00,1,,resolved_loss,-0.6082,7.4656,-0.6082,resolved_loss
ws_20250926_BMY,BMY,2025-09-26T09:00:00+00:00,1,,resolved_loss,-0.5989,2.4205,-0.5989,resolved_loss
ws_20250926_GILD,GILD,2025-09-26T09:00:00+00:00,1,,resolved_loss,-0.8378,0.2778,-0.8378,resolved_loss
ws_20250926_PG,PG,2025-09-26T09:00:00+00:00,1,,resolved_loss,-0.4272,-2.0479,-0.4272,resolved_loss
ws_20250926_KO,KO,2025-09-26T09:00:00+00:00,1,,resolved_loss,-0.3485,-0.3892,-0.3485,resolved_loss
ws_20250926_ZTS,ZTS,2025-09-26T09:00:00+00:00,1,,resolved_win,1.1479,2.5029,1.1479,resolved_win
ws_20250926_PEP,PEP,2025-09-26T09:00:00+00:00,1,,resolved_loss,-0.4216,-1.4445,-0.4216,resolved_loss
ws_20250926_BLK,BLK,2025-09-26T09:00:00+00:00,1,,resolved_win,1.0589,-0.4483,1.0589,resolved_win
ws_20250926_BK,BK,2025-09-26T09:00:00+00:00,1,,resolved_loss,-0.5225,-3.5737,-0.5225,resolved_loss
ws_20250926_USB,USB,2025-09-26T09:00:00+00:00,1,,resolved_loss,-0.4794,-3.8597,-0.4794,resolved_loss
ws_20250926_PNC,PNC,2025-09-26T09:00:00+00:00,1,,resolved_loss,-0.503,-4.4929,-0.503,resolved_loss
ws_20250926_NEE,NEE,2025-09-26T09:00:00+00:00,1,,resolved_loss,-0.643,5.035,-0.643,resolved_loss
ws_20250926_SHEL,SHEL,2025-09-26T09:00:00+00:00,1,,resolved_loss,-0.3361,-2.3216,-0.3361,resolved_loss
ws_20250926_BP,BP,2025-09-26T09:00:00+00:00,1,,resolved_loss,-0.4252,-6.7866,-0.4252,resolved_loss
ws_20250926_DUK,DUK,2025-09-26T09:00:00+00:00,1,,resolved_loss,-0.3761,-1.561,-0.3761,resolved_loss
ws_20250926_RIO,RIO,2025-09-26T09:00:00+00:00,1,,resolved_loss,-0.5272,-1.7319,-0.5272,resolved_loss
ws_20250926_BHP,BHP,2025-09-26T09:00:00+00:00,1,,resolved_loss,-0.5926,-2.3186,-0.5926,resolved_loss
ws_20250926_VALE,VALE,2025-09-26T09:00:00+00:00,1,,resolved_loss,-0.551,-3.9798,-0.551,resolved_loss
ws_20250926_COST,COST,2025-09-26T09:00:00+00:00,1,,resolved_loss,-0.4507,-3.3335,-0.4507,resolved_loss
ws_20250926_TGT,TGT,2025-09-26T09:00:00+00:00,1,,resolved_loss,-0.6657,-1.0422,-0.6657,resolved_loss
ws_20250926_LOW,LOW,2025-09-26T09:00:00+00:00,1,,resolved_loss,-0.4892,-4.9494,-0.4892,resolved_loss
ws_20250926_WMT,WMT,2025-09-26T09:00:00+00:00,1,,resolved_loss,-0.4076,-1.5428,-0.4076,resolved_loss
ws_20250926_HD,HD,2025-09-26T09:00:00+00:00,1,,resolved_loss,-0.4219,-5.0604,-0.4219,resolved_loss
ws_20250926_MCD,MCD,2025-09-26T09:00:00+00:00,1,,resolved_loss,-0.3772,-2.2207,-0.3772,resolved_loss
ws_20250926_NKE,NKE,2025-09-26T09:00:00+00:00,1,,resolved_loss,-0.6644,1.6359,-0.6644,resolved_loss
ws_20250926_SBUX,SBUX,2025-09-26T09:00:00+00:00,1,,resolved_loss,-0.7277,1.1018,-0.7277,resolved_loss
ws_20250926_BKNG,BKNG,2025-09-26T09:00:00+00:00,1,,resolved_loss,-0.8046,-96.1414,-0.8046,resolved_loss
ws_20250926_TJX,TJX,2025-09-26T09:00:00+00:00,1,,resolved_loss,-0.4171,-0.9847,-0.4171,resolved_loss
ws_20250926_ROST,ROST,2025-09-26T09:00:00+00:00,1,,resolved_win,1.2445,1.4805,1.2445,resolved_win
ws_20250926_CMG,CMG,2025-09-26T09:00:00+00:00,1,,resolved_win,1.4493,6.1785,1.4493,resolved_win
ws_20250926_PM,PM,2025-09-26T09:00:00+00:00,1,,resolved_loss,-0.5365,-8.218,-0.5365,resolved_loss
ws_20250926_MO,MO,2025-09-26T09:00:00+00:00,1,,resolved_loss,-0.3912,-2.6081,-0.3912,resolved_loss
ws_20250926_DE,DE,2025-09-26T09:00:00+00:00,1,,resolved_loss,-0.6449,-1.4592,-0.6449,resolved_loss
ws_20250926_CAT,CAT,2025-09-26T09:00:00+00:00,1,,resolved_win,1.3191,6.5445,1.3191,resolved_win
ws_20250926_LMT,LMT,2025-09-26T09:00:00+00:00,1,,resolved_loss,-0.489,2.0888,-0.489,resolved_loss
ws_20250926_RTX,RTX,2025-09-26T09:00:00+00:00,1,,resolved_win,0.9843,2.5971,0.9843,resolved_win
ws_20250926_NOC,NOC,2025-09-26T09:00:00+00:00,1,,resolved_win,1.1901,2.8754,1.1901,resolved_win
ws_20250926_VZ,VZ,2025-09-26T09:00:00+00:00,1,,resolved_loss,-0.4152,-4.0957,-0.4152,resolved_loss
ws_20250926_ETN,ETN,2025-09-26T09:00:00+00:00,1,,resolved_win,1.4257,1.5109,1.4257,resolved_win
ws_20250926_T,T,2025-09-26T09:00:00+00:00,1,,resolved_loss,-0.4594,-7.4648,-0.4594,resolved_loss
ws_20250926_CSCO,CSCO,2025-09-26T09:00:00+00:00,1,,resolved_loss,-0.4864,-0.9517,-0.4864,resolved_loss
ws_20250926_EFA,EFA,2025-09-26T09:00:00+00:00,1,,resolved_loss,-0.2394,1.6189,-0.2394,resolved_loss
ws_20250926_VNQ,VNQ,2025-09-26T09:00:00+00:00,1,,resolved_loss,-0.355,-0.571,-0.355,resolved_loss
ws_20250926_TLT,TLT,2025-09-26T09:00:00+00:00,1,,resolved_loss,-0.2304,-2.5043,-0.2304,resolved_loss
ws_20250926_EEM,EEM,2025-09-26T09:00:00+00:00,1,,resolved_loss,-0.2367,1.2305,-0.2367,resolved_loss
ws_20250926_HYG,HYG,2025-09-26T09:00:00+00:00,1,,resolved_loss,-0.0803,-3.9692,-0.0803,resolved_loss
ws_20250926_TNGX,TNGX,2025-09-26T09:00:00+00:00,1,,resolved_win,5.0125,-2.7569,5.0125,resolved_win
ws_20250926_WINA,WINA,2025-09-26T09:00:00+00:00,1,,resolved_loss,-0.8387,0.6699,-0.8387,resolved_loss
ws_20250927_ASST,ASST,2025-09-27T09:00:00+00:00,3,,resolved_win,7.6373,2036.3132,7.6373,resolved_win
ws_20250927_BETR,BETR,2025-09-27T09:00:00+00:00,3,,resolved_win,9.4258,13.7136,9.4258,resolved_win
ws_20250927_SHOP,SHOP,2025-09-27T09:00:00+00:00,2,,resolved_win,1.8896,14.903,1.8896,resolved_win
ws_20250927_EQT,EQT,2025-09-27T09:00:00+00:00,2,,resolved_loss,-1.1003,2.7294,-1.1003,resolved_loss
ws_20250927_MU,MU,2025-09-27T09:00:00+00:00,2,,resolved_win,1.9583,19.3256,1.9583,resolved_win
ws_20250927_PEP,PEP,2025-09-27T09:00:00+00:00,2,,resolved_loss,-0.3881,-1.7849,-0.3881,resolved_loss
ws_20250927_TLT,TLT,2025-09-27T09:00:00+00:00,2,,resolved_loss,-0.2193,-2.4166,-0.2193,resolved_loss
ws_20250927_AMZN,AMZN,2025-09-27T09:00:00+00:00,1,,resolved_win,1.0328,-0.1319,1.0328,resolved_win
ws_20250927_MSFT,MSFT,2025-09-27T09:00:00+00:00,1,,resolved_loss,-0.4336,0.4977,-0.4336,resolved_loss
ws_20250927_GOOGL,GOOGL,2025-09-27T09:00:00+00:00,1,,resolved_win,1.1401,-0.6806,1.1401,resolved_win
ws_20250927_NVDA,NVDA,2025-09-27T09:00:00+00:00,1,,resolved_win,1.4535,5.158,1.4535,resolved_win
ws_20250927_META,META,2025-09-27T09:00:00+00:00,1,,resolved_loss,-0.6385,-4.6515,-0.6385,resolved_loss
ws_20250927_AAPL,AAPL,2025-09-27T09:00:00+00:00,1,,resolved_loss,-0.5637,0.7172,-0.5637,resolved_loss
ws_20250927_TSLA,TSLA,2025-09-27T09:00:00+00:00,1,,resolved_win,2.1298,-2.4045,2.1298,resolved_win
ws_20250927_NFLX,NFLX,2025-09-27T09:00:00+00:00,1,,resolved_loss,-0.4983,-90.4698,-0.4983,resolved_loss
ws_20250927_SMCI,SMCI,2025-09-27T09:00:00+00:00,1,,resolved_win,2.6189,13.4003,2.6189,resolved_win
ws_20250927_ARM,ARM,2025-09-27T09:00:00+00:00,1,,resolved_win,1.7117,9.3175,1.7117,resolved_win
ws_20250927_AMD,AMD,2025-09-27T09:00:00+00:00,1,,resolved_win,1.6433,3.2802,1.6433,resolved_win
ws_20250927_CRM,CRM,2025-09-27T09:00:00+00:00,1,,resolved_loss,-0.5339,-1.9435,-0.5339,resolved_loss
ws_20250927_AVGO,AVGO,2025-09-27T09:00:00+00:00,1,,resolved_loss,-0.8286,0.8127,-0.8286,resolved_loss
ws_20250927_SNOW,SNOW,2025-09-27T09:00:00+00:00,1,,resolved_win,1.7584,4.6519,1.7584,resolved_win
ws_20250927_PLTR,PLTR,2025-09-27T09:00:00+00:00,1,,resolved_win,1.9825,-2.5232,1.9825,resolved_win
ws_20250927_ORCL,ORCL,2025-09-27T09:00:00+00:00,1,,resolved_loss,-1.0089,0.1445,-1.0089,resolved_loss
ws_20250927_ADBE,ADBE,2025-09-27T09:00:00+00:00,1,,resolved_loss,-0.5355,-3.7876,-0.5355,resolved_loss
ws_20250927_WDAY,WDAY,2025-09-27T09:00:00+00:00,1,,resolved_loss,-0.6812,-4.1194,-0.6812,resolved_loss
ws_20250927_NOW,NOW,2025-09-27T09:00:00+00:00,1,,resolved_loss,-0.5388,-80.5125,-0.5388,resolved_loss
ws_20250927_VEEV,VEEV,2025-09-27T09:00:00+00:00,1,,resolved_loss,-0.8891,2.1021,-0.8891,resolved_loss
ws_20250927_ZM,ZM,2025-09-27T09:00:00+00:00,1,,resolved_win,1.136,-4.2007,1.136,resolved_win
ws_20250927_OKTA,OKTA,2025-09-27T09:00:00+00:00,1,,resolved_win,1.601,2.3801,1.601,resolved_win
ws_20250927_FTNT,FTNT,2025-09-27T09:00:00+00:00,1,,resolved_loss,-0.5574,1.7434,-0.5574,resolved_loss
ws_20250927_NET,NET,2025-09-27T09:00:00+00:00,1,,resolved_loss,-0.9703,0.1109,-0.9703,resolved_loss
ws_20250927_DDOG,DDOG,2025-09-27T09:00:00+00:00,1,,resolved_win,1.6824,9.1524,1.6824,resolved_win
ws_20250927_MDB,MDB,2025-09-27T09:00:00+00:00,1,,resolved_loss,-0.8256,0.835,-0.8256,resolved_loss
ws_20250927_ADP,ADP,2025-09-27T09:00:00+00:00,1,,resolved_loss,-0.4115,-1.5545,-0.4115,resolved_loss
ws_20250927_INTU,INTU,2025-09-27T09:00:00+00:00,1,,resolved_loss,-0.5156,-3.2789,-0.5156,resolved_loss
ws_20250927_COIN,COIN,2025-09-27T09:00:00+00:00,1,,resolved_win,2.1588,21.5364,2.1588,resolved_win
ws_20250927_TEAM,TEAM,2025-09-27T09:00:00+00:00,1,,resolved_loss,-0.7862,-9.6807,-0.7862,resolved_loss
ws_20250927_RBLX,RBLX,2025-09-27T09:00:00+00:00,1,,resolved_win,2.3314,-9.1925,2.3314,resolved_win
ws_20250927_ZS,ZS,2025-09-27T09:00:00+00:00,1,,resolved_win,1.8503,3.687,1.8503,resolved_win
ws_20250927_CRWD,CRWD,2025-09-27T09:00:00+00:00,1,,resolved_win,1.5475,1.7552,1.5475,resolved_win
ws_20250927_UBER,UBER,2025-09-27T09:00:00+00:00,1,,resolved_win,1.2698,-1.8692,1.2698,resolved_win
ws_20250927_ABNB,ABNB,2025-09-27T09:00:00+00:00,1,,resolved_loss,-0.5092,-2.8368,-0.5092,resolved_loss
ws_20250927_PANW,PANW,2025-09-27T09:00:00+00:00,1,,resolved_win,1.2949,2.402,1.2949,resolved_win
ws_20250927_RIOT,RIOT,2025-09-27T09:00:00+00:00,1,,resolved_win,4.6354,9.8926,4.6354,resolved_win
ws_20250927_MARA,MARA,2025-09-27T09:00:00+00:00,1,,resolved_win,3.6793,16.7711,3.6793,resolved_win
ws_20250927_MSTR,MSTR,2025-09-27T09:00:00+00:00,1,,resolved_win,2.8593,13.7335,2.8593,resolved_win
ws_20250927_LCID,LCID,2025-09-27T09:00:00+00:00,1,,resolved_loss,-1.8274,3.3461,-1.8274,resolved_loss
ws_20250927_SOFI,SOFI,2025-09-27T09:00:00+00:00,1,,resolved_win,2.2873,-9.7927,2.2873,resolved_win
ws_20250927_BNTX,BNTX,2025-09-27T09:00:00+00:00,1,,resolved_win,1.2134,7.566,1.2134,resolved_win
ws_20250927_MRNA,MRNA,2025-09-27T09:00:00+00:00,1,,resolved_win,2.3664,16.2383,2.3664,resolved_win
ws_20250927_RIVN,RIVN,2025-09-27T09:00:00+00:00,1,,resolved_loss,-1.6057,-12.3314,-1.6057,resolved_loss
ws_20250927_UNH,UNH,2025-09-27T09:00:00+00:00,1,,resolved_loss,-0.7295,3.1866,-0.7295,resolved_loss
ws_20250927_JNJ,JNJ,2025-09-27T09:00:00+00:00,1,,resolved_loss,-0.3784,3.1735,-0.3784,resolved_loss
ws_20250927_MRK,MRK,2025-09-27T09:00:00+00:00,1,,resolved_loss,-0.6176,11.7769,-0.6176,resolved_loss
ws_20250927_PFE,PFE,2025-09-27T09:00:00+00:00,1,,resolved_loss,-0.4209,9.5274,-0.4209,resolved_loss
ws_20250927_ABBV,ABBV,2025-09-27T09:00:00+00:00,1,,resolved_loss,-0.5167,3.5704,-0.5167,resolved_loss
ws_20250927_LLY,LLY,2025-09-27T09:00:00+00:00,1,,resolved_loss,-0.7425,15.3467,-0.7425,resolved_loss
ws_20250927_DHR,DHR,2025-09-27T09:00:00+00:00,1,,resolved_loss,-0.6709,15.9098,-0.6709,resolved_loss
ws_20250927_TMO,TMO,2025-09-27T09:00:00+00:00,1,,resolved_loss,-0.545,16.8309,-0.545,resolved_loss
ws_20250927_ISRG,ISRG,2025-09-27T09:00:00+00:00,1,,resolved_loss,-0.6801,2.5481,-0.6801,resolved_loss
ws_20250927_CVS,CVS,2025-09-27T09:00:00+00:00,1,,resolved_loss,-0.6996,-0.2493,-0.6996,resolved_loss
ws_20250927_BAC,BAC,2025-09-27T09:00:00+00:00,1,,resolved_loss,-0.4215,-4.5286,-0.4215,resolved_loss
ws_20250927_JPM,JPM,2025-09-27T09:00:00+00:00,1,,resolved_loss,-0.443,-3.3156,-0.443,resolved_loss
ws_20250927_WFC,WFC,2025-09-27T09:00:00+00:00,1,,resolved_loss,-0.5117,-6.6028,-0.5117,resolved_loss
ws_20250927_GS,GS,2025-09-27T09:00:00+00:00,1,,resolved_loss,-0.5555,-3.0248,-0.5555,resolved_loss
ws_20250927_MS,MS,2025-09-27T09:00:00+00:00,1,,resolved_loss,-0.5746,-3.2259,-0.5746,resolved_loss
ws_20250927_C,C,2025-09-27T09:00:00+00:00,1,,resolved_loss,-0.5609,-6.9705,-0.5609,resolved_loss
ws_20250927_SCHW,SCHW,2025-09-27T09:00:00+00:00,1,,resolved_loss,-0.4556,-2.421,-0.4556,resolved_loss
ws_20250927_XOM,XOM,2025-09-27T09:00:00+00:00,1,,resolved_loss,-0.5374,-5.4998,-0.5374,resolved_loss
ws_20250927_CVX,CVX,2025-09-27T09:00:00+00:00,1,,resolved_loss,-0.537,-6.9451,-0.537,resolved_loss
ws_20250927_COP,COP,2025-09-27T09:00:00+00:00,1,,resolved_loss,-0.6497,-6.7096,-0.6497,resolved_loss
ws_20250927_SLB,SLB,2025-09-27T09:00:00+00:00,1,,resolved_loss,-0.8448,-5.3339,-0.8448,resolved_loss
ws_20250927_DVN,DVN,2025-09-27T09:00:00+00:00,1,,resolved_loss,-0.784,-7.6493,-0.784,resolved_loss
ws_20250927_OXY,OXY,2025-09-27T09:00:00+00:00,1,,resolved_win,1.3904,-6.9388,1.3904,resolved_win
ws_20250927_EOG,EOG,2025-09-27T09:00:00+00:00,1,,resolved_loss,-0.7331,-8.0201,-0.7331,resolved_loss
ws_20250927_FSLR,FSLR,2025-09-27T09:00:00+00:00,1,,resolved_win,2.6866,4.6141,2.6866,resolved_win
ws_20250927_ENPH,ENPH,2025-09-27T09:00:00+00:00,1,,resolved_loss,-1.3706,0.8772,-1.3706,resolved_loss
ws_20250927_PYPL,PYPL,2025-09-27T09:00:00+00:00,1,,resolved_win,1.055,2.014,1.055,resolved_win
ws_20250927_MA,MA,2025-09-27T09:00:00+00:00,1,,resolved_loss,-0.4091,2.331,-0.4091,resolved_loss
ws_20250927_AXP,AXP,2025-09-27T09:00:00+00:00,1,,resolved_loss,-0.4506,-4.1373,-0.4506,resolved_loss
ws_20250927_V,V,2025-09-27T09:00:00+00:00,1,,resolved_loss,-0.4594,3.0554,-0.4594,resolved_loss
ws_20250927_QQQ,QQQ,2025-09-27T09:00:00+00:00,1,,resolved_win,0.6694,0.9387,0.6694,resolved_win
ws_20250927_SPY,SPY,2025-09-27T09:00:00+00:00,1,,resolved_loss,-0.269,0.5578,-0.269,resolved_loss
ws_20250927_IWM,IWM,2025-09-27T09:00:00+00:00,1,,resolved_loss,-0.3853,1.3355,-0.3853,resolved_loss
ws_20250927_DIA,DIA,2025-09-27T09:00:00+00:00,1,,resolved_loss,-0.2531,0.2768,-0.2531,resolved_loss
ws_20250927_XLK,XLK,2025-09-27T09:00:00+00:00,1,,resolved_loss,-0.3695,-49.0771,-0.3695,resolved_loss
ws_20250927_XLV,XLV,2025-09-27T09:00:00+00:00,1,,resolved_loss,-0.2878,5.9815,-0.2878,resolved_loss
ws_20250927_XLF,XLF,2025-09-27T09:00:00+00:00,1,,resolved_loss,-0.3157,-1.0973,-0.3157,resolved_loss
ws_20250927_XLY,XLY,2025-09-27T09:00:00+00:00,1,,resolved_loss,-0.3379,-50.5874,-0.3379,resolved_loss
ws_20250927_XLI,XLI,2025-09-27T09:00:00+00:00,1,,resolved_loss,-0.3016,0.5977,-0.3016,resolved_loss
ws_20250927_XLE,XLE,2025-09-27T09:00:00+00:00,1,,resolved_loss,-0.4457,-52.3884,-0.4457,resolved_loss
ws_20250927_XLP,XLP,2025-09-27T09:00:00+00:00,1,,resolved_loss,-0.2565,-1.2626,-0.2565,resolved_loss
ws_20250927_XLB,XLB,2025-09-27T09:00:00+00:00,1,,resolved_loss,-0.3152,-49.8971,-0.3152,resolved_loss
ws_20250927_XLU,XLU,2025-09-27T09:00:00+00:00,1,,resolved_loss,-0.3687,-49.5183,-0.3687,resolved_loss
ws_20250927_XLC,XLC,2025-09-27T09:00:00+00:00,1,,resolved_loss,-0.4063,-2.1116,-0.4063,resolved_loss
ws_20250927_XLRE,XLRE,2025-09-27T09:00:00+00:00,1,,resolved_loss,-0.3222,-1.3076,-0.3222,resolved_loss
ws_20250927_SMH,SMH,2025-09-27T09:00:00+00:00,1,,resolved_win,0.9693,4.2768,0.9693,resolved_win
ws_20250927_SOXX,SOXX,2025-09-27T09:00:00+00:00,1,,resolved_win,0.9707,3.9006,0.9707,resolved_win
ws_20250927_INTC,INTC,2025-09-27T09:00:00+00:00,1,,resolved_loss,-1.8746,3.8196,-1.8746,resolved_loss
ws_20250927_QCOM,QCOM,2025-09-27T09:00:00+00:00,1,,resolved_loss,-0.5911,-1.501,-0.5911,resolved_loss
ws_20250927_TXN,TXN,2025-09-27T09:00:00+00:00,1,,resolved_loss,-0.5907,-4.2657,-0.5907,resolved_loss
ws_20250927_ASML,ASML,2025-09-27T09:00:00+00:00,1,,resolved_win,0.8685,7.9618,0.8685,resolved_win
ws_20250927_TSM,TSM,2025-09-27T09:00:00+00:00,1,,resolved_win,1.3244,6.0604,1.3244,resolved_win
ws_20250927_AMGN,AMGN,2025-09-27T09:00:00+00:00,1,,resolved_loss,-0.5422,6.8081,-0.5422,resolved_loss
ws_20250927_SAP,SAP,2025-09-27T09:00:00+00:00,1,,resolved_loss,-0.3331,0.6577,-0.3331,resolved_loss
ws_20250927_GILD,GILD,2025-09-27T09:00:00+00:00,1,,resolved_loss,-0.6334,-0.6884,-0.6334,resolved_loss
ws_20250927_REGN,REGN,2025-09-27T09:00:00+00:00,1,,resolved_loss,-0.7322,5.9545,-0.7322,resolved_loss
ws_20250927_BMY,BMY,2025-09-27T09:00:00+00:00,1,,resolved_loss,-0.5894,0.7951,-0.5894,resolved_loss
ws_20250927_PG,PG,2025-09-27T09:00:00+00:00,1,,resolved_loss,-0.3639,-2.2759,-0.3639,resolved_loss
ws_20250927_ZTS,ZTS,2025-09-27T09:00:00+00:00,1,,resolved_loss,-0.4947,0.803,-0.4947,resolved_loss
ws_20250927_KO,KO,2025-09-27T09:00:00+00:00,1,,resolved_loss,-0.358,0.1343,-0.358,resolved_loss
ws_20250927_BK,BK,2025-09-27T09:00:00+00:00,1,,resolved_loss,-0.4291,-3.9698,-0.4291,resolved_loss
ws_20250927_BLK,BLK,2025-09-27T09:00:00+00:00,1,,resolved_loss,-0.4635,-1.2368,-0.4635,resolved_loss
ws_20250927_PNC,PNC,2025-09-27T09:00:00+00:00,1,,resolved_loss,-0.4475,-4.7512,-0.4475,resolved_loss
ws_20250927_USB,USB,2025-09-27T09:00:00+00:00,1,,resolved_loss,-0.4754,-4.6765,-0.4754,resolved_loss
ws_20250927_NEE,NEE,2025-09-27T09:00:00+00:00,1,,resolved_loss,-0.5408,3.4142,-0.5408,resolved_loss
ws_20250927_DUK,DUK,2025-09-27T09:00:00+00:00,1,,resolved_loss,-0.4064,-2.1292,-0.4064,resolved_loss
ws_20250927_SHEL,SHEL,2025-09-27T09:00:00+00:00,1,,resolved_loss,-0.3611,-2.9871,-0.3611,resolved_loss
ws_20250927_BP,BP,2025-09-27T09:00:00+00:00,1,,resolved_loss,-0.4482,-7.8832,-0.4482,resolved_loss
ws_20250927_RIO,RIO,2025-09-27T09:00:00+00:00,1,,resolved_loss,-0.4784,-0.7538,-0.4784,resolved_loss
ws_20250927_BHP,BHP,2025-09-27T09:00:00+00:00,1,,resolved_win,0.9134,-0.6234,0.9134,resolved_win
ws_20250927_VALE,VALE,2025-09-27T09:00:00+00:00,1,,resolved_loss,-0.6542,-2.2748,-0.6542,resolved_loss
ws_20250927_WMT,WMT,2025-09-27T09:00:00+00:00,1,,resolved_loss,-0.3684,-1.6287,-0.3684,resolved_loss
ws_20250927_COST,COST,2025-09-27T09:00:00+00:00,1,,resolved_loss,-0.7261,-0.4677,-0.7261,resolved_loss
ws_20250927_TGT,TGT,2025-09-27T09:00:00+00:00,1,,resolved_loss,-0.6489,-1.8421,-0.6489,resolved_loss
ws_20250927_HD,HD,2025-09-27T09:00:00+00:00,1,,resolved_loss,-0.3438,-5.6345,-0.3438,resolved_loss
ws_20250927_NKE,NKE,2025-09-27T09:00:00+00:00,1,,resolved_loss,-0.6132,1.5406,-0.6132,resolved_loss
ws_20250927_LOW,LOW,2025-09-27T09:00:00+00:00,1,,resolved_loss,-0.4317,-5.5372,-0.4317,resolved_loss
ws_20250927_MCD,MCD,2025-09-27T09:00:00+00:00,1,,resolved_loss,-0.3572,-3.1595,-0.3572,resolved_loss
ws_20250927_SBUX,SBUX,2025-09-27T09:00:00+00:00,1,,resolved_loss,-0.6116,1.6352,-0.6116,resolved_loss
ws_20250927_BKNG,BKNG,2025-09-27T09:00:00+00:00,1,,resolved_loss,-0.7342,-96.1201,-0.7342,resolved_loss
ws_20250927_ROST,ROST,2025-09-27T09:00:00+00:00,1,,resolved_loss,-0.5015,0.081,-0.5015,resolved_loss
ws_20250927_CMG,CMG,2025-09-27T09:00:00+00:00,1,,resolved_loss,-0.574,4.2176,-0.574,resolved_loss
ws_20250927_TJX,TJX,2025-09-27T09:00:00+00:00,1,,resolved_loss,-0.3354,-2.1331,-0.3354,resolved_loss
ws_20250927_PM,PM,2025-09-27T09:00:00+00:00,1,,resolved_loss,-0.5063,-8.7161,-0.5063,resolved_loss
ws_20250927_MO,MO,2025-09-27T09:00:00+00:00,1,,resolved_loss,-0.3957,-3.3715,-0.3957,resolved_loss
ws_20250927_GE,GE,2025-09-27T09:00:00+00:00,1,,resolved_loss,-0.6714,0.4473,-0.6714,resolved_loss
ws_20250927_DE,DE,2025-09-27T09:00:00+00:00,1,,resolved_loss,-0.4831,-0.8004,-0.4831,resolved_loss
ws_20250927_BA,BA,2025-09-27T09:00:00+00:00,1,,resolved_loss,-0.9265,-2.2417,-0.9265,resolved_loss
ws_20250927_LMT,LMT,2025-09-27T09:00:00+00:00,1,,resolved_loss,-0.3755,1.5233,-0.3755,resolved_loss
ws_20250927_RTX,RTX,2025-09-27T09:00:00+00:00,1,,resolved_win,1.1664,0.8351,1.1664,resolved_win
ws_20250927_CAT,CAT,2025-09-27T09:00:00+00:00,1,,resolved_win,1.097,6.1214,1.097,resolved_win
ws_20250927_NOC,NOC,2025-09-27T09:00:00+00:00,1,,resolved_loss,-0.4069,1.315,-0.4069,resolved_loss
ws_20250927_HON,HON,2025-09-27T09:00:00+00:00,1,,resolved_loss,-0.3267,-6.882,-0.3267,resolved_loss
ws_20250927_ETN,ETN,2025-09-27T09:00:00+00:00,1,,resolved_win,1.0583,1.2472,1.0583,resolved_win
ws_20250927_VZ,VZ,2025-09-27T09:00:00+00:00,1,,resolved_loss,-0.321,-4.6674,-0.321,resolved_loss
ws_20250927_T,T,2025-09-27T09:00:00+00:00,1,,resolved_loss,-0.459,-7.5302,-0.459,resolved_loss
ws_20250927_EFA,EFA,2025-09-27T09:00:00+00:00,1,,resolved_loss,-0.1835,0.8289,-0.1835,resolved_loss
ws_20250927_CSCO,CSCO,2025-09-27T09:00:00+00:00,1,,resolved_loss,-0.4314,-0.0381,-0.4314,resolved_loss
ws_20250927_VNQ,VNQ,2025-09-27T09:00:00+00:00,1,,resolved_loss,-0.3406,-1.5214,-0.3406,resolved_loss
ws_20250927_EEM,EEM,2025-09-27T09:00:00+00:00,1,,resolved_loss,-0.1898,1.4514,-0.1898,resolved_loss
ws_20250927_HYG,HYG,2025-09-27T09:00:00+00:00,1,,resolved_loss,-0.0678,-4.135,-0.0678,resolved_loss
ws_20250927_TNGX,TNGX,2025-09-27T09:00:00+00:00,1,,resolved_loss,-2.1127,-8.9202,-2.1127,resolved_loss
ws_20250927_WINA,WINA,2025-09-27T09:00:00+00:00,0,,resolved_loss,-0.6251,-1.0697,-0.6251,resolved_loss
ws_20250929_INTU,INTU,2025-09-29T09:00:00+00:00,1,,resolved_loss,-0.5945,-4.0707,-0.5945,resolved_loss
ws_20250929_TMO,TMO,2025-09-29T09:00:00+00:00,1,,resolved_win,1.5008,17.5118,1.5008,resolved_win
ws_20250929_DVN,DVN,2025-09-29T09:00:00+00:00,1,,resolved_loss,-0.9989,-4.2551,-0.9989,resolved_loss
ws_20250929_AXP,AXP,2025-09-29T09:00:00+00:00,1,,resolved_loss,-0.642,-2.9993,-0.642,resolved_loss
ws_20250929_QCOM,QCOM,2025-09-29T09:00:00+00:00,1,,resolved_loss,-0.9268,-0.0547,-0.9268,resolved_loss
ws_20250929_NEE,NEE,2025-09-29T09:00:00+00:00,1,,resolved_loss,-0.699,6.0622,-0.699,resolved_loss
ws_20250929_DUK,DUK,2025-09-29T09:00:00+00:00,1,,resolved_loss,-0.5559,-0.8998,-0.5559,resolved_loss
ws_20250929_VZ,VZ,2025-09-29T09:00:00+00:00,1,,resolved_loss,-0.3692,-8.8454,-0.3692,resolved_loss
ws_20250929_WINA,WINA,2025-09-29T09:00:00+00:00,1,,resolved_loss,-0.8353,-3.1643,-0.8353,resolved_loss
ws_20250929_AAPL,AAPL,2025-09-29T09:00:00+00:00,0,,resolved_win,1.1127,1.0006,1.1127,resolved_win
ws_20250929_NVDA,NVDA,2025-09-29T09:00:00+00:00,0,,resolved_win,1.9771,1.5844,1.9771,resolved_win
ws_20250929_META,META,2025-09-29T09:00:00+00:00,0,,resolved_loss,-0.6155,-4.1938,-0.6155,resolved_loss
ws_20250929_TSLA,TSLA,2025-09-29T09:00:00+00:00,0,,resolved_loss,-1.347,2.7778,-1.347,resolved_loss
ws_20250929_MSFT,MSFT,2025-09-29T09:00:00+00:00,0,,resolved_loss,-0.4687,2.3517,-0.4687,resolved_loss
ws_20250929_ASST,ASST,2025-09-29T09:00:00+00:00,0,,resolved_win,10.171,2129.8607,10.171,resolved_win
ws_20250929_AMZN,AMZN,2025-09-29T09:00:00+00:00,0,,resolved_loss,-0.5571,0.0543,-0.5571,resolved_loss
ws_20250929_GOOGL,GOOGL,2025-09-29T09:00:00+00:00,0,,resolved_loss,-0.7265,0.6021,-0.7265,resolved_loss
ws_20250929_NFLX,NFLX,2025-09-29T09:00:00+00:00,0,,resolved_loss,-0.7517,-90.417,-0.7517,resolved_loss
ws_20250929_SMCI,SMCI,2025-09-29T09:00:00+00:00,0,,resolved_win,3.2057,17.5129,3.2057,resolved_win
ws_20250929_AMD,AMD,2025-09-29T09:00:00+00:00,0,,resolved_loss,-1.0542,25.1785,-1.0542,resolved_loss
ws_20250929_PLTR,PLTR,2025-09-29T09:00:00+00:00,0,,resolved_win,2.4747,0.7464,2.4747,resolved_win
ws_20250929_ARM,ARM,2025-09-29T09:00:00+00:00,0,,resolved_loss,-0.9851,10.7158,-0.9851,resolved_loss
ws_20250929_AVGO,AVGO,2025-09-29T09:00:00+00:00,0,,resolved_loss,-1.0536,0.3057,-1.0536,resolved_loss
ws_20250929_SNOW,SNOW,2025-09-29T09:00:00+00:00,0,,resolved_loss,-1.1555,6.9548,-1.1555,resolved_loss
ws_20250929_CRM,CRM,2025-09-29T09:00:00+00:00,0,,resolved_loss,-0.6405,0.2347,-0.6405,resolved_loss
ws_20250929_ORCL,ORCL,2025-09-29T09:00:00+00:00,0,,resolved_loss,-1.3591,2.3987,-1.3591,resolved_loss
ws_20250929_ADBE,ADBE,2025-09-29T09:00:00+00:00,0,,resolved_loss,-0.6874,-2.9545,-0.6874,resolved_loss
ws_20250929_WDAY,WDAY,2025-09-29T09:00:00+00:00,0,,resolved_loss,-0.7349,-3.7551,-0.7349,resolved_loss
ws_20250929_ZM,ZM,2025-09-29T09:00:00+00:00,0,,resolved_loss,-0.7747,-3.4207,-0.7747,resolved_loss
ws_20250929_VEEV,VEEV,2025-09-29T09:00:00+00:00,0,,resolved_win,2.1311,2.8689,2.1311,resolved_win
ws_20250929_OKTA,OKTA,2025-09-29T09:00:00+00:00,0,,resolved_loss,-0.937,0.9372,-0.937,resolved_loss
ws_20250929_NOW,NOW,2025-09-29T09:00:00+00:00,0,,resolved_loss,-0.7528,-80.7253,-0.7528,resolved_loss
ws_20250929_FTNT,FTNT,2025-09-29T09:00:00+00:00,0,,resolved_win,1.5752,3.0788,1.5752,resolved_win
ws_20250929_NET,NET,2025-09-29T09:00:00+00:00,0,,resolved_loss,-1.0947,1.883,-1.0947,resolved_loss
ws_20250929_DDOG,DDOG,2025-09-29T09:00:00+00:00,0,,resolved_loss,-1.0756,9.9036,-1.0756,resolved_loss
ws_20250929_MDB,MDB,2025-09-29T09:00:00+00:00,0,,resolved_loss,-1.0866,0.9549,-1.0866,resolved_loss
ws_20250929_TEAM,TEAM,2025-09-29T09:00:00+00:00,0,,resolved_loss,-1.0077,-9.9148,-1.0077,resolved_loss
ws_20250929_ADP,ADP,2025-09-29T09:00:00+00:00,0,,resolved_loss,-0.4739,-2.0213,-0.4739,resolved_loss
ws_20250929_COIN,COIN,2025-09-29T09:00:00+00:00,0,,resolved_win,3.0995,16.8563,3.0995,resolved_win
ws_20250929_RBLX,RBLX,2025-09-29T09:00:00+00:00,0,,resolved_loss,-1.6305,-10.2909,-1.6305,resolved_loss
ws_20250929_CRWD,CRWD,2025-09-29T09:00:00+00:00,0,,resolved_win,1.9354,2.5516,1.9354,resolved_win
ws_20250929_PANW,PANW,2025-09-29T09:00:00+00:00,0,,resolved_win,1.5223,4.5621,1.5223,resolved_win
ws_20250929_ZS,ZS,2025-09-29T09:00:00+00:00,0,,resolved_win,2.0238,3.6504,2.0238,resolved_win
ws_20250929_UBER,UBER,2025-09-29T09:00:00+00:00,0,,resolved_loss,-0.7815,0.2906,-0.7815,resolved_loss
ws_20250929_ABNB,ABNB,2025-09-29T09:00:00+00:00,0,,resolved_loss,-0.6649,-2.4084,-0.6649,resolved_loss
ws_20250929_SHOP,SHOP,2025-09-29T09:00:00+00:00,0,,resolved_win,1.8896,16.419,1.8896,resolved_win
ws_20250929_MARA,MARA,2025-09-29T09:00:00+00:00,0,,resolved_win,4.9582,16.6391,4.9582,resolved_win
ws_20250929_RIOT,RIOT,2025-09-29T09:00:00+00:00,0,,resolved_loss,-2.8129,11.2774,-2.8129,resolved_loss
ws_20250929_MSTR,MSTR,2025-09-29T09:00:00+00:00,0,,resolved_win,3.521,12.226,3.521,resolved_win
ws_20250929_SOFI,SOFI,2025-09-29T09:00:00+00:00,0,,resolved_loss,-1.589,-3.7791,-1.589,resolved_loss
ws_20250929_RIVN,RIVN,2025-09-29T09:00:00+00:00,0,,resolved_loss,-1.9993,-11.5044,-1.9993,resolved_loss
ws_20250929_MRNA,MRNA,2025-09-29T09:00:00+00:00,0,,resolved_win,2.9235,10.2924,2.9235,resolved_win
ws_20250929_BNTX,BNTX,2025-09-29T09:00:00+00:00,0,,resolved_loss,-0.6326,6.4319,-0.6326,resolved_loss
ws_20250929_LCID,LCID,2025-09-29T09:00:00+00:00,0,,resolved_loss,-1.8701,0.9456,-1.8701,resolved_loss
ws_20250929_JNJ,JNJ,2025-09-29T09:00:00+00:00,0,,resolved_win,0.8946,2.4349,0.8946,resolved_win
ws_20250929_UNH,UNH,2025-09-29T09:00:00+00:00,0,,resolved_loss,-0.7733,2.8098,-0.7733,resolved_loss
ws_20250929_PFE,PFE,2025-09-29T09:00:00+00:00,0,,resolved_win,1.0305,5.699,1.0305,resolved_win
ws_20250929_MRK,MRK,2025-09-29T09:00:00+00:00,0,,resolved_win,1.3042,11.7506,1.3042,resolved_win
ws_20250929_LLY,LLY,2025-09-29T09:00:00+00:00,0,,resolved_win,1.6517,16.3294,1.6517,resolved_win
ws_20250929_ABBV,ABBV,2025-09-29T09:00:00+00:00,0,,resolved_win,1.0363,1.5343,1.0363,resolved_win
ws_20250929_DHR,DHR,2025-09-29T09:00:00+00:00,0,,resolved_win,1.6153,13.9749,1.6153,resolved_win
ws_20250929_ISRG,ISRG,2025-09-29T09:00:00+00:00,0,,resolved_win,1.5571,2.2209,1.5571,resolved_win
ws_20250929_CVS,CVS,2025-09-29T09:00:00+00:00,0,,resolved_loss,-0.8899,-0.4686,-0.8899,resolved_loss
ws_20250929_BAC,BAC,2025-09-29T09:00:00+00:00,0,,resolved_loss,-0.5074,-5.0454,-0.5074,resolved_loss
ws_20250929_JPM,JPM,2025-09-29T09:00:00+00:00,0,,resolved_loss,-0.5785,-2.6561,-0.5785,resolved_loss
ws_20250929_WFC,WFC,2025-09-29T09:00:00+00:00,0,,resolved_loss,-0.552,-5.7146,-0.552,resolved_loss
ws_20250929_SCHW,SCHW,2025-09-29T09:00:00+00:00,0,,resolved_loss,-0.47,-2.784,-0.47,resolved_loss
ws_20250929_MS,MS,2025-09-29T09:00:00+00:00,0,,resolved_loss,-0.6132,-2.7366,-0.6132,resolved_loss
ws_20250929_C,C,2025-09-29T09:00:00+00:00,0,,resolved_loss,-0.5923,-6.2949,-0.5923,resolved_loss
ws_20250929_GS,GS,2025-09-29T09:00:00+00:00,0,,resolved_loss,-0.6417,-1.7839,-0.6417,resolved_loss
ws_20250929_COP,COP,2025-09-29T09:00:00+00:00,0,,resolved_loss,-1.0016,-2.8549,-1.0016,resolved_loss
ws_20250929_CVX,CVX,2025-09-29T09:00:00+00:00,0,,resolved_loss,-0.6711,-4.471,-0.6711,resolved_loss
ws_20250929_XOM,XOM,2025-09-29T09:00:00+00:00,0,,resolved_loss,-0.6761,-2.55,-0.6761,resolved_loss
ws_20250929_SLB,SLB,2025-09-29T09:00:00+00:00,0,,resolved_loss,-1.0405,-3.4591,-1.0405,resolved_loss
ws_20250929_EOG,EOG,2025-09-29T09:00:00+00:00,0,,resolved_loss,-0.8944,-5.7071,-0.8944,resolved_loss
ws_20250929_EQT,EQT,2025-09-29T09:00:00+00:00,0,,resolved_loss,-1.2138,3.4973,-1.2138,resolved_loss
ws_20250929_OXY,OXY,2025-09-29T09:00:00+00:00,0,,resolved_loss,-1.1338,-7.8171,-1.1338,resolved_loss
ws_20250929_FSLR,FSLR,2025-09-29T09:00:00+00:00,0,,resolved_loss,-1.4971,1.77,-1.4971,resolved_loss
ws_20250929_PYPL,PYPL,2025-09-29T09:00:00+00:00,0,,resolved_loss,-1.2333,-0.3765,-1.2333,resolved_loss
ws_20250929_ENPH,ENPH,2025-09-29T09:00:00+00:00,0,,resolved_loss,-1.6367,1.3639,-1.6367,resolved_loss
ws_20250929_V,V,2025-09-29T09:00:00+00:00,0,,resolved_win,1.1418,2.3722,1.1418,resolved_win
ws_20250929_MA,MA,2025-09-29T09:00:00+00:00,0,,resolved_loss,-0.5037,1.4722,-0.5037,resolved_loss
ws_20250929_QQQ,QQQ,2025-09-29T09:00:00+00:00,0,,resolved_loss,-0.3563,1.1596,-0.3563,resolved_loss
ws_20250929_SPY,SPY,2025-09-29T09:00:00+00:00,0,,resolved_loss,-0.2721,0.6758,-0.2721,resolved_loss
ws_20250929_IWM,IWM,2025-09-29T09:00:00+00:00,0,,resolved_loss,-0.4392,1.7479,-0.4392,resolved_loss
ws_20250929_DIA,DIA,2025-09-29T09:00:00+00:00,0,,resolved_loss,-0.273,0.285,-0.273,resolved_loss
ws_20250929_XLK,XLK,2025-09-29T09:00:00+00:00,0,,resolved_loss,-0.4206,-48.8865,-0.4206,resolved_loss
ws_20250929_XLF,XLF,2025-09-29T09:00:00+00:00,0,,resolved_loss,-0.3523,-1.2256,-0.3523,resolved_loss
ws_20250929_XLV,XLV,2025-09-29T09:00:00+00:00,0,,resolved_win,0.6646,5.5393,0.6646,resolved_win
ws_20250929_XLE,XLE,2025-09-29T09:00:00+00:00,0,,resolved_loss,-0.5754,-51.3004,-0.5754,resolved_loss
ws_20250929_XLY,XLY,2025-09-29T09:00:00+00:00,0,,resolved_loss,-0.4133,-50.1178,-0.4133,resolved_loss
ws_20250929_XLP,XLP,2025-09-29T09:00:00+00:00,0,,resolved_loss,-0.2763,-1.8012,-0.2763,resolved_loss
ws_20250929_XLI,XLI,2025-09-29T09:00:00+00:00,0,,resolved_loss,-0.343,0.7136,-0.343,resolved_loss
ws_20250929_XLB,XLB,2025-09-29T09:00:00+00:00,0,,resolved_loss,-0.3761,-50.0851,-0.3761,resolved_loss
ws_20250929_XLU,XLU,2025-09-29T09:00:00+00:00,0,,resolved_loss,-0.4202,-49.0623,-0.4202,resolved_loss
ws_20250929_XLRE,XLRE,2025-09-29T09:00:00+00:00,0,,resolved_loss,-0.3454,-2.5021,-0.3454,resolved_loss
ws_20250929_XLC,XLC,2025-09-29T09:00:00+00:00,0,,resolved_loss,-0.3618,-2.596,-0.3618,resolved_loss
ws_20250929_SMH,SMH,2025-09-29T09:00:00+00:00,0,,resolved_loss,-0.5511,5.3957,-0.5511,resolved_loss
ws_20250929_INTC,INTC,2025-09-29T09:00:00+00:00,0,,resolved_loss,-2.1246,4.8685,-2.1246,resolved_loss
ws_20250929_SOXX,SOXX,2025-09-29T09:00:00+00:00,0,,resolved_loss,-0.5421,6.197,-0.5421,resolved_loss
ws_20250929_TXN,TXN,2025-09-29T09:00:00+00:00,0,,resolved_loss,-0.6497,-3.5583,-0.6497,resolved_loss
ws_20250929_TSM,TSM,2025-09-29T09:00:00+00:00,0,,resolved_loss,-0.868,8.9213,-0.868,resolved_loss
ws_20250929_MU,MU,2025-09-29T09:00:00+00:00,0,,resolved_win,2.6941,16.5635,2.6941,resolved_win
ws_20250929_ASML,ASML,2025-09-29T09:00:00+00:00,0,,resolved_loss,-0.5792,7.2437,-0.5792,resolved_loss
ws_20250929_SAP,SAP,2025-09-29T09:00:00+00:00,0,,resolved_loss,-0.4278,2.0608,-0.4278,resolved_loss
ws_20250929_AMGN,AMGN,2025-09-29T09:00:00+00:00,0,,resolved_win,1.2247,5.5453,1.2247,resolved_win
ws_20250929_GILD,GILD,2025-09-29T09:00:00+00:00,0,,resolved_win,1.3605,0.4275,1.3605,resolved_win
ws_20250929_BMY,BMY,2025-09-29T09:00:00+00:00,0,,resolved_loss,-0.7805,-0.1075,-0.7805,resolved_loss
ws_20250929_REGN,REGN,2025-09-29T09:00:00+00:00,0,,resolved_win,1.5388,4.4259,1.5388,resolved_win
ws_20250929_PG,PG,2025-09-29T09:00:00+00:00,0,,resolved_loss,-0.4064,-3.5171,-0.4064,resolved_loss
ws_20250929_ZTS,ZTS,2025-09-29T09:00:00+00:00,0,,resolved_loss,-0.648,0.0662,-0.648,resolved_loss
ws_20250929_KO,KO,2025-09-29T09:00:00+00:00,0,,resolved_loss,-0.432,-1.1738,-0.432,resolved_loss
ws_20250929_PEP,PEP,2025-09-29T09:00:00+00:00,0,,resolved_loss,-0.4648,-2.9647,-0.4648,resolved_loss
ws_20250929_BK,BK,2025-09-29T09:00:00+00:00,0,,resolved_loss,-0.5319,-3.6833,-0.5319,resolved_loss
ws_20250929_BLK,BLK,2025-09-29T09:00:00+00:00,0,,resolved_loss,-0.661,-1.0828,-0.661,resolved_loss
ws_20250929_USB,USB,2025-09-29T09:00:00+00:00,0,,resolved_loss,-0.6478,-3.7942,-0.6478,resolved_loss
ws_20250929_PNC,PNC,2025-09-29T09:00:00+00:00,0,,resolved_loss,-0.5837,-4.7558,-0.5837,resolved_loss
ws_20250929_BP,BP,2025-09-29T09:00:00+00:00,0,,resolved_loss,-0.6721,-4.1021,-0.6721,resolved_loss
ws_20250929_SHEL,SHEL,2025-09-29T09:00:00+00:00,0,,resolved_loss,-0.4498,-0.5688,-0.4498,resolved_loss
ws_20250929_RIO,RIO,2025-09-29T09:00:00+00:00,0,,resolved_loss,-0.5976,-1.4178,-0.5976,resolved_loss
ws_20250929_BHP,BHP,2025-09-29T09:00:00+00:00,0,,resolved_loss,-0.6858,-2.2195,-0.6858,resolved_loss
ws_20250929_VALE,VALE,2025-09-29T09:00:00+00:00,0,,resolved_loss,-0.6922,-1.0381,-0.6922,resolved_loss
ws_20250929_COST,COST,2025-09-29T09:00:00+00:00,0,,resolved_win,1.2718,-0.0726,1.2718,resolved_win
ws_20250929_WMT,WMT,2025-09-29T09:00:00+00:00,0,,resolved_loss,-0.4769,-0.6362,-0.4769,resolved_loss
ws_20250929_TGT,TGT,2025-09-29T09:00:00+00:00,0,,resolved_loss,-0.7189,-1.6842,-0.7189,resolved_loss
ws_20250929_LOW,LOW,2025-09-29T09:00:00+00:00,0,,resolved_loss,-0.6726,-5.1667,-0.6726,resolved_loss
ws_20250929_HD,HD,2025-09-29T09:00:00+00:00,0,,resolved_loss,-0.5287,-5.7648,-0.5287,resolved_loss
ws_20250929_NKE,NKE,2025-09-29T09:00:00+00:00,0,,resolved_loss,-0.7335,1.139,-0.7335,resolved_loss
ws_20250929_MCD,MCD,2025-09-29T09:00:00+00:00,0,,resolved_loss,-0.5429,-4.0684,-0.5429,resolved_loss
ws_20250929_SBUX,SBUX,2025-09-29T09:00:00+00:00,0,,resolved_loss,-0.8227,-5.3629,-0.8227,resolved_loss
ws_20250929_TJX,TJX,2025-09-29T09:00:00+00:00,0,,resolved_loss,-0.4204,-0.6228,-0.4204,resolved_loss
ws_20250929_BKNG,BKNG,2025-09-29T09:00:00+00:00,0,,resolved_loss,-0.7437,-96.0849,-0.7437,resolved_loss
ws_20250929_ROST,ROST,2025-09-29T09:00:00+00:00,0,,resolved_win,1.1663,0.2552,1.1663,resolved_win
ws_20250929_CMG,CMG,2025-09-29T09:00:00+00:00,0,,resolved_loss,-0.7434,3.8465,-0.7434,resolved_loss
ws_20250929_PM,PM,2025-09-29T09:00:00+00:00,0,,resolved_loss,-0.6237,-7.7921,-0.6237,resolved_loss
ws_20250929_MO,MO,2025-09-29T09:00:00+00:00,0,,resolved_loss,-0.5037,-3.622,-0.5037,resolved_loss
ws_20250929_CAT,CAT,2025-09-29T09:00:00+00:00,0,,resolved_loss,-0.6209,4.5823,-0.6209,resolved_loss
ws_20250929_DE,DE,2025-09-29T09:00:00+00:00,0,,resolved_loss,-0.5624,-2.3705,-0.5624,resolved_loss
ws_20250929_GE,GE,2025-09-29T09:00:00+00:00,0,,resolved_win,1.4275,0.8733,1.4275,resolved_win
ws_20250929_BA,BA,2025-09-29T09:00:00+00:00,0,,resolved_loss,-1.0056,1.5928,-1.0056,resolved_loss
ws_20250929_LMT,LMT,2025-09-29T09:00:00+00:00,0,,resolved_loss,-0.6065,1.2498,-0.6065,resolved_loss
ws_20250929_RTX,RTX,2025-09-29T09:00:00+00:00,0,,resolved_loss,-0.9281,1.5633,-0.9281,resolved_loss
ws_20250929_NOC,NOC,2025-09-29T09:00:00+00:00,0,,resolved_loss,-0.6316,2.567,-0.6316,resolved_loss
ws_20250929_HON,HON,2025-09-29T09:00:00+00:00,0,,resolved_loss,-0.4211,-7.1312,-0.4211,resolved_loss
ws_20250929_ETN,ETN,2025-09-29T09:00:00+00:00,0,,resolved_loss,-0.6506,2.5545,-0.6506,resolved_loss
ws_20250929_CSCO,CSCO,2025-09-29T09:00:00+00:00,0,,resolved_loss,-0.5022,0.6999,-0.5022,resolved_loss
ws_20250929_T,T,2025-09-29T09:00:00+00:00,0,,resolved_loss,-0.5159,-10.9204,-0.5159,resolved_loss
ws_20250929_EFA,EFA,2025-09-29T09:00:00+00:00,0,,resolved_loss,-0.2089,0.775,-0.2089,resolved_loss
ws_20250929_EEM,EEM,2025-09-29T09:00:00+00:00,0,,resolved_loss,-0.3022,0.9407,-0.3022,resolved_loss
ws_20250929_VNQ,VNQ,2025-09-29T09:00:00+00:00,0,,resolved_loss,-0.3568,-2.5174,-0.3568,resolved_loss
ws_20250929_HYG,HYG,2025-09-29T09:00:00+00:00,0,,resolved_loss,-0.0801,-4.253,-0.0801,resolved_loss
ws_20250929_TLT,TLT,2025-09-29T09:00:00+00:00,0,,resolved_loss,-0.2453,-4.0177,-0.2453,resolved_loss
ws_20250929_TNGX,TNGX,2025-09-29T09:00:00+00:00,0,,resolved_loss,-2.5399,-10.4548,-2.5399,resolved_loss
ws_20250929_BETR,BETR,2025-09-29T09:00:00+00:00,0,,resolved_loss,-6.801,-2.9303,-6.801,resolved_loss
ws_20251001_BAC,BAC,2025-10-01T09:00:00+00:00,2,,resolved_loss,-0.7725,-4.0799,-0.7725,resolved_loss
ws_20251001_TLT,TLT,2025-10-01T09:00:00+00:00,2,,resolved_loss,-0.3248,-2.8587,-0.3248,resolved_loss
ws_20251001_TNGX,TNGX,2025-10-01T09:00:00+00:00,2,,resolved_loss,-2.3199,-15.6288,-2.3199,resolved_loss
ws_20251001_META,META,2025-10-01T09:00:00+00:00,1,,resolved_loss,-1.0333,-0.0667,-1.0333,resolved_loss
ws_20251001_GOOGL,GOOGL,2025-10-01T09:00:00+00:00,1,,resolved_win,1.5778,1.1067,1.5778,resolved_win
ws_20251001_NFLX,NFLX,2025-10-01T09:00:00+00:00,1,,resolved_loss,-1.0638,-89.6246,-1.0638,resolved_loss
ws_20251001_CRM,CRM,2025-10-01T09:00:00+00:00,1,,resolved_loss,-1.0652,0.9499,-1.0652,resolved_loss
ws_20251001_VEEV,VEEV,2025-10-01T09:00:00+00:00,1,,resolved_win,2.2517,4.3893,2.2517,resolved_win
ws_20251001_UBER,UBER,2025-10-01T09:00:00+00:00,1,,resolved_loss,-0.83,2.3663,-0.83,resolved_loss
ws_20251001_WFC,WFC,2025-10-01T09:00:00+00:00,1,,resolved_loss,-0.7807,-5.0095,-0.7807,resolved_loss
ws_20251001_C,C,2025-10-01T09:00:00+00:00,1,,resolved_loss,-0.9588,-4.4444,-0.9588,resolved_loss
ws_20251001_CVX,CVX,2025-10-01T09:00:00+00:00,1,,resolved_loss,-0.5673,-3.2692,-0.5673,resolved_loss
ws_20251001_EOG,EOG,2025-10-01T09:00:00+00:00,1,,resolved_loss,-0.8259,-3.4201,-0.8259,resolved_loss
ws_20251001_QQQ,QQQ,2025-10-01T09:00:00+00:00,1,,resolved_win,0.7735,1.4512,0.7735,resolved_win
ws_20251001_TXN,TXN,2025-10-01T09:00:00+00:00,1,,resolved_loss,-0.7155,-2.0684,-0.7155,resolved_loss
ws_20251001_QCOM,QCOM,2025-10-01T09:00:00+00:00,1,,resolved_win,1.4724,0.1224,1.4724,resolved_win
ws_20251001_GILD,GILD,2025-10-01T09:00:00+00:00,1,,resolved_loss,-1.4761,3.5602,-1.4761,resolved_loss
ws_20251001_PG,PG,2025-10-01T09:00:00+00:00,1,,resolved_loss,-0.4736,-2.9941,-0.4736,resolved_loss
ws_20251001_BLK,BLK,2025-10-01T09:00:00+00:00,1,,resolved_loss,-0.8476,-0.0246,-0.8476,resolved_loss
ws_20251001_BK,BK,2025-10-01T09:00:00+00:00,1,,resolved_loss,-0.7124,-3.2202,-0.7124,resolved_loss
ws_20251001_PNC,PNC,2025-10-01T09:00:00+00:00,1,,resolved_loss,-0.6743,-6.9616,-0.6743,resolved_loss
ws_20251001_HD,HD,2025-10-01T09:00:00+00:00,1,,resolved_loss,-0.6627,-5.8059,-0.6627,resolved_loss
ws_20251001_LOW,LOW,2025-10-01T09:00:00+00:00,1,,resolved_loss,-0.5813,-5.4468,-0.5813,resolved_loss
ws_20251001_BKNG,BKNG,2025-10-01T09:00:00+00:00,1,,resolved_loss,-0.6843,-96.1332,-0.6843,resolved_loss
ws_20251001_CMG,CMG,2025-10-01T09:00:00+00:00,1,,resolved_win,1.5266,5.0912,1.5266,resolved_win
ws_20251001_DE,DE,2025-10-01T09:00:00+00:00,1,,resolved_win,1.3091,1.4071,1.3091,resolved_win
ws_20251001_T,T,2025-10-01T09:00:00+00:00,1,,resolved_loss,-0.5183,-9.1919,-0.5183,resolved_loss
ws_20251001_NVDA,NVDA,2025-10-01T09:00:00+00:00,0,,resolved_win,2.1027,1.1808,2.1027,resolved_win
ws_20251001_ASST,ASST,2025-10-01T09:00:00+00:00,0,,resolved_win,10.2374,1434.0734,10.2374,resolved_win
ws_20251001_AAPL,AAPL,2025-10-01T09:00:00+00:00,0,,resolved_loss,-0.6764,0.6146,-0.6764,resolved_loss
ws_20251001_AMZN,AMZN,2025-10-01T09:00:00+00:00,0,,resolved_win,1.3381,2.5079,1.3381,resolved_win
ws_20251001_TSLA,TSLA,2025-10-01T09:00:00+00:00,0,,resolved_win,2.7824,-3.5867,2.7824,resolved_win
ws_20251001_AMD,AMD,2025-10-01T09:00:00+00:00,0,,resolved_win,2.3191,45.0984,2.3191,resolved_win
ws_20251001_AVGO,AVGO,2025-10-01T09:00:00+00:00,0,,resolved_win,2.1481,3.0973,2.1481,resolved_win
ws_20251001_SMCI,SMCI,2025-10-01T09:00:00+00:00,0,,resolved_win,3.845,17.8195,3.845,resolved_win
ws_20251001_ARM,ARM,2025-10-01T09:00:00+00:00,0,,resolved_win,3.1303,13.4876,3.1303,resolved_win
ws_20251001_PLTR,PLTR,2025-10-01T09:00:00+00:00,0,,resolved_loss,-1.3397,-0.8373,-1.3397,resolved_loss
ws_20251001_SNOW,SNOW,2025-10-01T09:00:00+00:00,0,,resolved_win,2.7654,9.1381,2.7654,resolved_win
ws_20251001_ORCL,ORCL,2025-10-01T09:00:00+00:00,0,,resolved_loss,-1.3291,-0.1046,-1.3291,resolved_loss
ws_20251001_WDAY,WDAY,2025-10-01T09:00:00+00:00,0,,resolved_loss,-1.0606,0.2736,-1.0606,resolved_loss
ws_20251001_NOW,NOW,2025-10-01T09:00:00+00:00,0,,resolved_loss,-1.1939,-80.0437,-1.1939,resolved_loss
ws_20251001_ZM,ZM,2025-10-01T09:00:00+00:00,0,,resolved_loss,-0.9671,-2.2524,-0.9671,resolved_loss
ws_20251001_ADBE,ADBE,2025-10-01T09:00:00+00:00,0,,resolved_win,2.3136,1.8812,2.3136,resolved_win
ws_20251001_MSFT,MSFT,2025-10-01T09:00:00+00:00,0,,resolved_loss,-0.5613,1.2988,-0.5613,resolved_loss
ws_20251001_OKTA,OKTA,2025-10-01T09:00:00+00:00,0,,resolved_win,2.0123,0.4827,2.0123,resolved_win
ws_20251001_FTNT,FTNT,2025-10-01T09:00:00+00:00,0,,resolved_win,1.7322,2.2288,1.7322,resolved_win
ws_20251001_DDOG,DDOG,2025-10-01T09:00:00+00:00,0,,resolved_win,2.8611,9.2022,2.8611,resolved_win
ws_20251001_NET,NET,2025-10-01T09:00:00+00:00,0,,resolved_win,2.1616,2.7125,2.1616,resolved_win
ws_20251001_TEAM,TEAM,2025-10-01T09:00:00+00:00,0,,resolved_loss,-1.6612,-2.0216,-1.6612,resolved_loss
ws_20251001_MDB,MDB,2025-10-01T09:00:00+00:00,0,,resolved_win,2.7762,1.934,2.7762,resolved_win
ws_20251001_INTU,INTU,2025-10-01T09:00:00+00:00,0,,resolved_loss,-0.7536,-4.0144,-0.7536,resolved_loss
ws_20251001_ADP,ADP,2025-10-01T09:00:00+00:00,0,,resolved_loss,-0.6788,-1.7977,-0.6788,resolved_loss
ws_20251001_COIN,COIN,2025-10-01T09:00:00+00:00,0,,resolved_win,3.1381,11.2909,3.1381,resolved_win
ws_20251001_RBLX,RBLX,2025-10-01T09:00:00+00:00,0,,resolved_loss,-1.5762,-7.6466,-1.5762,resolved_loss
ws_20251001_CRWD,CRWD,2025-10-01T09:00:00+00:00,0,,resolved_loss,-1.0439,3.164,-1.0439,resolved_loss
ws_20251001_ZS,ZS,2025-10-01T09:00:00+00:00,0,,resolved_win,2.1501,4.4733,2.1501,resolved_win
ws_20251001_PANW,PANW,2025-10-01T09:00:00+00:00,0,,resolved_win,1.8374,6.9958,1.8374,resolved_win
ws_20251001_ABNB,ABNB,2025-10-01T09:00:00+00:00,0,,resolved_loss,-0.772,-1.4537,-0.772,resolved_loss
ws_20251001_SHOP,SHOP,2025-10-01T09:00:00+00:00,0,,resolved_loss,-1.4147,10.5406,-1.4147,resolved_loss
ws_20251001_RIOT,RIOT,2025-10-01T09:00:00+00:00,0,,resolved_win,4.7244,15.4331,4.7244,resolved_win
ws_20251001_MARA,MARA,2025-10-01T09:00:00+00:00,0,,resolved_win,5.333,7.1902,5.333,resolved_win
ws_20251001_MSTR,MSTR,2025-10-01T09:00:00+00:00,0,,resolved_win,3.3592,-3.4555,3.3592,resolved_win
ws_20251001_SOFI,SOFI,2025-10-01T09:00:00+00:00,0,,resolved_loss,-1.8004,5.8697,-1.8004,resolved_loss
ws_20251001_RIVN,RIVN,2025-10-01T09:00:00+00:00,0,,resolved_loss,-1.7212,-11.3736,-1.7212,resolved_loss
ws_20251001_MRNA,MRNA,2025-10-01T09:00:00+00:00,0,,resolved_loss,-2.1243,-1.3469,-2.1243,resolved_loss
ws_20251001_LCID,LCID,2025-10-01T09:00:00+00:00,0,,resolved_loss,-1.7743,-7.0961,-1.7743,resolved_loss
ws_20251001_BNTX,BNTX,2025-10-01T09:00:00+00:00,0,,resolved_win,2.4108,3.3149,2.4108,resolved_win
ws_20251001_UNH,UNH,2025-10-01T09:00:00+00:00,0,,resolved_loss,-0.8589,4.6564,-0.8589,resolved_loss
ws_20251001_JNJ,JNJ,2025-10-01T09:00:00+00:00,0,,resolved_loss,-0.588,1.0348,-0.588,resolved_loss
ws_20251001_PFE,PFE,2025-10-01T09:00:00+00:00,0,,resolved_loss,-1.5747,-9.5509,-1.5747,resolved_loss
ws_20251001_LLY,LLY,2025-10-01T09:00:00+00:00,0,,resolved_win,3.0972,3.6457,3.0972,resolved_win
ws_20251001_MRK,MRK,2025-10-01T09:00:00+00:00,0,,resolved_loss,-1.3116,-4.2635,-1.3116,resolved_loss
ws_20251001_ABBV,ABBV,2025-10-01T09:00:00+00:00,0,,resolved_loss,-1.1288,-5.9153,-1.1288,resolved_loss
ws_20251001_DHR,DHR,2025-10-01T09:00:00+00:00,0,,resolved_win,2.2507,-1.1417,2.2507,resolved_win
ws_20251001_TMO,TMO,2025-10-01T09:00:00+00:00,0,,resolved_win,3.1918,3.228,3.1918,resolved_win
ws_20251001_ISRG,ISRG,2025-10-01T09:00:00+00:00,0,,resolved_win,2.0875,3.3561,2.0875,resolved_win
ws_20251001_CVS,CVS,2025-10-01T09:00:00+00:00,0,,resolved_loss,-0.9739,-2.6925,-0.9739,resolved_loss
ws_20251001_JPM,JPM,2025-10-01T09:00:00+00:00,0,,resolved_loss,-0.8515,-3.6034,-0.8515,resolved_loss
ws_20251001_GS,GS,2025-10-01T09:00:00+00:00,0,,resolved_loss,-0.9078,-3.3834,-0.9078,resolved_loss
ws_20251001_MS,MS,2025-10-01T09:00:00+00:00,0,,resolved_loss,-0.8642,-3.1071,-0.8642,resolved_loss
ws_20251001_XOM,XOM,2025-10-01T09:00:00+00:00,0,,resolved_loss,-0.6513,-0.4943,-0.6513,resolved_loss
ws_20251001_SCHW,SCHW,2025-10-01T09:00:00+00:00,0,,resolved_loss,-0.9696,0.0608,-0.9696,resolved_loss
ws_20251001_COP,COP,2025-10-01T09:00:00+00:00,0,,resolved_loss,-0.8384,-4.1177,-0.8384,resolved_loss
ws_20251001_OXY,OXY,2025-10-01T09:00:00+00:00,0,,resolved_loss,-1.3001,-6.9756,-1.3001,resolved_loss
ws_20251001_SLB,SLB,2025-10-01T09:00:00+00:00,0,,resolved_loss,-1.0493,-4.1789,-1.0493,resolved_loss
ws_20251001_DVN,DVN,2025-10-01T09:00:00+00:00,0,,resolved_loss,-1.0306,-2.3979,-1.0306,resolved_loss
ws_20251001_ENPH,ENPH,2025-10-01T09:00:00+00:00,0,,resolved_win,4,-2.6216,4,resolved_win
ws_20251001_FSLR,FSLR,2025-10-01T09:00:00+00:00,0,,resolved_win,3.5088,1.988,3.5088,resolved_win
ws_20251001_EQT,EQT,2025-10-01T09:00:00+00:00,0,,resolved_loss,-1.3422,-1.8727,-1.3422,resolved_loss
ws_20251001_V,V,2025-10-01T09:00:00+00:00,0,,resolved_loss,-0.7502,0.3765,-0.7502,resolved_loss
ws_20251001_PYPL,PYPL,2025-10-01T09:00:00+00:00,0,,resolved_loss,-0.9804,12.1158,-0.9804,resolved_loss
ws_20251001_MA,MA,2025-10-01T09:00:00+00:00,0,,resolved_loss,-0.7079,0.0576,-0.7079,resolved_loss
ws_20251001_AXP,AXP,2025-10-01T09:00:00+00:00,0,,resolved_loss,-0.8573,-3.6932,-0.8573,resolved_loss
ws_20251001_SPY,SPY,2025-10-01T09:00:00+00:00,0,,resolved_loss,-0.2909,0.3763,-0.2909,resolved_loss
ws_20251001_IWM,IWM,2025-10-01T09:00:00+00:00,0,,resolved_loss,-0.4752,1.4334,-0.4752,resolved_loss
ws_20251001_DIA,DIA,2025-10-01T09:00:00+00:00,0,,resolved_loss,-0.2915,-0.5879,-0.2915,resolved_loss
ws_20251001_XLF,XLF,2025-10-01T09:00:00+00:00,0,,resolved_loss,-0.4474,-1.1352,-0.4474,resolved_loss
ws_20251001_XLK,XLK,2025-10-01T09:00:00+00:00,0,,resolved_loss,-0.4294,-48.7747,-0.4294,resolved_loss
ws_20251001_XLE,XLE,2025-10-01T09:00:00+00:00,0,,resolved_loss,-0.5317,-50.9457,-0.5317,resolved_loss
ws_20251001_XLV,XLV,2025-10-01T09:00:00+00:00,0,,resolved_loss,-0.6058,0.9425,-0.6058,resolved_loss
ws_20251001_XLY,XLY,2025-10-01T09:00:00+00:00,0,,resolved_loss,-0.408,-50.9807,-0.408,resolved_loss
ws_20251001_XLI,XLI,2025-10-01T09:00:00+00:00,0,,resolved_loss,-0.37,0.3664,-0.37,resolved_loss
ws_20251001_XLP,XLP,2025-10-01T09:00:00+00:00,0,,resolved_loss,-0.2756,-1.6231,-0.2756,resolved_loss
ws_20251001_XLB,XLB,2025-10-01T09:00:00+00:00,0,,resolved_loss,-0.3702,-50.0492,-0.3702,resolved_loss
ws_20251001_XLU,XLU,2025-10-01T09:00:00+00:00,0,,resolved_loss,-0.3978,-49.1425,-0.3978,resolved_loss
ws_20251001_XLC,XLC,2025-10-01T09:00:00+00:00,0,,resolved_loss,-0.4326,-1.6144,-0.4326,resolved_loss
ws_20251001_SMH,SMH,2025-10-01T09:00:00+00:00,0,,resolved_win,1.2435,4.6332,1.2435,resolved_win
ws_20251001_XLRE,XLRE,2025-10-01T09:00:00+00:00,0,,resolved_loss,-0.3781,-4.0633,-0.3781,resolved_loss
ws_20251001_SOXX,SOXX,2025-10-01T09:00:00+00:00,0,,resolved_win,1.3007,6.7472,1.3007,resolved_win
ws_20251001_INTC,INTC,2025-10-01T09:00:00+00:00,0,,resolved_win,3.1735,8.477,3.1735,resolved_win
ws_20251001_MU,MU,2025-10-01T09:00:00+00:00,0,,resolved_win,2.7723,11.3318,2.7723,resolved_win
ws_20251001_ASML,ASML,2025-10-01T09:00:00+00:00,0,,resolved_win,1.481,-0.4634,1.481,resolved_win
ws_20251001_TSM,TSM,2025-10-01T09:00:00+00:00,0,,resolved_win,1.6044,5.8392,1.6044,resolved_win
ws_20251001_SAP,SAP,2025-10-01T09:00:00+00:00,0,,resolved_loss,-0.502,2.047,-0.502,resolved_loss
ws_20251001_AMGN,AMGN,2025-10-01T09:00:00+00:00,0,,resolved_loss,-1.495,-4.205,-1.495,resolved_loss
ws_20251001_BMY,BMY,2025-10-01T09:00:00+00:00,0,,resolved_loss,-1.3336,-8.4941,-1.3336,resolved_loss
ws_20251001_REGN,REGN,2025-10-01T09:00:00+00:00,0,,resolved_loss,-1.9098,-8.3996,-1.9098,resolved_loss
ws_20251001_ZTS,ZTS,2025-10-01T09:00:00+00:00,0,,resolved_loss,-0.8073,-3.0053,-0.8073,resolved_loss
ws_20251001_KO,KO,2025-10-01T09:00:00+00:00,0,,resolved_loss,-0.4202,-2.1305,-0.4202,resolved_loss
ws_20251001_PEP,PEP,2025-10-01T09:00:00+00:00,0,,resolved_loss,-0.5157,-4.7271,-0.5157,resolved_loss
ws_20251001_USB,USB,2025-10-01T09:00:00+00:00,0,,resolved_loss,-0.6846,-4.4306,-0.6846,resolved_loss
ws_20251001_NEE,NEE,2025-10-01T09:00:00+00:00,0,,resolved_loss,-1.0607,6.463,-1.0607,resolved_loss
ws_20251001_DUK,DUK,2025-10-01T09:00:00+00:00,0,,resolved_loss,-0.4636,-0.677,-0.4636,resolved_loss
ws_20251001_BP,BP,2025-10-01T09:00:00+00:00,0,,resolved_loss,-0.6218,-3.8836,-0.6218,resolved_loss
ws_20251001_SHEL,SHEL,2025-10-01T09:00:00+00:00,0,,resolved_loss,-0.5102,-0.5961,-0.5102,resolved_loss
ws_20251001_RIO,RIO,2025-10-01T09:00:00+00:00,0,,resolved_loss,-0.6211,-0.2298,-0.6211,resolved_loss
ws_20251001_BHP,BHP,2025-10-01T09:00:00+00:00,0,,resolved_loss,-0.6991,-1.4566,-0.6991,resolved_loss
ws_20251001_VALE,VALE,2025-10-01T09:00:00+00:00,0,,resolved_loss,-0.7306,-3.7253,-0.7306,resolved_loss
ws_20251001_COST,COST,2025-10-01T09:00:00+00:00,0,,resolved_loss,-0.6458,-0.4655,-0.6458,resolved_loss
ws_20251001_WMT,WMT,2025-10-01T09:00:00+00:00,0,,resolved_loss,-0.6922,1.1422,-0.6922,resolved_loss
ws_20251001_TGT,TGT,2025-10-01T09:00:00+00:00,0,,resolved_loss,-1.1754,-1.0744,-1.1754,resolved_loss
ws_20251001_NKE,NKE,2025-10-01T09:00:00+00:00,0,,resolved_loss,-1.5086,-8.1225,-1.5086,resolved_loss
ws_20251001_MCD,MCD,2025-10-01T09:00:00+00:00,0,,resolved_loss,-0.5652,-3.3252,-0.5652,resolved_loss
ws_20251001_SBUX,SBUX,2025-10-01T09:00:00+00:00,0,,resolved_loss,-0.7162,-7.0771,-0.7162,resolved_loss
ws_20251001_TJX,TJX,2025-10-01T09:00:00+00:00,0,,resolved_loss,-0.4978,-3.5797,-0.4978,resolved_loss
ws_20251001_ROST,ROST,2025-10-01T09:00:00+00:00,0,,resolved_win,1.1886,-1.3666,1.1886,resolved_win
ws_20251001_PM,PM,2025-10-01T09:00:00+00:00,0,,resolved_loss,-0.6437,-6.5131,-0.6437,resolved_loss
ws_20251001_MO,MO,2025-10-01T09:00:00+00:00,0,,resolved_loss,-0.4601,-4.6471,-0.4601,resolved_loss
ws_20251001_GE,GE,2025-10-01T09:00:00+00:00,0,,resolved_loss,-0.8111,0.7293,-0.8111,resolved_loss
ws_20251001_CAT,CAT,2025-10-01T09:00:00+00:00,0,,resolved_win,1.6211,3.2223,1.6211,resolved_win
ws_20251001_BA,BA,2025-10-01T09:00:00+00:00,0,,resolved_win,1.4951,4.7829,1.4951,resolved_win
ws_20251001_LMT,LMT,2025-10-01T09:00:00+00:00,0,,resolved_loss,-0.6367,0.3088,-0.6367,resolved_loss
ws_20251001_RTX,RTX,2025-10-01T09:00:00+00:00,0,,resolved_loss,-0.7249,-0.152,-0.7249,resolved_loss
ws_20251001_HON,HON,2025-10-01T09:00:00+00:00,0,,resolved_loss,-0.5947,-8.5273,-0.5947,resolved_loss
ws_20251001_VZ,VZ,2025-10-01T09:00:00+00:00,0,,resolved_loss,-0.3866,-10.536,-0.3866,resolved_loss
ws_20251001_CSCO,CSCO,2025-10-01T09:00:00+00:00,0,,resolved_loss,-0.5786,1.9243,-0.5786,resolved_loss
ws_20251001_ETN,ETN,2025-10-01T09:00:00+00:00,0,,resolved_loss,-0.8346,-1.0511,-0.8346,resolved_loss
ws_20251001_VNQ,VNQ,2025-10-01T09:00:00+00:00,0,,resolved_loss,-0.3756,-4.1781,-0.3756,resolved_loss
ws_20251001_EEM,EEM,2025-10-01T09:00:00+00:00,0,,resolved_loss,-0.2792,-0.0163,-0.2792,resolved_loss
ws_20251001_EFA,EFA,2025-10-01T09:00:00+00:00,0,,resolved_loss,-0.2981,-0.9541,-0.2981,resolved_loss
ws_20251001_HYG,HYG,2025-10-01T09:00:00+00:00,0,,resolved_loss,-0.1175,-4.0763,-0.1175,resolved_loss
ws_20251001_WINA,WINA,2025-10-01T09:00:00+00:00,0,,resolved_loss,-0.7114,-6.0045,-0.7114,resolved_loss
ws_20251001_BETR,BETR,2025-10-01T09:00:00+00:00,0,,resolved_loss,-4.5645,4.0294,-4.5645,resolved_loss
ws_20251001_NOC,NOC,2025-10-01T09:00:00+00:00,0,,resolved_loss,-0.6041,3.5148,-0.6041,resolved_loss
ws_20251005_RBLX,RBLX,2025-10-05T09:00:00+00:00,2,,resolved_win,3.5921,3.2826,3.5921,resolved_win
ws_20251005_ABNB,ABNB,2025-10-05T09:00:00+00:00,2,,resolved_win,1.1979,-1.6804,1.1979,resolved_win
ws_20251005_SOFI,SOFI,2025-10-05T09:00:00+00:00,2,,resolved_win,3.0903,3.7639,3.0903,resolved_win
ws_20251005_XLY,XLY,2025-10-05T09:00:00+00:00,2,,resolved_loss,-0.4036,-52.1003,-0.4036,resolved_loss
ws_20251005_LOW,LOW,2025-10-05T09:00:00+00:00,2,,resolved_loss,-0.4383,-7.0738,-0.4383,resolved_loss
ws_20251005_PM,PM,2025-10-05T09:00:00+00:00,2,,resolved_loss,-0.9462,2.8467,-0.9462,resolved_loss
ws_20251005_TLT,TLT,2025-10-05T09:00:00+00:00,2,,resolved_loss,-0.1791,-1.5335,-0.1791,resolved_loss
ws_20251005_ASST,ASST,2025-10-05T09:00:00+00:00,1,,resolved_win,6.7437,1098.4586,6.7437,resolved_win
ws_20251005_TSLA,TSLA,2025-10-05T09:00:00+00:00,1,,resolved_win,3.0756,-3.8037,3.0756,resolved_win
ws_20251005_NVDA,NVDA,2025-10-05T09:00:00+00:00,1,,resolved_loss,-0.8107,-2.502,-0.8107,resolved_loss
ws_20251005_AMZN,AMZN,2025-10-05T09:00:00+00:00,1,,resolved_loss,-0.5285,-1.4215,-0.5285,resolved_loss
ws_20251005_META,META,2025-10-05T09:00:00+00:00,1,,resolved_loss,-0.6799,-0.8851,-0.6799,resolved_loss
ws_20251005_MSFT,MSFT,2025-10-05T09:00:00+00:00,1,,resolved_win,0.8022,-1.8567,0.8022,resolved_win
ws_20251005_GOOGL,GOOGL,2025-10-05T09:00:00+00:00,1,,resolved_win,1.4504,-3.8061,1.4504,resolved_win
ws_20251005_AAPL,AAPL,2025-10-05T09:00:00+00:00,1,,resolved_loss,-0.4864,-5.2078,-0.4864,resolved_loss
ws_20251005_NFLX,NFLX,2025-10-05T09:00:00+00:00,1,,resolved_loss,-0.6711,-89.4211,-0.6711,resolved_loss
ws_20251005_AMD,AMD,2025-10-05T09:00:00+00:00,1,,resolved_win,2.0712,30.5272,2.0712,resolved_win
ws_20251005_SMCI,SMCI,2025-10-05T09:00:00+00:00,1,,resolved_win,3.214,1.7321,3.214,resolved_win
ws_20251005_ARM,ARM,2025-10-05T09:00:00+00:00,1,,resolved_win,1.9125,1.3951,1.9125,resolved_win
ws_20251005_SNOW,SNOW,2025-10-05T09:00:00+00:00,1,,resolved_win,2.2245,3.0028,2.2245,resolved_win
ws_20251005_AVGO,AVGO,2025-10-05T09:00:00+00:00,1,,resolved_loss,-0.857,-4.4443,-0.857,resolved_loss
ws_20251005_PLTR,PLTR,2025-10-05T09:00:00+00:00,1,,resolved_win,3.7906,1.3752,3.7906,resolved_win
ws_20251005_CRM,CRM,2025-10-05T09:00:00+00:00,1,,resolved_win,1.2357,-0.1169,1.2357,resolved_win
ws_20251005_ORCL,ORCL,2025-10-05T09:00:00+00:00,1,,resolved_win,2.0022,1.7439,2.0022,resolved_win
ws_20251005_NOW,NOW,2025-10-05T09:00:00+00:00,1,,resolved_loss,-0.6927,-80.5189,-0.6927,resolved_loss
ws_20251005_WDAY,WDAY,2025-10-05T09:00:00+00:00,1,,resolved_win,1.5389,-1.4205,1.5389,resolved_win
ws_20251005_OKTA,OKTA,2025-10-05T09:00:00+00:00,1,,resolved_win,1.5223,-4.2131,1.5223,resolved_win
ws_20251005_ADBE,ADBE,2025-10-05T09:00:00+00:00,1,,resolved_win,1.3124,-2.6451,1.3124,resolved_win
ws_20251005_ZM,ZM,2025-10-05T09:00:00+00:00,1,,resolved_loss,-0.6052,-0.8399,-0.6052,resolved_loss
ws_20251005_VEEV,VEEV,2025-10-05T09:00:00+00:00,1,,resolved_win,2.2128,-3.1791,2.2128,resolved_win
ws_20251005_FTNT,FTNT,2025-10-05T09:00:00+00:00,1,,resolved_win,1.5038,-3.1942,1.5038,resolved_win
ws_20251005_TEAM,TEAM,2025-10-05T09:00:00+00:00,1,,resolved_win,1.8079,-3.9149,1.8079,resolved_win
ws_20251005_NET,NET,2025-10-05T09:00:00+00:00,1,,resolved_win,2.5023,-1.2835,2.5023,resolved_win
ws_20251005_INTU,INTU,2025-10-05T09:00:00+00:00,1,,resolved_loss,-0.5897,-6.076,-0.5897,resolved_loss
ws_20251005_COIN,COIN,2025-10-05T09:00:00+00:00,1,,resolved_win,3.2938,-6.0772,3.2938,resolved_win
ws_20251005_MDB,MDB,2025-10-05T09:00:00+00:00,1,,resolved_win,1.9733,-2.132,1.9733,resolved_win
ws_20251005_ADP,ADP,2025-10-05T09:00:00+00:00,1,,resolved_loss,-0.4257,-3.5267,-0.4257,resolved_loss
ws_20251005_DDOG,DDOG,2025-10-05T09:00:00+00:00,1,,resolved_win,2.2271,4.5656,2.2271,resolved_win
ws_20251005_CRWD,CRWD,2025-10-05T09:00:00+00:00,1,,resolved_win,1.8377,0.7984,1.8377,resolved_win
ws_20251005_PANW,PANW,2025-10-05T09:00:00+00:00,1,,resolved_win,1.4818,0.6613,1.4818,resolved_win
ws_20251005_ZS,ZS,2025-10-05T09:00:00+00:00,1,,resolved_win,1.5154,1.4238,1.5154,resolved_win
ws_20251005_UBER,UBER,2025-10-05T09:00:00+00:00,1,,resolved_win,1.3409,-3.2876,1.3409,resolved_win
ws_20251005_SHOP,SHOP,2025-10-05T09:00:00+00:00,1,,resolved_win,2.7735,-6.2977,2.7735,resolved_win
ws_20251005_RIOT,RIOT,2025-10-05T09:00:00+00:00,1,,resolved_win,5.2767,8.1596,5.2767,resolved_win
ws_20251005_MARA,MARA,2025-10-05T09:00:00+00:00,1,,resolved_win,4.5213,-0.7979,4.5213,resolved_win
ws_20251005_MSTR,MSTR,2025-10-05T09:00:00+00:00,1,,resolved_win,2.8529,-13.3922,2.8529,resolved_win
ws_20251005_LCID,LCID,2025-10-05T09:00:00+00:00,1,,resolved_loss,-2.0993,-15.3008,-2.0993,resolved_loss
ws_20251005_BNTX,BNTX,2025-10-05T09:00:00+00:00,1,,resolved_loss,-0.6916,-3.3065,-0.6916,resolved_loss
ws_20251005_RIVN,RIVN,2025-10-05T09:00:00+00:00,1,,resolved_loss,-1.5385,-6.2271,-1.5385,resolved_loss
ws_20251005_MRNA,MRNA,2025-10-05T09:00:00+00:00,1,,resolved_loss,-1.3343,-5.7935,-1.3343,resolved_loss
ws_20251005_JNJ,JNJ,2025-10-05T09:00:00+00:00,1,,resolved_loss,-0.4294,-0.6432,-0.4294,resolved_loss
ws_20251005_UNH,UNH,2025-10-05T09:00:00+00:00,1,,resolved_loss,-0.9357,-2.9831,-0.9357,resolved_loss
ws_20251005_PFE,PFE,2025-10-05T09:00:00+00:00,1,,resolved_loss,-0.9318,-13.9006,-0.9318,resolved_loss
ws_20251005_ABBV,ABBV,2025-10-05T09:00:00+00:00,1,,resolved_loss,-0.6585,-3.7261,-0.6585,resolved_loss
ws_20251005_LLY,LLY,2025-10-05T09:00:00+00:00,1,,resolved_win,1.8261,-1.2579,1.8261,resolved_win
ws_20251005_MRK,MRK,2025-10-05T09:00:00+00:00,1,,resolved_loss,-0.7906,-5.0918,-0.7906,resolved_loss
ws_20251005_TMO,TMO,2025-10-05T09:00:00+00:00,1,,resolved_loss,-0.8298,-3.605,-0.8298,resolved_loss
ws_20251005_CVS,CVS,2025-10-05T09:00:00+00:00,1,,resolved_loss,-0.7099,-1.9476,-0.7099,resolved_loss
ws_20251005_ISRG,ISRG,2025-10-05T09:00:00+00:00,1,,resolved_win,1.2613,-5.0263,1.2613,resolved_win
ws_20251005_DHR,DHR,2025-10-05T09:00:00+00:00,1,,resolved_loss,-0.8147,-6.0754,-0.8147,resolved_loss
ws_20251005_JPM,JPM,2025-10-05T09:00:00+00:00,1,,resolved_loss,-0.4742,-3.8696,-0.4742,resolved_loss
ws_20251005_GS,GS,2025-10-05T09:00:00+00:00,1,,resolved_loss,-0.5544,-4.6471,-0.5544,resolved_loss
ws_20251005_BAC,BAC,2025-10-05T09:00:00+00:00,1,,resolved_loss,-0.4935,-5.4922,-0.4935,resolved_loss
ws_20251005_WFC,WFC,2025-10-05T09:00:00+00:00,1,,resolved_loss,-0.5702,-5.3054,-0.5702,resolved_loss
ws_20251005_MS,MS,2025-10-05T09:00:00+00:00,1,,resolved_loss,-0.5046,-5.2324,-0.5046,resolved_loss
ws_20251005_C,C,2025-10-05T09:00:00+00:00,1,,resolved_loss,-0.5731,-5.3815,-0.5731,resolved_loss
ws_20251005_SCHW,SCHW,2025-10-05T09:00:00+00:00,1,,resolved_loss,-0.4571,-3.1952,-0.4571,resolved_loss
ws_20251005_XOM,XOM,2025-10-05T09:00:00+00:00,1,,resolved_loss,-0.4017,-4.3681,-0.4017,resolved_loss
ws_20251005_CVX,CVX,2025-10-05T09:00:00+00:00,1,,resolved_loss,-0.4363,-5.9088,-0.4363,resolved_loss
ws_20251005_COP,COP,2025-10-05T09:00:00+00:00,1,,resolved_loss,-0.5416,-9.1769,-0.5416,resolved_loss
ws_20251005_EQT,EQT,2025-10-05T09:00:00+00:00,1,,resolved_loss,-0.9638,-6.0043,-0.9638,resolved_loss
ws_20251005_OXY,OXY,2025-10-05T09:00:00+00:00,1,,resolved_loss,-0.6467,-7.4114,-0.6467,resolved_loss
ws_20251005_DVN,DVN,2025-10-05T09:00:00+00:00,1,,resolved_loss,-0.6075,-7.0746,-0.6075,resolved_loss
ws_20251005_EOG,EOG,2025-10-05T09:00:00+00:00,1,,resolved_loss,-0.6046,-5.0582,-0.6046,resolved_loss
ws_20251005_SLB,SLB,2025-10-05T09:00:00+00:00,1,,resolved_loss,-0.6713,-9.1544,-0.6713,resolved_loss
ws_20251005_FSLR,FSLR,2025-10-05T09:00:00+00:00,1,,resolved_loss,-1.3174,-1.774,-1.3174,resolved_loss
ws_20251005_PYPL,PYPL,2025-10-05T09:00:00+00:00,1,,resolved_win,1.5884,-0.0139,1.5884,resolved_win
ws_20251005_ENPH,ENPH,2025-10-05T09:00:00+00:00,1,,resolved_win,2.6638,-6.8497,2.6638,resolved_win
ws_20251005_V,V,2025-10-05T09:00:00+00:00,1,,resolved_loss,-0.4829,-2.3984,-0.4829,resolved_loss
ws_20251005_MA,MA,2025-10-05T09:00:00+00:00,1,,resolved_loss,-0.4774,-4.2246,-0.4774,resolved_loss
ws_20251005_SPY,SPY,2025-10-05T09:00:00+00:00,1,,resolved_loss,-0.2675,-2.9703,-0.2675,resolved_loss
ws_20251005_AXP,AXP,2025-10-05T09:00:00+00:00,1,,resolved_loss,-0.5087,-4.7467,-0.5087,resolved_loss
ws_20251005_QQQ,QQQ,2025-10-05T09:00:00+00:00,1,,resolved_win,0.6673,-2.5126,0.6673,resolved_win
ws_20251005_IWM,IWM,2025-10-05T09:00:00+00:00,1,,resolved_loss,-0.4678,-3.7572,-0.4678,resolved_loss
ws_20251005_DIA,DIA,2025-10-05T09:00:00+00:00,1,,resolved_loss,-0.2802,-3.5279,-0.2802,resolved_loss
ws_20251005_XLK,XLK,2025-10-05T09:00:00+00:00,1,,resolved_loss,-0.4109,-51.2463,-0.4109,resolved_loss
ws_20251005_XLF,XLF,2025-10-05T09:00:00+00:00,1,,resolved_loss,-0.335,-3.7549,-0.335,resolved_loss
ws_20251005_XLE,XLE,2025-10-05T09:00:00+00:00,1,,resolved_loss,-0.3767,-52.7966,-0.3767,resolved_loss
ws_20251005_XLV,XLV,2025-10-05T09:00:00+00:00,1,,resolved_loss,-0.3729,-2.674,-0.3729,resolved_loss
ws_20251005_XLI,XLI,2025-10-05T09:00:00+00:00,1,,resolved_loss,-0.3174,-3.517,-0.3174,resolved_loss
ws_20251005_XLP,XLP,2025-10-05T09:00:00+00:00,1,,resolved_loss,-0.2435,-1.2753,-0.2435,resolved_loss
ws_20251005_XLB,XLB,2025-10-05T09:00:00+00:00,1,,resolved_loss,-0.356,-52.1465,-0.356,resolved_loss
ws_20251005_XLU,XLU,2025-10-05T09:00:00+00:00,1,,resolved_loss,-0.3487,-50.0013,-0.3487,resolved_loss
ws_20251005_SMH,SMH,2025-10-05T09:00:00+00:00,1,,resolved_win,1.1106,-3.6851,1.1106,resolved_win
ws_20251005_XLC,XLC,2025-10-05T09:00:00+00:00,1,,resolved_loss,-0.275,-3.6879,-0.275,resolved_loss
ws_20251005_XLRE,XLRE,2025-10-05T09:00:00+00:00,1,,resolved_loss,-0.3209,-4.9993,-0.3209,resolved_loss
ws_20251005_SOXX,SOXX,2025-10-05T09:00:00+00:00,1,,resolved_win,1.2075,-3.0349,1.2075,resolved_win
ws_20251005_INTC,INTC,2025-10-05T09:00:00+00:00,1,,resolved_win,3.1101,-1.2087,3.1101,resolved_win
ws_20251005_QCOM,QCOM,2025-10-05T09:00:00+00:00,1,,resolved_loss,-0.6089,-10.5725,-0.6089,resolved_loss
ws_20251005_ASML,ASML,2025-10-05T09:00:00+00:00,1,,resolved_win,1.3941,-9.7811,1.3941,resolved_win
ws_20251005_TXN,TXN,2025-10-05T09:00:00+00:00,1,,resolved_loss,-0.6262,-6.698,-0.6262,resolved_loss
ws_20251005_MU,MU,2025-10-05T09:00:00+00:00,1,,resolved_win,2.252,-3.3965,2.252,resolved_win
ws_20251005_SAP,SAP,2025-10-05T09:00:00+00:00,1,,resolved_loss,-0.388,-3.5574,-0.388,resolved_loss
ws_20251005_AMGN,AMGN,2025-10-05T09:00:00+00:00,1,,resolved_loss,-0.7321,-4.6448,-0.7321,resolved_loss
ws_20251005_GILD,GILD,2025-10-05T09:00:00+00:00,1,,resolved_win,1.668,2.7005,1.668,resolved_win
ws_20251005_TSM,TSM,2025-10-05T09:00:00+00:00,1,,resolved_win,1.629,-4.7036,1.629,resolved_win
ws_20251005_BMY,BMY,2025-10-05T09:00:00+00:00,1,,resolved_loss,-0.6822,-5.3628,-0.6822,resolved_loss
ws_20251005_ZTS,ZTS,2025-10-05T09:00:00+00:00,1,,resolved_loss,-0.601,-4.7835,-0.601,resolved_loss
ws_20251005_PG,PG,2025-10-05T09:00:00+00:00,1,,resolved_loss,-0.3612,-3.7834,-0.3612,resolved_loss
ws_20251005_REGN,REGN,2025-10-05T09:00:00+00:00,1,,resolved_loss,-0.7933,-6.2515,-0.7933,resolved_loss
ws_20251005_BK,BK,2025-10-05T09:00:00+00:00,1,,resolved_loss,-0.5066,-3.2282,-0.5066,resolved_loss
ws_20251005_KO,KO,2025-10-05T09:00:00+00:00,1,,resolved_loss,-0.3376,-0.806,-0.3376,resolved_loss
ws_20251005_PEP,PEP,2025-10-05T09:00:00+00:00,1,,resolved_loss,-0.4367,2.6812,-0.4367,resolved_loss
ws_20251005_BLK,BLK,2025-10-05T09:00:00+00:00,1,,resolved_loss,-0.4937,-3.9919,-0.4937,resolved_loss
ws_20251005_USB,USB,2025-10-05T09:00:00+00:00,1,,resolved_loss,-0.4785,-7.6594,-0.4785,resolved_loss
ws_20251005_DUK,DUK,2025-10-05T09:00:00+00:00,1,,resolved_loss,-0.34,0.2042,-0.34,resolved_loss
ws_20251005_SHEL,SHEL,2025-10-05T09:00:00+00:00,1,,resolved_loss,-0.3278,-5.1329,-0.3278,resolved_loss
ws_20251005_PNC,PNC,2025-10-05T09:00:00+00:00,1,,resolved_loss,-0.4837,-9.5442,-0.4837,resolved_loss
ws_20251005_NEE,NEE,2025-10-05T09:00:00+00:00,1,,resolved_loss,-0.6906,1.9455,-0.6906,resolved_loss
ws_20251005_BP,BP,2025-10-05T09:00:00+00:00,1,,resolved_loss,-0.3953,-5.6048,-0.3953,resolved_loss
ws_20251005_RIO,RIO,2025-10-05T09:00:00+00:00,1,,resolved_loss,-0.348,-3.6917,-0.348,resolved_loss
ws_20251005_BHP,BHP,2025-10-05T09:00:00+00:00,1,,resolved_loss,-0.4687,-5.2019,-0.4687,resolved_loss
ws_20251005_COST,COST,2025-10-05T09:00:00+00:00,1,,resolved_loss,-0.3343,1.1883,-0.3343,resolved_loss
ws_20251005_TGT,TGT,2025-10-05T09:00:00+00:00,1,,resolved_loss,-0.7077,-6.9509,-0.7077,resolved_loss
ws_20251005_NKE,NKE,2025-10-05T09:00:00+00:00,1,,resolved_loss,-0.8408,-11.3224,-0.8408,resolved_loss
ws_20251005_WMT,WMT,2025-10-05T09:00:00+00:00,1,,resolved_loss,-0.4604,-0.8312,-0.4604,resolved_loss
ws_20251005_VALE,VALE,2025-10-05T09:00:00+00:00,1,,resolved_loss,-0.4998,-7.227,-0.4998,resolved_loss
ws_20251005_HD,HD,2025-10-05T09:00:00+00:00,1,,resolved_loss,-0.41,-6.8326,-0.41,resolved_loss
ws_20251005_MCD,MCD,2025-10-05T09:00:00+00:00,1,,resolved_loss,-0.3588,-3.1129,-0.3588,resolved_loss
ws_20251005_SBUX,SBUX,2025-10-05T09:00:00+00:00,1,,resolved_loss,-0.5904,-10.9202,-0.5904,resolved_loss
ws_20251005_TJX,TJX,2025-10-05T09:00:00+00:00,1,,resolved_loss,-0.4246,-1.5528,-0.4246,resolved_loss
ws_20251005_BKNG,BKNG,2025-10-05T09:00:00+00:00,1,,resolved_loss,-0.703,-96.2144,-0.703,resolved_loss
ws_20251005_CMG,CMG,2025-10-05T09:00:00+00:00,1,,resolved_loss,-0.7663,-4.6456,-0.7663,resolved_loss
ws_20251005_ROST,ROST,2025-10-05T09:00:00+00:00,1,,resolved_loss,-0.7137,-3.8997,-0.7137,resolved_loss
ws_20251005_MO,MO,2025-10-05T09:00:00+00:00,1,,resolved_loss,-0.5097,-2.2179,-0.5097,resolved_loss
ws_20251005_CAT,CAT,2025-10-05T09:00:00+00:00,1,,resolved_loss,-0.7532,-2.0166,-0.7532,resolved_loss
ws_20251005_BA,BA,2025-10-05T09:00:00+00:00,1,,resolved_win,1.2187,-2.5635,1.2187,resolved_win
ws_20251005_GE,GE,2025-10-05T09:00:00+00:00,1,,resolved_loss,-0.6093,-2.1297,-0.6093,resolved_loss
ws_20251005_DE,DE,2025-10-05T09:00:00+00:00,1,,resolved_loss,-0.4623,-4.1962,-0.4623,resolved_loss
ws_20251005_LMT,LMT,2025-10-05T09:00:00+00:00,1,,resolved_loss,-0.4441,-1.7837,-0.4441,resolved_loss
ws_20251005_RTX,RTX,2025-10-05T09:00:00+00:00,1,,resolved_loss,-0.4083,-6.3943,-0.4083,resolved_loss
ws_20251005_NOC,NOC,2025-10-05T09:00:00+00:00,1,,resolved_loss,-0.3413,1.1304,-0.3413,resolved_loss
ws_20251005_HON,HON,2025-10-05T09:00:00+00:00,1,,resolved_loss,-0.5024,-10.876,-0.5024,resolved_loss
ws_20251005_ETN,ETN,2025-10-05T09:00:00+00:00,1,,resolved_win,1.3871,-2.0194,1.3871,resolved_win
ws_20251005_VZ,VZ,2025-10-05T09:00:00+00:00,1,,resolved_loss,-0.4122,-11.6328,-0.4122,resolved_loss
ws_20251005_CSCO,CSCO,2025-10-05T09:00:00+00:00,1,,resolved_loss,-0.4121,-1.0683,-0.4121,resolved_loss
ws_20251005_VNQ,VNQ,2025-10-05T09:00:00+00:00,1,,resolved_loss,-0.3281,-5.5015,-0.3281,resolved_loss
ws_20251005_T,T,2025-10-05T09:00:00+00:00,1,,resolved_loss,-0.4435,-6.4842,-0.4435,resolved_loss
ws_20251005_EFA,EFA,2025-10-05T09:00:00+00:00,1,,resolved_loss,-0.1998,-4.7236,-0.1998,resolved_loss
ws_20251005_EEM,EEM,2025-10-05T09:00:00+00:00,1,,resolved_loss,-0.2214,-5.5392,-0.2214,resolved_loss
ws_20251005_HYG,HYG,2025-10-05T09:00:00+00:00,1,,resolved_loss,-0.0742,-4.9148,-0.0742,resolved_loss
ws_20251005_TNGX,TNGX,2025-10-05T09:00:00+00:00,1,,resolved_loss,-1.354,-7.9304,-1.354,resolved_loss
ws_20251005_WINA,WINA,2025-10-05T09:00:00+00:00,1,,resolved_loss,-1.0291,-21.1181,-1.0291,resolved_loss
ws_20251005_BETR,BETR,2025-10-05T09:00:00+00:00,1,,resolved_loss,-4.9036,-5.4355,-4.9036,resolved_loss
ws_20251006_RBLX,RBLX,2025-10-06T09:00:00+00:00,2,,resolved_win,3.5921,4.4555,3.5921,resolved_win
ws_20251006_ABNB,ABNB,2025-10-06T09:00:00+00:00,2,,resolved_loss,-0.599,-1.123,-0.599,resolved_loss
ws_20251006_SOFI,SOFI,2025-10-06T09:00:00+00:00,2,,resolved_win,3.0903,7.5277,3.0903,resolved_win
ws_20251006_XLY,XLY,2025-10-06T09:00:00+00:00,2,,resolved_loss,-0.4036,-51.0302,-0.4036,resolved_loss
ws_20251006_LOW,LOW,2025-10-06T09:00:00+00:00,2,,resolved_loss,-0.4383,-6.1694,-0.4383,resolved_loss
ws_20251006_PM,PM,2025-10-06T09:00:00+00:00,2,,resolved_loss,-0.9462,2.2058,-0.9462,resolved_loss
ws_20251006_TLT,TLT,2025-10-06T09:00:00+00:00,2,,resolved_loss,-0.1791,-1.5878,-0.1791,resolved_loss
ws_20251006_NVDA,NVDA,2025-10-06T09:00:00+00:00,1,,resolved_loss,-0.8107,0.2447,-0.8107,resolved_loss
ws_20251006_AAPL,AAPL,2025-10-06T09:00:00+00:00,1,,resolved_loss,-0.4864,-4.2841,-0.4864,resolved_loss
ws_20251006_META,META,2025-10-06T09:00:00+00:00,1,,resolved_loss,-0.6799,0.5764,-0.6799,resolved_loss
ws_20251006_ASST,ASST,2025-10-06T09:00:00+00:00,1,,resolved_win,6.7437,732.37,6.7437,resolved_win
ws_20251006_MSFT,MSFT,2025-10-06T09:00:00+00:00,1,,resolved_win,0.8022,-1.2632,0.8022,resolved_win
ws_20251006_AMZN,AMZN,2025-10-06T09:00:00+00:00,1,,resolved_win,1.057,0.2643,1.057,resolved_win
ws_20251006_TSLA,TSLA,2025-10-06T09:00:00+00:00,1,,resolved_win,3.0756,1.4098,3.0756,resolved_win
ws_20251006_GOOGL,GOOGL,2025-10-06T09:00:00+00:00,1,,resolved_win,1.4504,-0.7239,1.4504,resolved_win
ws_20251006_NFLX,NFLX,2025-10-06T09:00:00+00:00,1,,resolved_loss,-0.6711,-89.4303,-0.6711,resolved_loss
ws_20251006_SMCI,SMCI,2025-10-06T09:00:00+00:00,1,,resolved_win,3.214,5.3695,3.214,resolved_win
ws_20251006_AVGO,AVGO,2025-10-06T09:00:00+00:00,1,,resolved_loss,-0.857,4.9956,-0.857,resolved_loss
ws_20251006_AMD,AMD,2025-10-06T09:00:00+00:00,1,,resolved_win,2.0712,31.4504,2.0712,resolved_win
ws_20251006_PLTR,PLTR,2025-10-06T09:00:00+00:00,1,,resolved_win,3.7906,2.398,3.7906,resolved_win
ws_20251006_SNOW,SNOW,2025-10-06T09:00:00+00:00,1,,resolved_win,2.2245,5.172,2.2245,resolved_win
ws_20251006_CRM,CRM,2025-10-06T09:00:00+00:00,1,,resolved_win,1.2357,2.805,1.2357,resolved_win
ws_20251006_ARM,ARM,2025-10-06T09:00:00+00:00,1,,resolved_win,1.9125,12.6146,1.9125,resolved_win
ws_20251006_ORCL,ORCL,2025-10-06T09:00:00+00:00,1,,resolved_loss,-1.0029,6.9707,-1.0029,resolved_loss
ws_20251006_ZM,ZM,2025-10-06T09:00:00+00:00,1,,resolved_loss,-0.6052,-2.211,-0.6052,resolved_loss
ws_20251006_ADBE,ADBE,2025-10-06T09:00:00+00:00,1,,resolved_win,1.3124,-2.123,1.3124,resolved_win
ws_20251006_WDAY,WDAY,2025-10-06T09:00:00+00:00,1,,resolved_loss,-0.7694,0.0254,-0.7694,resolved_loss
ws_20251006_NOW,NOW,2025-10-06T09:00:00+00:00,1,,resolved_loss,-0.6927,-79.7519,-0.6927,resolved_loss
ws_20251006_VEEV,VEEV,2025-10-06T09:00:00+00:00,1,,resolved_win,2.2128,-3.348,2.2128,resolved_win
ws_20251006_FTNT,FTNT,2025-10-06T09:00:00+00:00,1,,resolved_loss,-0.7461,-1.8419,-0.7461,resolved_loss
ws_20251006_OKTA,OKTA,2025-10-06T09:00:00+00:00,1,,resolved_loss,-0.7611,-3.3662,-0.7611,resolved_loss
ws_20251006_DDOG,DDOG,2025-10-06T09:00:00+00:00,1,,resolved_win,2.2271,8.1622,2.2271,resolved_win
ws_20251006_NET,NET,2025-10-06T09:00:00+00:00,1,,resolved_win,2.5023,2.7516,2.5023,resolved_win
ws_20251006_INTU,INTU,2025-10-06T09:00:00+00:00,1,,resolved_loss,-0.5897,-4.0432,-0.5897,resolved_loss
ws_20251006_MDB,MDB,2025-10-06T09:00:00+00:00,1,,resolved_loss,-0.9866,-0.6474,-0.9866,resolved_loss
ws_20251006_COIN,COIN,2025-10-06T09:00:00+00:00,1,,resolved_loss,-1.6469,-6.0825,-1.6469,resolved_loss
ws_20251006_TEAM,TEAM,2025-10-06T09:00:00+00:00,1,,resolved_loss,-0.904,-0.7046,-0.904,resolved_loss
ws_20251006_ADP,ADP,2025-10-06T09:00:00+00:00,1,,resolved_loss,-0.4257,-3.8109,-0.4257,resolved_loss
ws_20251006_CRWD,CRWD,2025-10-06T09:00:00+00:00,1,,resolved_loss,-0.9188,3.8509,-0.9188,resolved_loss
ws_20251006_ZS,ZS,2025-10-06T09:00:00+00:00,1,,resolved_loss,-0.7593,2.458,-0.7593,resolved_loss
ws_20251006_PANW,PANW,2025-10-06T09:00:00+00:00,1,,resolved_win,1.4818,2.9443,1.4818,resolved_win
ws_20251006_UBER,UBER,2025-10-06T09:00:00+00:00,1,,resolved_win,1.3409,-2.5835,1.3409,resolved_win
ws_20251006_RIOT,RIOT,2025-10-06T09:00:00+00:00,1,,resolved_win,5.2767,11.7117,5.2767,resolved_win
ws_20251006_SHOP,SHOP,2025-10-06T09:00:00+00:00,1,,resolved_win,2.7735,-4.6597,2.7735,resolved_win
ws_20251006_MARA,MARA,2025-10-06T09:00:00+00:00,1,,resolved_win,4.5213,7.6596,4.5213,resolved_win
ws_20251006_MSTR,MSTR,2025-10-06T09:00:00+00:00,1,,resolved_loss,-1.4265,-10.3575,-1.4265,resolved_loss
ws_20251006_RIVN,RIVN,2025-10-06T09:00:00+00:00,1,,resolved_loss,-1.5385,-4.3223,-1.5385,resolved_loss
ws_20251006_LCID,LCID,2025-10-06T09:00:00+00:00,1,,resolved_loss,-2.0993,-13.6455,-2.0993,resolved_loss
ws_20251006_BNTX,BNTX,2025-10-06T09:00:00+00:00,1,,resolved_win,1.3832,-3.0791,1.3832,resolved_win
ws_20251006_MRNA,MRNA,2025-10-06T09:00:00+00:00,1,,resolved_loss,-1.3343,-6.1096,-1.3343,resolved_loss
ws_20251006_UNH,UNH,2025-10-06T09:00:00+00:00,1,,resolved_loss,-0.9357,-1.8447,-0.9357,resolved_loss
ws_20251006_LLY,LLY,2025-10-06T09:00:00+00:00,1,,resolved_win,1.8261,-2.9271,1.8261,resolved_win
ws_20251006_JNJ,JNJ,2025-10-06T09:00:00+00:00,1,,resolved_loss,-0.4294,-0.5494,-0.4294,resolved_loss
ws_20251006_PFE,PFE,2025-10-06T09:00:00+00:00,1,,resolved_loss,-0.9318,-14.0743,-0.9318,resolved_loss
ws_20251006_MRK,MRK,2025-10-06T09:00:00+00:00,1,,resolved_loss,-0.7906,-5.4119,-0.7906,resolved_loss
ws_20251006_ABBV,ABBV,2025-10-06T09:00:00+00:00,1,,resolved_loss,-0.6585,-3.8097,-0.6585,resolved_loss
ws_20251006_DHR,DHR,2025-10-06T09:00:00+00:00,1,,resolved_loss,-0.8147,-4.8321,-0.8147,resolved_loss
ws_20251006_TMO,TMO,2025-10-06T09:00:00+00:00,1,,resolved_loss,-0.8298,-3.6454,-0.8298,resolved_loss
ws_20251006_ISRG,ISRG,2025-10-06T09:00:00+00:00,1,,resolved_loss,-0.6312,-3.6688,-0.6312,resolved_loss
ws_20251006_CVS,CVS,2025-10-06T09:00:00+00:00,1,,resolved_loss,-0.7099,-1.2679,-0.7099,resolved_loss
ws_20251006_BAC,BAC,2025-10-06T09:00:00+00:00,1,,resolved_loss,-0.4935,-5.0842,-0.4935,resolved_loss
ws_20251006_JPM,JPM,2025-10-06T09:00:00+00:00,1,,resolved_loss,-0.4742,-1.6077,-0.4742,resolved_loss
ws_20251006_GS,GS,2025-10-06T09:00:00+00:00,1,,resolved_loss,-0.5544,-1.8503,-0.5544,resolved_loss
ws_20251006_WFC,WFC,2025-10-06T09:00:00+00:00,1,,resolved_loss,-0.5702,-3.7194,-0.5702,resolved_loss
ws_20251006_MS,MS,2025-10-06T09:00:00+00:00,1,,resolved_loss,-0.5046,-3.1917,-0.5046,resolved_loss
ws_20251006_SCHW,SCHW,2025-10-06T09:00:00+00:00,1,,resolved_loss,-0.4571,-1.5846,-0.4571,resolved_loss
ws_20251006_C,C,2025-10-06T09:00:00+00:00,1,,resolved_loss,-0.5731,-3.1956,-0.5731,resolved_loss
ws_20251006_CVX,CVX,2025-10-06T09:00:00+00:00,1,,resolved_loss,-0.4363,-3.9878,-0.4363,resolved_loss
ws_20251006_XOM,XOM,2025-10-06T09:00:00+00:00,1,,resolved_loss,-0.4017,-3.064,-0.4017,resolved_loss
ws_20251006_COP,COP,2025-10-06T09:00:00+00:00,1,,resolved_loss,-0.5416,-7.9955,-0.5416,resolved_loss
ws_20251006_SLB,SLB,2025-10-06T09:00:00+00:00,1,,resolved_loss,-0.6713,-7.5793,-0.6713,resolved_loss
ws_20251006_OXY,OXY,2025-10-06T09:00:00+00:00,1,,resolved_loss,-0.6467,-6.8183,-0.6467,resolved_loss
ws_20251006_ENPH,ENPH,2025-10-06T09:00:00+00:00,1,,resolved_win,2.6638,-5.3547,2.6638,resolved_win
ws_20251006_DVN,DVN,2025-10-06T09:00:00+00:00,1,,resolved_loss,-0.6075,-5.0445,-0.6075,resolved_loss
ws_20251006_EOG,EOG,2025-10-06T09:00:00+00:00,1,,resolved_loss,-0.6046,-3.6086,-0.6046,resolved_loss
ws_20251006_FSLR,FSLR,2025-10-06T09:00:00+00:00,1,,resolved_loss,-1.3174,-1.6696,-1.3174,resolved_loss
ws_20251006_EQT,EQT,2025-10-06T09:00:00+00:00,1,,resolved_loss,-0.9638,-5.0488,-0.9638,resolved_loss
ws_20251006_PYPL,PYPL,2025-10-06T09:00:00+00:00,1,,resolved_win,1.5884,-1.417,1.5884,resolved_win
ws_20251006_V,V,2025-10-06T09:00:00+00:00,1,,resolved_loss,-0.4829,-2.4978,-0.4829,resolved_loss
ws_20251006_MA,MA,2025-10-06T09:00:00+00:00,1,,resolved_loss,-0.4774,-3.9222,-0.4774,resolved_loss
ws_20251006_AXP,AXP,2025-10-06T09:00:00+00:00,1,,resolved_loss,-0.5087,-2.6805,-0.5087,resolved_loss
ws_20251006_SPY,SPY,2025-10-06T09:00:00+00:00,1,,resolved_loss,-0.2675,-1.4815,-0.2675,resolved_loss
ws_20251006_QQQ,QQQ,2025-10-06T09:00:00+00:00,1,,resolved_win,0.6673,-0.4438,0.6673,resolved_win
ws_20251006_IWM,IWM,2025-10-06T09:00:00+00:00,1,,resolved_loss,-0.4678,-1.0778,-0.4678,resolved_loss
ws_20251006_XLK,XLK,2025-10-06T09:00:00+00:00,1,,resolved_loss,-0.4109,-50.0589,-0.4109,resolved_loss
ws_20251006_XLF,XLF,2025-10-06T09:00:00+00:00,1,,resolved_loss,-0.335,-2.8323,-0.335,resolved_loss
ws_20251006_DIA,DIA,2025-10-06T09:00:00+00:00,1,,resolved_loss,-0.2802,-2.2957,-0.2802,resolved_loss
ws_20251006_XLV,XLV,2025-10-06T09:00:00+00:00,1,,resolved_loss,-0.3729,-2.7836,-0.3729,resolved_loss
ws_20251006_XLE,XLE,2025-10-06T09:00:00+00:00,1,,resolved_loss,-0.3767,-52.1541,-0.3767,resolved_loss
ws_20251006_XLI,XLI,2025-10-06T09:00:00+00:00,1,,resolved_loss,-0.3174,-2.5129,-0.3174,resolved_loss
ws_20251006_XLP,XLP,2025-10-06T09:00:00+00:00,1,,resolved_loss,-0.2435,-1.604,-0.2435,resolved_loss
ws_20251006_XLB,XLB,2025-10-06T09:00:00+00:00,1,,resolved_loss,-0.356,-51.3861,-0.356,resolved_loss
ws_20251006_XLU,XLU,2025-10-06T09:00:00+00:00,1,,resolved_loss,-0.3487,-49.6188,-0.3487,resolved_loss
ws_20251006_XLC,XLC,2025-10-06T09:00:00+00:00,1,,resolved_loss,-0.275,-2.8,-0.275,resolved_loss
ws_20251006_XLRE,XLRE,2025-10-06T09:00:00+00:00,1,,resolved_loss,-0.3209,-4.4622,-0.3209,resolved_loss
ws_20251006_SMH,SMH,2025-10-06T09:00:00+00:00,1,,resolved_win,1.1106,0.5809,1.1106,resolved_win
ws_20251006_SOXX,SOXX,2025-10-06T09:00:00+00:00,1,,resolved_win,1.2075,1.5569,1.2075,resolved_win
ws_20251006_QCOM,QCOM,2025-10-06T09:00:00+00:00,1,,resolved_loss,-0.6089,-5.8038,-0.6089,resolved_loss
ws_20251006_INTC,INTC,2025-10-06T09:00:00+00:00,1,,resolved_win,3.1101,1.1001,3.1101,resolved_win
ws_20251006_TXN,TXN,2025-10-06T09:00:00+00:00,1,,resolved_loss,-0.6262,-4.845,-0.6262,resolved_loss
ws_20251006_MU,MU,2025-10-06T09:00:00+00:00,1,,resolved_win,2.252,2.5455,2.252,resolved_win
ws_20251006_TSM,TSM,2025-10-06T09:00:00+00:00,1,,resolved_win,1.629,2.8445,1.629,resolved_win
ws_20251006_SAP,SAP,2025-10-06T09:00:00+00:00,1,,resolved_loss,-0.388,-1.9992,-0.388,resolved_loss
ws_20251006_AMGN,AMGN,2025-10-06T09:00:00+00:00,1,,resolved_loss,-0.7321,-3.8987,-0.7321,resolved_loss
ws_20251006_ASML,ASML,2025-10-06T09:00:00+00:00,1,,resolved_loss,-0.6975,-5.1101,-0.6975,resolved_loss
ws_20251006_BMY,BMY,2025-10-06T09:00:00+00:00,1,,resolved_loss,-0.6822,-6.2669,-0.6822,resolved_loss
ws_20251006_GILD,GILD,2025-10-06T09:00:00+00:00,1,,resolved_win,1.668,3.6032,1.668,resolved_win
ws_20251006_REGN,REGN,2025-10-06T09:00:00+00:00,1,,resolved_loss,-0.7933,-7.3972,-0.7933,resolved_loss
ws_20251006_ZTS,ZTS,2025-10-06T09:00:00+00:00,1,,resolved_loss,-0.601,-4.0075,-0.601,resolved_loss
ws_20251006_PG,PG,2025-10-06T09:00:00+00:00,1,,resolved_loss,-0.3612,-5.1975,-0.3612,resolved_loss
ws_20251006_KO,KO,2025-10-06T09:00:00+00:00,1,,resolved_loss,-0.3376,-1.1611,-0.3376,resolved_loss
ws_20251006_PEP,PEP,2025-10-06T09:00:00+00:00,1,,resolved_loss,-0.4367,1.867,-0.4367,resolved_loss
ws_20251006_BLK,BLK,2025-10-06T09:00:00+00:00,1,,resolved_loss,-0.4937,-2.0621,-0.4937,resolved_loss
ws_20251006_BK,BK,2025-10-06T09:00:00+00:00,1,,resolved_loss,-0.5066,-1.599,-0.5066,resolved_loss
ws_20251006_USB,USB,2025-10-06T09:00:00+00:00,1,,resolved_loss,-0.4785,-5.8648,-0.4785,resolved_loss
ws_20251006_PNC,PNC,2025-10-06T09:00:00+00:00,1,,resolved_loss,-0.4837,-8.0837,-0.4837,resolved_loss
ws_20251006_NEE,NEE,2025-10-06T09:00:00+00:00,1,,resolved_win,1.37,3.1074,1.37,resolved_win
ws_20251006_BP,BP,2025-10-06T09:00:00+00:00,1,,resolved_loss,-0.3953,-5.0129,-0.3953,resolved_loss
ws_20251006_DUK,DUK,2025-10-06T09:00:00+00:00,1,,resolved_loss,-0.34,-0.5295,-0.34,resolved_loss
ws_20251006_SHEL,SHEL,2025-10-06T09:00:00+00:00,1,,resolved_loss,-0.3278,-4.2429,-0.3278,resolved_loss
ws_20251006_RIO,RIO,2025-10-06T09:00:00+00:00,1,,resolved_loss,-0.348,0.3113,-0.348,resolved_loss
ws_20251006_VALE,VALE,2025-10-06T09:00:00+00:00,1,,resolved_loss,-0.4998,-4.9832,-0.4998,resolved_loss
ws_20251006_BHP,BHP,2025-10-06T09:00:00+00:00,1,,resolved_loss,-0.4687,-1.5069,-0.4687,resolved_loss
ws_20251006_COST,COST,2025-10-06T09:00:00+00:00,1,,resolved_loss,-0.3343,1.7922,-0.3343,resolved_loss
ws_20251006_WMT,WMT,2025-10-06T09:00:00+00:00,1,,resolved_loss,-0.4604,-0.5586,-0.4604,resolved_loss
ws_20251006_HD,HD,2025-10-06T09:00:00+00:00,1,,resolved_loss,-0.41,-5.935,-0.41,resolved_loss
ws_20251006_TGT,TGT,2025-10-06T09:00:00+00:00,1,,resolved_loss,-0.7077,-4.9818,-0.7077,resolved_loss
ws_20251006_NKE,NKE,2025-10-06T09:00:00+00:00,1,,resolved_loss,-0.8408,-8.3855,-0.8408,resolved_loss
ws_20251006_MCD,MCD,2025-10-06T09:00:00+00:00,1,,resolved_loss,-0.3588,-2.1017,-0.3588,resolved_loss
ws_20251006_SBUX,SBUX,2025-10-06T09:00:00+00:00,1,,resolved_loss,-0.5904,-9.1377,-0.5904,resolved_loss
ws_20251006_BKNG,BKNG,2025-10-06T09:00:00+00:00,1,,resolved_loss,-0.703,-96.1492,-0.703,resolved_loss
ws_20251006_TJX,TJX,2025-10-06T09:00:00+00:00,1,,resolved_loss,-0.4246,-0.8445,-0.4246,resolved_loss
ws_20251006_ROST,ROST,2025-10-06T09:00:00+00:00,1,,resolved_loss,-0.7137,0.6935,-0.7137,resolved_loss
ws_20251006_CMG,CMG,2025-10-06T09:00:00+00:00,1,,resolved_loss,-0.7663,-2.0594,-0.7663,resolved_loss
ws_20251006_MO,MO,2025-10-06T09:00:00+00:00,1,,resolved_loss,-0.5097,-4.5545,-0.5097,resolved_loss
ws_20251006_CAT,CAT,2025-10-06T09:00:00+00:00,1,,resolved_loss,-0.7532,0.6679,-0.7532,resolved_loss
ws_20251006_DE,DE,2025-10-06T09:00:00+00:00,1,,resolved_loss,-0.4623,-5.7502,-0.4623,resolved_loss
ws_20251006_GE,GE,2025-10-06T09:00:00+00:00,1,,resolved_win,1.2186,-0.1017,1.2186,resolved_win
ws_20251006_LMT,LMT,2025-10-06T09:00:00+00:00,1,,resolved_loss,-0.4441,-2.0209,-0.4441,resolved_loss
ws_20251006_RTX,RTX,2025-10-06T09:00:00+00:00,1,,resolved_win,0.8105,-5.7116,0.8105,resolved_win
ws_20251006_NOC,NOC,2025-10-06T09:00:00+00:00,1,,resolved_win,0.6843,0.3826,0.6843,resolved_win
ws_20251006_BA,BA,2025-10-06T09:00:00+00:00,1,,resolved_win,1.2187,-0.3302,1.2187,resolved_win
ws_20251006_HON,HON,2025-10-06T09:00:00+00:00,1,,resolved_loss,-0.5024,-9.9888,-0.5024,resolved_loss
ws_20251006_ETN,ETN,2025-10-06T09:00:00+00:00,1,,resolved_win,1.3871,-0.3496,1.3871,resolved_win
ws_20251006_VZ,VZ,2025-10-06T09:00:00+00:00,1,,resolved_loss,-0.4122,-11.8545,-0.4122,resolved_loss
ws_20251006_CSCO,CSCO,2025-10-06T09:00:00+00:00,1,,resolved_win,0.8243,-1.7673,0.8243,resolved_win
ws_20251006_VNQ,VNQ,2025-10-06T09:00:00+00:00,1,,resolved_loss,-0.3281,-4.901,-0.3281,resolved_loss
ws_20251006_EFA,EFA,2025-10-06T09:00:00+00:00,1,,resolved_loss,-0.1998,-3.9592,-0.1998,resolved_loss
ws_20251006_T,T,2025-10-06T09:00:00+00:00,1,,resolved_loss,-0.4435,-7.4964,-0.4435,resolved_loss
ws_20251006_EEM,EEM,2025-10-06T09:00:00+00:00,1,,resolved_loss,-0.2214,-2.793,-0.2214,resolved_loss
ws_20251006_HYG,HYG,2025-10-06T09:00:00+00:00,1,,resolved_loss,-0.0742,-4.3201,-0.0742,resolved_loss
ws_20251006_TNGX,TNGX,2025-10-06T09:00:00+00:00,1,,resolved_loss,-1.354,9.2199,-1.354,resolved_loss
ws_20251006_BETR,BETR,2025-10-06T09:00:00+00:00,1,,resolved_loss,-4.9036,-15.5419,-4.9036,resolved_loss
ws_20251006_WINA,WINA,2025-10-06T09:00:00+00:00,1,,resolved_loss,-1.0291,-18.8246,-1.0291,resolved_loss
sig_1_MSFT,MSFT,2026-03-01T21:45:10.631481,11,,resolved_loss,-0.4199,-22.1184,-0.4199,resolved_loss
sig_2_AAPL,AAPL,2026-03-01T21:45:10.631481,9.6,,resolved_win,0.7837,0.2858,0.7837,resolved_win
sig_3_SPY,SPY,2026-03-01T21:45:10.631481,9.6,,resolved_win,0.4513,0.212,0.4513,resolved_win
sig_4_QQQ,QQQ,2026-03-01T21:45:10.631481,9.3,,resolved_win,0.6154,-0.9058,0.6154,resolved_win
sig_5_GOOGL,GOOGL,2026-03-01T21:45:10.631481,6.3,,resolved_win,1.1268,21.2806,1.1268,resolved_win
sig_6_NVDA,NVDA,2026-03-01T21:45:10.631481,6.3,,resolved_loss,-0.7245,-3.9774,-0.7245,resolved_loss
sig_7_MSFT,MSFT,2026-03-01T21:45:10.631481,11,,resolved_loss,-0.4199,-22.1184,-0.4199,resolved_loss
sig_8_AAPL,AAPL,2026-03-01T21:45:10.631481,9.6,,resolved_win,0.7837,0.2858,0.7837,resolved_win
sig_9_SPY,SPY,2026-03-01T21:45:10.631481,9.6,,resolved_win,0.4513,0.212,0.4513,resolved_win
sig_10_QQQ,QQQ,2026-03-01T21:45:10.631481,9.3,,resolved_win,0.6154,-0.9058,0.6154,resolved_win
sig_11_GOOGL,GOOGL,2026-03-01T21:45:10.631481,6.3,,resolved_win,1.1268,21.2806,1.1268,resolved_win
sig_12_NVDA,NVDA,2026-03-01T21:45:10.631481,6.3,,resolved_loss,-0.7245,-3.9774,-0.7245,resolved_loss
sig_13_MSFT,MSFT,2026-03-01T21:45:10.631481,11,,resolved_loss,-0.4199,-22.1184,-0.4199,resolved_loss
sig_14_AAPL,AAPL,2026-03-01T21:45:10.631481,9.6,,resolved_win,0.7837,0.2858,0.7837,resolved_win
sig_15_SPY,SPY,2026-03-01T21:45:10.631481,9.6,,resolved_win,0.4513,0.212,0.4513,resolved_win
sig_16_QQQ,QQQ,2026-03-01T21:45:10.631481,9.3,,resolved_win,0.6154,-0.9058,0.6154,resolved_win
sig_17_GOOGL,GOOGL,2026-03-01T21:45:10.631481,6.3,,resolved_win,1.1268,21.2806,1.1268,resolved_win
sig_18_NVDA,NVDA,2026-03-01T21:45:10.631481,6.3,,resolved_loss,-0.7245,-3.9774,-0.7245,resolved_loss
sig_19_MSFT,MSFT,2026-03-01T21:45:10.631481,11,,resolved_loss,-0.4199,-22.1184,-0.4199,resolved_loss
sig_20_AAPL,AAPL,2026-03-01T21:45:10.631481,9.6,,resolved_win,0.7837,0.2858,0.7837,resolved_win
sig_21_SPY,SPY,2026-03-01T21:45:10.631481,9.6,,resolved_win,0.4513,0.212,0.4513,resolved_win
sig_22_QQQ,QQQ,2026-03-01T21:45:10.631481,9.3,,resolved_win,0.6154,-0.9058,0.6154,resolved_win
sig_23_GOOGL,GOOGL,2026-03-01T21:45:10.631481,6.3,,resolved_win,1.1268,21.2806,1.1268,resolved_win
sig_24_NVDA,NVDA,2026-03-01T21:45:10.631481,6.3,,resolved_loss,-0.7245,-3.9774,-0.7245,resolved_loss
sig_25_MSFT,MSFT,2026-03-01T21:45:10.631481,11,,resolved_loss,-0.4199,-22.1184,-0.4199,resolved_loss
sig_26_AAPL,AAPL,2026-03-01T21:45:10.631481,9.6,,resolved_win,0.7837,0.2858,0.7837,resolved_win
sig_27_SPY,SPY,2026-03-01T21:45:10.631481,9.6,,resolved_win,0.4513,0.212,0.4513,resolved_win
sig_28_QQQ,QQQ,2026-03-01T21:45:10.631481,9.3,,resolved_win,0.6154,-0.9058,0.6154,resolved_win
sig_29_GOOGL,GOOGL,2026-03-01T21:45:10.631481,6.3,,resolved_win,1.1268,21.2806,1.1268,resolved_win
sig_30_NVDA,NVDA,2026-03-01T21:45:10.631481,6.3,,resolved_loss,-0.7245,-3.9774,-0.7245,resolved_loss
sig_31_MSFT,MSFT,2026-03-01T21:45:10.631481,11,,resolved_loss,-0.4199,-22.1184,-0.4199,resolved_loss
sig_32_AAPL,AAPL,2026-03-01T21:45:10.631481,9.6,,resolved_win,0.7837,0.2858,0.7837,resolved_win
sig_33_SPY,SPY,2026-03-01T21:45:10.631481,9.6,,resolved_win,0.4513,0.212,0.4513,resolved_win
sig_34_QQQ,QQQ,2026-03-01T21:45:10.631481,9.3,,resolved_win,0.6154,-0.9058,0.6154,resolved_win
sig_35_GOOGL,GOOGL,2026-03-01T21:45:10.631481,6.3,,resolved_win,1.1268,21.2806,1.1268,resolved_win
sig_36_NVDA,NVDA,2026-03-01T21:45:10.631481,6.3,,resolved_loss,-0.7245,-3.9774,-0.7245,resolved_loss
sig_37_AAPL,AAPL,2026-03-01T21:45:10.631481,7.6,,resolved_win,0.9281,-0.2688,0.9281,resolved_win
sig_38_NVDA,NVDA,2026-03-01T21:45:10.631481,7.6,,resolved_loss,-0.8332,-5.4421,-0.8332,resolved_loss
sig_39_SPY,SPY,2026-03-01T21:45:10.631481,7.6,,resolved_win,0.4354,-0.3524,0.4354,resolved_win
sig_40_QQQ,QQQ,2026-03-01T21:45:10.631481,7.6,,resolved_loss,-0.3059,-1.7421,-0.3059,resolved_loss
sig_41_GOOGL,GOOGL,2026-03-01T21:45:10.631481,4.6,,resolved_win,1.2733,21.6666,1.2733,resolved_win
sig_42_AAPL,AAPL,2026-03-01T21:45:10.631481,7.6,,resolved_win,0.9281,-0.2688,0.9281,resolved_win
sig_43_NVDA,NVDA,2026-03-01T21:45:10.631481,7.6,,resolved_loss,-0.8332,-5.4421,-0.8332,resolved_loss
sig_44_SPY,SPY,2026-03-01T21:45:10.631481,7.6,,resolved_win,0.4354,-0.3524,0.4354,resolved_win
sig_45_QQQ,QQQ,2026-03-01T21:45:10.631481,7.6,,resolved_loss,-0.3059,-1.7421,-0.3059,resolved_loss
sig_46_GOOGL,GOOGL,2026-03-01T21:45:10.631481,4.6,,resolved_win,1.2733,21.6666,1.2733,resolved_win
sig_47_AAPL,AAPL,2026-03-01T21:45:10.631481,7.6,,resolved_win,0.9281,-0.2688,0.9281,resolved_win
sig_48_NVDA,NVDA,2026-03-01T21:45:10.631481,7.6,,resolved_loss,-0.8332,-5.4421,-0.8332,resolved_loss
sig_49_SPY,SPY,2026-03-01T21:45:10.631481,7.6,,resolved_win,0.4354,-0.3524,0.4354,resolved_win
sig_50_QQQ,QQQ,2026-03-01T21:45:10.631481,7.6,,resolved_loss,-0.3059,-1.7421,-0.3059,resolved_loss
sig_51_GOOGL,GOOGL,2026-03-01T21:45:10.631481,4.6,,resolved_win,1.2733,21.6666,1.2733,resolved_win
sig_52_AAPL,AAPL,2026-03-01T21:45:10.631481,7.6,,resolved_win,0.9281,-0.2688,0.9281,resolved_win
sig_53_NVDA,NVDA,2026-03-01T21:45:10.631481,7.6,,resolved_loss,-0.8332,-5.4421,-0.8332,resolved_loss
sig_54_SPY,SPY,2026-03-01T21:45:10.631481,7.6,,resolved_win,0.4354,-0.3524,0.4354,resolved_win
sig_55_QQQ,QQQ,2026-03-01T21:45:10.631481,7.6,,resolved_loss,-0.3059,-1.7421,-0.3059,resolved_loss
sig_56_GOOGL,GOOGL,2026-03-01T21:45:10.631481,4.6,,resolved_win,1.2733,21.6666,1.2733,resolved_win
sig_57_AAPL,AAPL,2026-03-01T21:45:10.631481,7.6,,resolved_win,0.9281,-0.2688,0.9281,resolved_win
sig_58_NVDA,NVDA,2026-03-01T21:45:10.631481,7.6,,resolved_loss,-0.8332,-5.4421,-0.8332,resolved_loss
sig_59_SPY,SPY,2026-03-01T21:45:10.631481,7.6,,resolved_win,0.4354,-0.3524,0.4354,resolved_win
sig_60_QQQ,QQQ,2026-03-01T21:45:10.631481,7.6,,resolved_loss,-0.3059,-1.7421,-0.3059,resolved_loss
sig_61_GOOGL,GOOGL,2026-03-01T21:45:10.631481,4.6,,resolved_win,1.2733,21.6666,1.2733,resolved_win
sig_62_AAPL,AAPL,2026-03-01T21:45:10.631481,7.6,,resolved_win,0.9281,-0.2688,0.9281,resolved_win
sig_63_NVDA,NVDA,2026-03-01T21:45:10.631481,7.6,,resolved_loss,-0.8332,-5.4421,-0.8332,resolved_loss
sig_64_SPY,SPY,2026-03-01T21:45:10.631481,7.6,,resolved_win,0.4354,-0.3524,0.4354,resolved_win
sig_65_QQQ,QQQ,2026-03-01T21:45:10.631481,7.6,,resolved_loss,-0.3059,-1.7421,-0.3059,resolved_loss
sig_66_GOOGL,GOOGL,2026-03-01T21:45:10.631481,4.6,,resolved_win,1.2733,21.6666,1.2733,resolved_win
sig_67_AAPL,AAPL,2026-03-01T21:45:10.631481,7.6,,resolved_win,0.9281,-0.2688,0.9281,resolved_win
sig_68_NVDA,NVDA,2026-03-01T21:45:10.631481,7.6,,resolved_loss,-0.8332,-5.4421,-0.8332,resolved_loss
sig_69_SPY,SPY,2026-03-01T21:45:10.631481,7.6,,resolved_win,0.4354,-0.3524,0.4354,resolved_win
sig_70_QQQ,QQQ,2026-03-01T21:45:10.631481,7.6,,resolved_loss,-0.3059,-1.7421,-0.3059,resolved_loss
sig_71_GOOGL,GOOGL,2026-03-01T21:45:10.631481,4.6,,resolved_win,1.2733,21.6666,1.2733,resolved_win
sig_72_AAPL,AAPL,2026-03-01T21:45:10.631481,7.6,,resolved_win,0.9281,-0.2688,0.9281,resolved_win
sig_73_NVDA,NVDA,2026-03-01T21:45:10.631481,7.6,,resolved_loss,-0.8332,-5.4421,-0.8332,resolved_loss
sig_74_SPY,SPY,2026-03-01T21:45:10.631481,7.6,,resolved_win,0.4354,-0.3524,0.4354,resolved_win
sig_75_QQQ,QQQ,2026-03-01T21:45:10.631481,7.6,,resolved_loss,-0.3059,-1.7421,-0.3059,resolved_loss
sig_76_GOOGL,GOOGL,2026-03-01T21:45:10.631481,4.6,,resolved_win,1.2733,21.6666,1.2733,resolved_win
ws_20251010_MSFT,MSFT,2025-10-10T09:00:00+00:00,1,,resolved_loss,-0.3659,-2.2453,-0.3659,resolved_loss
ws_20251010_NVDA,NVDA,2025-10-10T09:00:00+00:00,1,,resolved_loss,-0.8102,-4.9618,-0.8102,resolved_loss
ws_20251010_SPY,SPY,2025-10-10T09:00:00+00:00,1,,resolved_loss,-0.222,-1.5721,-0.222,resolved_loss
ws_20251010_QQQ,QQQ,2025-10-10T09:00:00+00:00,1,,resolved_loss,-0.2653,-1.3618,-0.2653,resolved_loss
ws_20251010_AAPL,AAPL,2025-10-10T09:00:00+00:00,2,,resolved_loss,-0.4133,-0.9651,-0.4133,resolved_loss
ws_20251010_GOOGL,GOOGL,2025-10-10T09:00:00+00:00,1,,resolved_loss,-0.5217,4.6683,-0.5217,resolved_loss
ws_20251014_AAPL,AAPL,2025-10-14T09:00:00+00:00,0,,resolved_win,1.0792,5.913,1.0792,resolved_win
ws_20251014_MSFT,MSFT,2025-10-14T09:00:00+00:00,0,,resolved_loss,-0.4724,0.0004,-0.4724,resolved_loss
ws_20251014_GOOGL,GOOGL,2025-10-14T09:00:00+00:00,0,,resolved_win,1.4334,1.5028,1.4334,resolved_win
ws_20251014_NVDA,NVDA,2025-10-14T09:00:00+00:00,0,,resolved_loss,-1.1395,-0.4023,-1.1395,resolved_loss
ws_20251014_SPY,SPY,2025-10-14T09:00:00+00:00,0,,resolved_loss,-0.4497,0.4,-0.4497,resolved_loss
ws_20251014_QQQ,QQQ,2025-10-14T09:00:00+00:00,0,,resolved_loss,-0.5454,1.4092,-0.5454,resolved_loss
sig_77_GOOGL,GOOGL,2026-03-01T21:45:10.631481,11.3,,resolved_win,1.5533,18.7398,1.5533,resolved_win
sig_78_SPY,SPY,2026-03-01T21:45:10.631481,8.3,,resolved_win,0.9503,0.8223,0.9503,resolved_win
sig_79_QQQ,QQQ,2026-03-01T21:45:10.631481,8.3,,resolved_win,1.1392,-0.5257,1.1392,resolved_win
sig_80_AAPL,AAPL,2026-03-01T21:45:10.631481,7.6,,resolved_win,1.1987,3.1243,1.1987,resolved_win
sig_81_MSFT,MSFT,2026-03-01T21:45:10.631481,6,,resolved_loss,-0.5275,-20.5676,-0.5275,resolved_loss
sig_82_NVDA,NVDA,2026-03-01T21:45:10.631481,3.6,,resolved_loss,-1.1008,-1.2601,-1.1008,resolved_loss
sig_83_GOOGL,GOOGL,2026-03-01T21:45:10.631481,11.3,,resolved_win,1.5533,18.7398,1.5533,resolved_win
sig_84_SPY,SPY,2026-03-01T21:45:10.631481,8.3,,resolved_win,0.9503,0.8223,0.9503,resolved_win
sig_85_QQQ,QQQ,2026-03-01T21:45:10.631481,8.3,,resolved_win,1.1392,-0.5257,1.1392,resolved_win
sig_86_AAPL,AAPL,2026-03-01T21:45:10.631481,7.6,,resolved_win,1.1987,3.1243,1.1987,resolved_win
sig_87_MSFT,MSFT,2026-03-01T21:45:10.631481,6,,resolved_loss,-0.5275,-20.5676,-0.5275,resolved_loss
sig_88_NVDA,NVDA,2026-03-01T21:45:10.631481,3.6,,resolved_loss,-1.1008,-1.2601,-1.1008,resolved_loss
sig_89_GOOGL,GOOGL,2026-03-01T21:45:10.631481,7.6,,resolved_win,1.9144,18.6595,1.9144,resolved_win
sig_90_AAPL,AAPL,2026-03-01T21:45:10.631481,7.3,,resolved_win,1.4881,2.6224,1.4881,resolved_win
sig_91_QQQ,QQQ,2026-03-01T21:45:10.631481,4.3,,resolved_loss,-0.7548,-0.1925,-0.7548,resolved_loss
sig_92_NVDA,NVDA,2026-03-01T21:45:10.631481,1.6,,resolved_loss,-1.1096,-2.4425,-1.1096,resolved_loss
sig_93_MSFT,MSFT,2026-03-01T21:45:10.631481,1.3,,resolved_loss,-0.6734,-20.2314,-0.6734,resolved_loss
sig_94_SPY,SPY,2026-03-01T21:45:10.631481,1.3,,resolved_win,1.2141,1.5106,1.2141,resolved_win
sig_95_NVDA,NVDA,2026-03-01T21:45:10.631481,12,,resolved_loss,-0.6084,-5.2175,-0.6084,resolved_loss
sig_96_MSFT,MSFT,2026-03-01T21:45:10.631481,8,,resolved_loss,-0.3601,-22.2446,-0.3601,resolved_loss
sig_97_SPY,SPY,2026-03-01T21:45:10.631481,7.6,,resolved_win,0.4157,-1.1544,0.4157,resolved_win
sig_98_QQQ,QQQ,2026-03-01T21:45:10.631481,7.6,,resolved_loss,-0.2515,-3.1325,-0.2515,resolved_loss
sig_99_AAPL,AAPL,2026-03-01T21:45:10.631481,7.3,,resolved_win,0.8601,-2.3247,0.8601,resolved_win
sig_100_GOOGL,GOOGL,2026-03-01T21:45:10.631481,7.3,,resolved_win,1.0865,14.4592,1.0865,resolved_win
sig_101_NVDA,NVDA,2026-03-01T21:45:10.631481,12,,resolved_loss,-0.6084,-5.2175,-0.6084,resolved_loss
sig_102_MSFT,MSFT,2026-03-01T21:45:10.631481,8,,resolved_loss,-0.3601,-22.2446,-0.3601,resolved_loss
sig_103_SPY,SPY,2026-03-01T21:45:10.631481,7.6,,resolved_win,0.4157,-1.1544,0.4157,resolved_win
sig_104_QQQ,QQQ,2026-03-01T21:45:10.631481,7.6,,resolved_loss,-0.2515,-3.1325,-0.2515,resolved_loss
sig_105_AAPL,AAPL,2026-03-01T21:45:10.631481,7.3,,resolved_win,0.8601,-2.3247,0.8601,resolved_win
sig_106_GOOGL,GOOGL,2026-03-01T21:45:10.631481,7.3,,resolved_win,1.0865,14.4592,1.0865,resolved_win
ws_20251128_AAPL,AAPL,2025-11-28T09:00:00+00:00,0,,resolved_win,1.404,0.4342,1.404,resolved_win
ws_20251128_MSFT,MSFT,2025-11-28T09:00:00+00:00,0,,resolved_loss,-0.6622,-1.9971,-0.6622,resolved_loss
ws_20251128_GOOGL,GOOGL,2025-11-28T09:00:00+00:00,0,,resolved_loss,-0.9123,0.5244,-0.9123,resolved_loss
ws_20251128_NVDA,NVDA,2025-11-28T09:00:00+00:00,0,,resolved_loss,-1.1721,3.0284,-1.1721,resolved_loss
ws_20251128_SPY,SPY,2025-11-28T09:00:00+00:00,0,,resolved_loss,-0.324,-0.0531,-0.324,resolved_loss
ws_20251128_QQQ,QQQ,2025-11-28T09:00:00+00:00,0,,resolved_loss,-0.436,1.1197,-0.436,resolved_loss
ws_20251201_SPY,SPY,2025-12-01T09:00:00+00:00,2,,resolved_loss,-0.2922,-0.1734,-0.2922,resolved_loss
ws_20251201_QQQ,QQQ,2025-12-01T09:00:00+00:00,2,,resolved_win,1.1972,0.8589,1.1972,resolved_win
ws_20251201_AAPL,AAPL,2025-12-01T09:00:00+00:00,1,,resolved_win,1.2704,-1.5704,1.2704,resolved_win
ws_20251201_MSFT,MSFT,2025-12-01T09:00:00+00:00,1,,resolved_loss,-0.5455,0.2549,-0.5455,resolved_loss
ws_20251201_GOOGL,GOOGL,2025-12-01T09:00:00+00:00,1,,resolved_loss,-0.55,-1.0389,-0.55,resolved_loss
ws_20251201_NVDA,NVDA,2025-12-01T09:00:00+00:00,1,,resolved_win,2.6663,3.2647,2.6663,resolved_win
sig_107_AMGN,AMGN,2026-03-01T21:45:10.631481,1,,resolved_win,2.0923,0.2447,2.0923,resolved_win
sig_108_GILD,GILD,2026-03-01T21:45:10.631481,1,,resolved_loss,-1.1762,-7.6923,-1.1762,resolved_loss
sig_109_VRTX,VRTX,2026-03-01T21:45:10.631481,1,,resolved_win,2.9617,-0.1792,2.9617,resolved_win
sig_110_REGN,REGN,2026-03-01T21:45:10.631481,2,,resolved_win,2.6609,-1.8046,2.6609,resolved_win
sig_111_BIIB,BIIB,2026-03-01T21:45:10.631481,1,,resolved_loss,-0.7431,-2.9121,-0.7431,resolved_loss
sig_112_MRNA,MRNA,2026-03-01T21:45:10.631481,1,,resolved_win,10.7502,33.164,10.7502,resolved_win
sig_113_BNTX,BNTX,2026-03-01T21:45:10.631481,1,,resolved_loss,-1.0995,-7.0002,-1.0995,resolved_loss
sig_114_ILMN,ILMN,2026-03-01T21:45:10.631481,0,,resolved_win,3.9341,6.3492,3.9341,resolved_win
sig_115_ALNY,ALNY,2026-03-01T21:45:10.631481,0,,resolved_win,3.6137,0.5015,3.6137,resolved_win
sig_116_BMRN,BMRN,2026-03-01T21:45:10.631481,2,,resolved_loss,-0.8507,0.9664,-0.8507,resolved_loss
sig_117_INCY,INCY,2026-03-01T21:45:10.631481,1,,resolved_loss,-2.051,-2.5891,-2.051,resolved_loss
sig_118_EXEL,EXEL,2026-03-01T21:45:10.631481,1,,resolved_loss,-2.1292,-1.7033,-2.1292,resolved_loss
sig_119_JAZZ,JAZZ,2026-03-01T21:45:10.631481,1,,resolved_win,3.0459,11.3211,3.0459,resolved_win
sig_120_UTHR,UTHR,2026-03-01T21:45:10.631481,1,,resolved_win,2.4819,1.6464,2.4819,resolved_win
sig_121_NBIX,NBIX,2026-03-01T21:45:10.631481,1,,resolved_loss,-1.201,-6.1662,-1.201,resolved_loss
sig_122_SRPT,SRPT,2026-03-01T21:45:10.631481,1,,resolved_loss,-2.0293,-5.8061,-2.0293,resolved_loss
sig_123_ALKS,ALKS,2026-03-01T21:45:10.631481,1,,resolved_loss,-1.2216,-16.7248,-1.2216,resolved_loss
sig_124_PTCT,PTCT,2026-03-01T21:45:10.631481,1,,resolved_loss,-1.6379,-10.5256,-1.6379,resolved_loss
sig_125_RARE,RARE,2026-03-01T21:45:10.631481,1,,resolved_loss,-1.7343,-10.11,-1.7343,resolved_loss
sig_126_FOLD,FOLD,2026-03-01T21:45:10.631481,0,,resolved_win,0.3494,0.2096,0.3494,resolved_win
sig_127_HALO,HALO,2026-03-01T21:45:10.631481,1,,resolved_loss,-0.7352,-15.3271,-0.7352,resolved_loss
sig_128_IONS,IONS,2026-03-01T21:45:10.631481,1,,resolved_loss,-0.6947,-10.5527,-0.6947,resolved_loss
sig_129_ARCT,ARCT,2026-03-01T21:45:10.631481,1,,resolved_win,6.4033,-3.1335,6.4033,resolved_win
sig_130_CRSP,CRSP,2026-03-01T21:45:10.631481,1,,resolved_win,5.3189,19.7288,5.3189,resolved_win
sig_131_EDIT,EDIT,2026-03-01T21:45:10.631481,1,,resolved_win,7.0292,15.7073,7.0292,resolved_win
sig_132_NTLA,NTLA,2026-03-01T21:45:10.631481,1,,resolved_win,6.9992,16.5372,6.9992,resolved_win
sig_133_BEAM,BEAM,2026-03-01T21:45:10.631481,1,,resolved_win,6.3672,3.6719,6.3672,resolved_win
sig_134_ABCL,ABCL,2026-03-01T21:45:10.631481,1,,resolved_win,6.4103,10.5769,6.4103,resolved_win
sig_135_ABUS,ABUS,2026-03-01T21:45:10.631481,2,,resolved_win,6.1669,9.5526,6.1669,resolved_win
sig_136_ACRS,ACRS,2026-03-01T21:45:10.631481,1,,resolved_loss,-3.0391,-11.4327,-3.0391,resolved_loss
sig_137_ACRV,ACRV,2026-03-01T21:45:10.631481,1,,resolved_loss,-3.3333,3.3333,-3.3333,resolved_loss
sig_138_AARD,AARD,2026-03-01T21:45:10.631481,1,,resolved_loss,-3.0303,-53.3493,-3.0303,resolved_loss
sig_139_AGEN,AGEN,2026-03-01T21:45:10.631481,2,,resolved_win,5.4422,0.6803,5.4422,resolved_win
sig_140_ALT,ALT,2026-03-01T21:45:10.631481,1,,resolved_loss,-2.0675,-22.9597,-2.0675,resolved_loss
sig_141_AMRX,AMRX,2026-03-01T21:45:10.631481,1,,resolved_loss,-0.5707,-11.1111,-0.5707,resolved_loss
sig_142_AUPH,AUPH,2026-03-01T21:45:10.631481,1,,resolved_loss,-1.1088,-0.7623,-1.1088,resolved_loss
sig_143_AVBP,AVBP,2026-03-01T21:45:10.631481,1,,resolved_win,5.9801,11.2008,5.9801,resolved_win
sig_144_AVDL,AVDL,2026-03-01T21:45:10.631481,3,,open,,,,
sig_145_AXSM,AXSM,2026-03-01T21:45:10.631481,1,,resolved_loss,-1.0497,-12.613,-1.0497,resolved_loss
sig_146_IRON,IRON,2026-03-01T21:45:10.631481,1,,resolved_loss,-2.2574,-14.2176,-2.2574,resolved_loss
sig_147_KYMR,KYMR,2026-03-01T21:45:10.631481,1,,resolved_win,3.5828,4.4082,3.5828,resolved_win
sig_148_LGND,LGND,2026-03-01T21:45:10.631481,1,,resolved_win,4.1541,10.503,4.1541,resolved_win
sig_149_MIRM,MIRM,2026-03-01T21:45:10.631481,1,,resolved_loss,-1.1497,-14.4698,-1.1497,resolved_loss
sig_150_NAMS,NAMS,2026-03-01T21:45:10.631481,1,,resolved_loss,-1.2776,-13.2985,-1.2776,resolved_loss
sig_151_OCUL,OCUL,2026-03-01T21:45:10.631481,1,,resolved_win,6.0879,15.7835,6.0879,resolved_win
sig_152_FOLD,FOLD,2026-03-01T21:45:10.631481,0,,resolved_win,0.4885,0.0698,0.4885,resolved_win
sig_153_ADPT,ADPT,2026-03-01T21:45:10.631481,1,,resolved_win,5.4178,-3.0026,5.4178,resolved_win
sig_154_AURA,AURA,2026-03-01T21:45:10.631481,1,,resolved_win,3.9783,1.2658,3.9783,resolved_win
sig_155_APGE,APGE,2026-03-01T21:45:10.631481,1,,resolved_win,5.6685,12.0657,5.6685,resolved_win
sig_156_AGIO,AGIO,2026-03-01T21:45:10.631481,1,,resolved_win,4.3755,2.73,4.3755,resolved_win
sig_157_ANIP,ANIP,2026-03-01T21:45:10.631481,1,,resolved_loss,-1.1909,-4.6798,-1.1909,resolved_loss
sig_158_ALKS,ALKS,2026-03-01T21:45:10.631481,1,,resolved_loss,-1.0444,-16.9423,-1.0444,resolved_loss
sig_159_ADMA,ADMA,2026-03-01T21:45:10.631481,1,,resolved_win,4.5496,-6.0153,4.5496,resolved_win
sig_160_ABP,ABP,2026-03-01T21:45:10.631481,1,,open,,,,
sig_161_AAPG,AAPG,2026-03-01T21:45:10.631481,2,,resolved_loss,-2.5453,-5.7626,-2.5453,resolved_loss
sig_162_ABVX,ABVX,2026-03-01T21:45:10.631481,2,,resolved_loss,-0.832,-8.1183,-0.832,resolved_loss
sig_163_ACIU,ACIU,2026-03-01T21:45:10.631481,1,,resolved_loss,-1.6556,-7.6159,-1.6556,resolved_loss
sig_164_ALVO,ALVO,2026-03-01T21:45:10.631481,1,,resolved_loss,-1.6393,-17.8279,-1.6393,resolved_loss
sig_165_CRSP,CRSP,2026-03-01T21:45:10.631481,1,,resolved_win,4.7263,17.3782,4.7263,resolved_win
sig_166_NAMS,NAMS,2026-03-01T21:45:10.631481,2,,resolved_loss,-1.2998,-13.7493,-1.2998,resolved_loss
sig_167_ATAI,ATAI,2026-03-01T21:45:10.631481,2,,resolved_loss,-2.1601,-13.8501,-2.1601,resolved_loss
sig_168_GDS,GDS,2026-03-01T21:45:10.631481,1,,resolved_loss,-1.7348,-12.4652,-1.7348,resolved_loss
sig_169_CAMT,CAMT,2026-03-01T21:45:10.631481,2,,resolved_win,4.5376,-7.2268,4.5376,resolved_win
sig_170_ARCT,ARCT,2026-03-01T21:45:10.631481,1,,resolved_win,5.6119,-3.854,5.6119,resolved_win
sig_171_ACGL,ACGL,2026-03-01T21:45:10.631481,1,,resolved_win,1.9244,-0.7606,1.9244,resolved_win
sig_172_AUPH,AUPH,2026-03-01T21:45:10.631481,1,,resolved_loss,-1.0693,-1.2073,-1.0693,resolved_loss
sig_173_ABCL,ABCL,2026-03-01T21:45:10.631481,1,,resolved_win,6.2201,10.0478,6.2201,resolved_win
sig_174_ABUS,ABUS,2026-03-01T21:45:10.631481,2,,resolved_win,5.8824,8.7635,5.8824,resolved_win
sig_175_ACB,ACB,2026-03-01T21:45:10.631481,1,,resolved_win,3.7681,1.7391,3.7681,resolved_win
sig_176_AVDL,AVDL,2026-03-01T21:45:10.631481,2,,open,,,,
sig_177_AFRI,AFRI,2026-03-01T21:45:10.631481,1,,resolved_loss,-4.1833,-3.5857,-4.1833,resolved_loss
sig_178_AIFU,AIFU,2026-03-01T21:45:10.631481,1,,resolved_win,14.2045,7.9545,14.2045,resolved_win
sig_179_AACG,AACG,2026-03-01T21:45:10.631481,1,,expired_loss,-6.2399,4.5371,-6.2399,expired_loss
sig_180_BATRA,BATRA,2026-03-01T21:45:10.631481,2,,resolved_win,1.9681,6.564,1.9681,resolved_win
sig_181_BATRK,BATRK,2026-03-01T21:45:10.631481,2,,resolved_win,1.3828,6.1135,1.3828,resolved_win
sig_182_ALGN,ALGN,2026-03-01T21:45:10.631481,1,,resolved_loss,-0.5228,-11.6751,-0.5228,resolved_loss
sig_183_ABNB,ABNB,2026-03-01T21:45:10.631481,1,,resolved_win,2.5105,11.864,2.5105,resolved_win
sig_184_AMGN,AMGN,2026-03-01T21:45:10.631481,1,,resolved_win,1.8863,0.847,1.8863,resolved_win
sig_185_BIIB,BIIB,2026-03-01T21:45:10.631481,1,,resolved_loss,-0.676,-3.1283,-0.676,resolved_loss
sig_186_AMBA,AMBA,2026-03-01T21:45:10.631481,2,,resolved_loss,-1.6231,-21.2804,-1.6231,resolved_loss
sig_187_LMAT,LMAT,2026-03-01T21:45:10.631481,1,,resolved_win,1.6271,22.8978,1.6271,resolved_win
sig_188_MIRM,MIRM,2026-03-01T21:45:10.631481,1,,resolved_loss,-0.9428,-15.2426,-0.9428,resolved_loss
sig_189_SOFI,SOFI,2026-03-01T21:45:10.631481,1,,resolved_loss,-2.0369,-8.2506,-2.0369,resolved_loss
sig_190_UPST,UPST,2026-03-01T21:45:10.631481,2,,resolved_loss,-4.7941,-18.2941,-4.7941,resolved_loss
sig_191_AFRM,AFRM,2026-03-01T21:45:10.631481,1,,resolved_loss,-2.3917,-8.0644,-2.3917,resolved_loss
sig_192_DAVE,DAVE,2026-03-01T21:45:10.631481,1,,resolved_win,6.896,25.8352,6.896,resolved_win
sig_193_INOD,INOD,2026-03-01T21:45:10.631481,1,,resolved_loss,-2.5101,-1.8798,-2.5101,resolved_loss
sig_194_AISP,AISP,2026-03-01T21:45:10.631481,1,,resolved_win,7.1283,7.943,7.1283,resolved_win
sig_195_BBAI,BBAI,2026-03-01T21:45:10.631481,1,,resolved_loss,-2.8506,-3.0787,-2.8506,resolved_loss
sig_196_SOUN,SOUN,2026-03-01T21:45:10.631481,1,,resolved_win,6.7351,3.5279,6.7351,resolved_win
sig_197_AIP,AIP,2026-03-01T21:45:10.631481,1,,resolved_win,5.5076,-3.6496,5.5076,resolved_win
sig_198_ALNT,ALNT,2026-03-01T21:45:10.631481,1,,resolved_loss,-1.1541,-2.3128,-1.1541,resolved_loss
sig_199_AMPL,AMPL,2026-03-01T21:45:10.631481,0,,resolved_win,7.7377,15.6964,7.7377,resolved_win
sig_200_ANGI,ANGI,2026-03-01T21:45:10.631481,1,,resolved_loss,-6.0307,-3.2895,-6.0307,resolved_loss
sig_201_ARQ,ARQ,2026-03-01T21:45:10.631481,2,,resolved_loss,-1.4417,-15.8585,-1.4417,resolved_loss
sig_202_ACTU,ACTU,2026-03-01T21:45:10.631481,1,,resolved_loss,-3.5211,-32.8639,-3.5211,resolved_loss
sig_203_ARTV,ARTV,2026-03-01T21:45:10.631481,1,,resolved_win,12.987,49.0909,12.987,resolved_win
sig_204_ATAI,ATAI,2026-03-01T21:45:10.631481,2,,resolved_loss,-2.1601,-13.8501,-2.1601,resolved_loss
sig_205_ARCT,ARCT,2026-03-01T21:45:10.631481,1,,resolved_win,5.6119,-3.854,5.6119,resolved_win
sig_206_AQST,AQST,2026-03-01T21:45:10.631481,1,,resolved_win,5.6653,11.1989,5.6653,resolved_win
sig_207_ABEO,ABEO,2026-03-01T21:45:10.631481,1,,resolved_loss,-1.2884,-3.8652,-1.2884,resolved_loss
sig_208_ABVC,ABVC,2026-03-01T21:45:10.631481,1,,resolved_loss,-3.012,-19.2771,-3.012,resolved_loss
sig_209_ACFN,ACFN,2026-03-01T21:45:10.631481,2,,resolved_win,9.6036,4.017,9.6036,resolved_win
sig_210_ADAM,ADAM,2026-03-01T21:45:10.631481,1,,resolved_win,1.8159,-3.1162,1.8159,resolved_win
sig_211_ADV,ADV,2026-03-01T21:45:10.631481,2,,resolved_win,11.694,2607.734,11.694,resolved_win
sig_212_AEHR,AEHR,2026-03-01T21:45:10.631481,3,,resolved_win,12.2184,2.8596,12.2184,resolved_win
sig_213_AFYA,AFYA,2026-03-01T21:45:10.631481,1,,resolved_loss,-0.7083,-14.533,-0.7083,resolved_loss
sig_214_ALGT,ALGT,2026-03-01T21:45:10.631481,1,,resolved_loss,-1.2793,-26.3002,-1.2793,resolved_loss
sig_215_ABVX,ABVX,2026-03-01T21:45:10.631481,2,,resolved_loss,-0.832,-8.1183,-0.832,resolved_loss
sig_216_ACAD,ACAD,2026-03-01T21:45:10.631481,0,,resolved_win,3.6789,-1.1817,3.6789,resolved_win
sig_217_ACLX,ACLX,2026-03-01T21:45:10.631481,2,,resolved_win,4.2836,65.4559,4.2836,resolved_win
sig_218_ADMA,ADMA,2026-03-01T21:45:10.631481,1,,resolved_win,4.7066,-5.9291,4.7066,resolved_win
sig_219_AGIO,AGIO,2026-03-01T21:45:10.631481,1,,resolved_win,5.0679,0.8814,5.0679,resolved_win
sig_220_APGE,APGE,2026-03-01T21:45:10.631481,1,,resolved_win,5.6693,11.629,5.6693,resolved_win
sig_221_AQST,AQST,2026-03-01T21:45:10.631481,1,,resolved_win,5.6653,11.1989,5.6653,resolved_win
sig_222_ARDX,ARDX,2026-03-01T21:45:10.631481,1,,resolved_loss,-1.6484,-14.9725,-1.6484,resolved_loss
sig_223_AXSM,AXSM,2026-03-01T21:45:10.631481,1,,resolved_loss,-1.0122,-12.5989,-1.0122,resolved_loss
sig_224_IRON,IRON,2026-03-01T21:45:10.631481,1,,resolved_loss,-2.1326,-14.1696,-2.1326,resolved_loss
sig_225_KYMR,KYMR,2026-03-01T21:45:10.631481,2,,resolved_win,3.4054,3.7658,3.4054,resolved_win
sig_226_LGND,LGND,2026-03-01T21:45:10.631481,1,,resolved_win,3.9095,10.861,3.9095,resolved_win
sig_227_ANIP,ANIP,2026-03-01T21:45:10.631481,1,,resolved_loss,-1.1497,-4.3534,-1.1497,resolved_loss
sig_228_AUPH,AUPH,2026-03-01T21:45:10.631481,1,,resolved_loss,-1.0693,-1.2073,-1.0693,resolved_loss
sig_229_ALVO,ALVO,2026-03-01T21:45:10.631481,1,,resolved_loss,-1.6393,-17.8279,-1.6393,resolved_loss
sig_230_ACET,ACET,2026-03-01T21:45:10.631481,2,,resolved_win,9.7722,7.1271,9.7722,resolved_win
sig_231_ACIU,ACIU,2026-03-01T21:45:10.631481,1,,resolved_loss,-1.6556,-7.6159,-1.6556,resolved_loss
sig_232_ACTU,ACTU,2026-03-01T21:45:10.631481,1,,resolved_loss,-3.5211,-32.8639,-3.5211,resolved_loss
sig_233_ALT,ALT,2026-03-01T21:45:10.631481,1,,resolved_loss,-2.0496,-23.6246,-2.0496,resolved_loss
sig_234_ARCT,ARCT,2026-03-01T21:45:10.631481,1,,resolved_win,5.6119,-3.854,5.6119,resolved_win
sig_235_ARTV,ARTV,2026-03-01T21:45:10.631481,1,,resolved_win,12.987,49.0909,12.987,resolved_win
sig_236_ATAI,ATAI,2026-03-01T21:45:10.631481,2,,resolved_loss,-2.1601,-13.8501,-2.1601,resolved_loss
sig_237_BCYC,BCYC,2026-03-01T21:45:10.631481,1,,resolved_loss,-2.9038,-5.6261,-2.9038,resolved_loss
sig_238_BDRX,BDRX,2026-03-01T21:45:10.631481,1,,resolved_win,10.5781,268.3226,10.5781,resolved_win
sig_239_BRNS,BRNS,2026-03-01T21:45:10.631481,1,,resolved_loss,-2.4459,-14.7462,-2.4459,resolved_loss
sig_240_ACHV,ACHV,2026-03-01T21:45:10.631481,1,,resolved_win,4.8611,-1.1574,4.8611,resolved_win
sig_241_ABOS,ABOS,2026-03-01T21:45:10.631481,1,,resolved_win,6.3492,31.3492,6.3492,resolved_win
sig_242_AAPL,AAPL,2026-03-01T21:45:10.631481,1,,resolved_loss,-0.4972,-7.9901,-0.4972,resolved_loss
sig_243_ABNB,ABNB,2026-03-01T21:45:10.631481,1,,resolved_win,2.5105,11.864,2.5105,resolved_win
sig_244_AAL,AAL,2026-03-01T21:45:10.631481,1,,resolved_loss,-1.6451,-21.7361,-1.6451,resolved_loss
sig_245_ASTS,ASTS,2026-03-01T21:45:10.631481,1,,resolved_loss,-4.1048,-8.0658,-4.1048,resolved_loss
sig_246_AFRM,AFRM,2026-03-01T21:45:10.631481,1,,resolved_loss,-2.3917,-8.0644,-2.3917,resolved_loss
sig_247_AUR,AUR,2026-03-01T21:45:10.631481,1,,resolved_win,6.3001,2.8637,6.3001,resolved_win
sig_248_BULL,BULL,2026-03-01T21:45:10.631481,1,,resolved_loss,-1.9078,-13.3545,-1.9078,resolved_loss
sig_249_ALAB,ALAB,2026-03-01T21:45:10.631481,2,,resolved_loss,-4.571,-17.8809,-4.571,resolved_loss
sig_250_CRSP,CRSP,2026-03-01T21:45:10.631481,1,,resolved_win,4.7263,17.3782,4.7263,resolved_win
sig_251_DAVE,DAVE,2026-03-01T21:45:10.631481,1,,resolved_win,6.896,25.8352,6.896,resolved_win
sig_252_ACMR,ACMR,2026-03-01T21:45:10.631481,1,,resolved_loss,-1.9057,-35.6355,-1.9057,resolved_loss
sig_253_ADMA,ADMA,2026-03-01T21:45:10.631481,1,,resolved_win,4.7066,-5.9291,4.7066,resolved_win
sig_254_AMKR,AMKR,2026-03-01T21:45:10.631481,2,,resolved_loss,-1.7778,-26.2511,-1.7778,resolved_loss
sig_255_BRKR,BRKR,2026-03-01T21:45:10.631481,1,,resolved_loss,-1.3793,-12.9013,-1.3793,resolved_loss
sig_256_ASO,ASO,2026-03-01T21:45:10.631481,2,,resolved_loss,-0.7926,1.3149,-0.7926,resolved_loss
sig_257_CAKE,CAKE,2026-03-01T21:45:10.631481,1,,resolved_win,3.3249,0.8214,3.3249,resolved_win
sig_258_FRPT,FRPT,2026-03-01T21:45:10.631481,1,,resolved_win,4.0179,19.4392,4.0179,resolved_win
sig_259_INOD,INOD,2026-03-01T21:45:10.631481,1,,resolved_loss,-2.5101,-1.8798,-2.5101,resolved_loss
sig_260_KYMR,KYMR,2026-03-01T21:45:10.631481,2,,resolved_win,3.4054,3.7658,3.4054,resolved_win
sig_261_LGND,LGND,2026-03-01T21:45:10.631481,1,,resolved_win,3.9095,10.861,3.9095,resolved_win
sig_262_AXSM,AXSM,2026-03-01T21:45:10.631481,1,,resolved_loss,-1.0122,-12.5989,-1.0122,resolved_loss
sig_263_BIIB,BIIB,2026-03-01T21:45:10.631481,1,,resolved_loss,-0.676,-3.1232,-0.676,resolved_loss
sig_264_AMGN,AMGN,2026-03-01T21:45:10.631481,1,,resolved_win,1.8859,0.7514,1.8859,resolved_win
sig_265_ADBE,ADBE,2026-03-01T21:45:10.631481,0,,resolved_win,3.2675,9.8026,3.2675,resolved_win
sig_266_ADSK,ADSK,2026-03-01T21:45:10.631481,0,,resolved_win,3.7185,12.0658,3.7185,resolved_win
sig_267_BSY,BSY,2026-03-01T21:45:10.631481,2,,resolved_win,3.3539,16.628,3.3539,resolved_win
sig_268_BL,BL,2026-03-01T21:45:10.631481,1,,resolved_loss,-2.5902,-11.6026,-2.5902,resolved_loss
sig_269_APPF,APPF,2026-03-01T21:45:10.631481,1,,resolved_loss,-1.8107,6.5073,-1.8107,resolved_loss
sig_270_FIVN,FIVN,2026-03-01T21:45:10.631481,2,,resolved_win,6.202,6.8517,6.202,resolved_win
sig_271_CRM,CRM,2026-03-01T21:45:10.631481,0,,resolved_win,3.9799,8.5899,3.9799,resolved_win
sig_272_NOW,NOW,2026-03-01T21:45:10.631481,0,,resolved_win,4.49,22.4301,4.49,resolved_win
sig_273_SNOW,SNOW,2026-03-01T21:45:10.631481,1,,resolved_loss,-2.1345,1.3762,-2.1345,resolved_loss
sig_274_DDOG,DDOG,2026-03-01T21:45:10.631481,2,,resolved_loss,-2.5242,-0.7162,-2.5242,resolved_loss
sig_275_NET,NET,2026-03-01T21:45:10.631481,3,,resolved_loss,-2.361,2.183,-2.361,resolved_loss
sig_276_ZS,ZS,2026-03-01T21:45:10.631481,0,,resolved_loss,-1.8016,-4.3438,-1.8016,resolved_loss
sig_277_CRWD,CRWD,2026-03-01T21:45:10.631481,1,,resolved_loss,-1.5283,3.0352,-1.5283,resolved_loss
sig_278_OKTA,OKTA,2026-03-01T21:45:10.631481,2,,resolved_loss,-0.905,-8.6878,-0.905,resolved_loss
sig_279_PANW,PANW,2026-03-01T21:45:10.631481,2,,resolved_loss,-1.4803,-1.0847,-1.4803,resolved_loss
sig_280_FTNT,FTNT,2026-03-01T21:45:10.631481,2,,resolved_loss,-0.7275,-4.888,-0.7275,resolved_loss
sig_281_WDAY,WDAY,2026-03-01T21:45:10.631481,0,,resolved_loss,-1.6499,3.6188,-1.6499,resolved_loss
sig_282_MDB,MDB,2026-03-01T21:45:10.631481,1,,resolved_loss,-2.2662,-25.7053,-2.2662,resolved_loss
sig_283_TEAM,TEAM,2026-03-01T21:45:10.631481,0,,resolved_loss,-2.6464,-3.7855,-2.6464,resolved_loss
sig_284_HUBS,HUBS,2026-03-01T21:45:10.631481,0,,resolved_win,6.8851,40.2374,6.8851,resolved_win
sig_285_VEEV,VEEV,2026-03-01T21:45:10.631481,1,,resolved_win,4.5598,8.905,4.5598,resolved_win
sig_286_BILL,BILL,2026-03-01T21:45:10.631481,2,,resolved_loss,-2.4539,-5.0869,-2.4539,resolved_loss
sig_287_DOCN,DOCN,2026-03-01T21:45:10.631481,1,,resolved_loss,-1.8182,-13.5371,-1.8182,resolved_loss
sig_288_CFLT,CFLT,2026-03-01T21:45:10.631481,1,,open,,,,
sig_289_ESTC,ESTC,2026-03-01T21:45:10.631481,1,,resolved_loss,-1.8383,-12.5915,-1.8383,resolved_loss
sig_290_GTLB,GTLB,2026-03-01T21:45:10.631481,1,,resolved_loss,-1.9744,-17.3386,-1.9744,resolved_loss
sig_291_PATH,PATH,2026-03-01T21:45:10.631481,1,,resolved_loss,-2.3335,0.6364,-2.3335,resolved_loss
sig_292_FROG,FROG,2026-03-01T21:45:10.631481,1,,resolved_loss,-2.4575,-21.1462,-2.4575,resolved_loss
sig_293_ALKT,ALKT,2026-03-01T21:45:10.631481,1,,resolved_loss,-2.0504,-0.0586,-2.0504,resolved_loss
sig_294_APPF,APPF,2026-03-01T21:45:10.631481,1,,resolved_loss,-1.7434,6.4836,-1.7434,resolved_loss
sig_295_AGYS,AGYS,2026-03-01T21:45:10.631481,1,,resolved_loss,-1.3178,-11.6207,-1.3178,resolved_loss
sig_296_ACIW,ACIW,2026-03-01T21:45:10.631481,1,,resolved_loss,-1.348,4.2892,-1.348,resolved_loss
sig_297_ALRM,ALRM,2026-03-01T21:45:10.631481,1,,resolved_win,2.3176,7.1245,2.3176,resolved_win
sig_298_AMGN,AMGN,2026-03-01T21:45:10.631481,1,,resolved_win,2.0736,-0.0626,2.0736,resolved_win
sig_299_GILD,GILD,2026-03-01T21:45:10.631481,1,,resolved_loss,-1.0621,-5.6271,-1.0621,resolved_loss
sig_300_VRTX,VRTX,2026-03-01T21:45:10.631481,1,,resolved_win,3.003,-1.8989,3.003,resolved_win
sig_301_REGN,REGN,2026-03-01T21:45:10.631481,2,,resolved_loss,-0.8399,-3.882,-0.8399,resolved_loss
sig_302_BIIB,BIIB,2026-03-01T21:45:10.631481,1,,resolved_loss,-0.8054,-5.3175,-0.8054,resolved_loss
sig_303_MRNA,MRNA,2026-03-01T21:45:10.631481,1,,resolved_win,8.6289,29.4869,8.6289,resolved_win
sig_304_BNTX,BNTX,2026-03-01T21:45:10.631481,1,,resolved_loss,-1.0487,-6.6323,-1.0487,resolved_loss
sig_305_ILMN,ILMN,2026-03-01T21:45:10.631481,0,,resolved_win,4.5209,6.9057,4.5209,resolved_win
sig_306_ALNY,ALNY,2026-03-01T21:45:10.631481,0,,resolved_win,7.1977,5.581,7.1977,resolved_win
sig_307_BMRN,BMRN,2026-03-01T21:45:10.631481,2,,resolved_loss,-1.3263,1.3263,-1.3263,resolved_loss
sig_308_INCY,INCY,2026-03-01T21:45:10.631481,1,,resolved_loss,-1.7089,-4.9581,-1.7089,resolved_loss
sig_309_EXEL,EXEL,2026-03-01T21:45:10.631481,2,,resolved_loss,-1.1449,-3.8973,-1.1449,resolved_loss
sig_310_JAZZ,JAZZ,2026-03-01T21:45:10.631481,1,,resolved_win,2.852,9.0533,2.852,resolved_win
sig_311_UTHR,UTHR,2026-03-01T21:45:10.631481,1,,resolved_win,2.3836,0.5954,2.3836,resolved_win
sig_312_NBIX,NBIX,2026-03-01T21:45:10.631481,1,,expired_win,2.5984,2.1282,2.5984,expired_win
sig_313_SRPT,SRPT,2026-03-01T21:45:10.631481,1,,resolved_loss,-2.8142,-6.8821,-2.8142,resolved_loss
sig_314_ALKS,ALKS,2026-03-01T21:45:10.631481,1,,resolved_loss,-1.6413,-15.6378,-1.6413,resolved_loss
sig_315_PTCT,PTCT,2026-03-01T21:45:10.631481,1,,resolved_loss,-1.4406,-12.1399,-1.4406,resolved_loss
sig_316_RARE,RARE,2026-03-01T21:45:10.631481,1,,resolved_loss,-1.9068,-9.9576,-1.9068,resolved_loss
sig_317_FOLD,FOLD,2026-03-01T21:45:10.631481,0,,resolved_win,0.4892,0.2096,0.4892,resolved_win
sig_318_HALO,HALO,2026-03-01T21:45:10.631481,1,,resolved_loss,-0.9061,-14.025,-0.9061,resolved_loss
sig_319_IONS,IONS,2026-03-01T21:45:10.631481,1,,resolved_loss,-0.7275,-11.6995,-0.7275,resolved_loss
sig_320_ARCT,ARCT,2026-03-01T21:45:10.631481,2,,resolved_win,8.1009,-5.5777,8.1009,resolved_win
sig_321_CRSP,CRSP,2026-03-01T21:45:10.631481,1,,resolved_win,5.6438,15.7431,5.6438,resolved_win
sig_322_EDIT,EDIT,2026-03-01T21:45:10.631481,1,,resolved_win,8.2621,13.9601,8.2621,resolved_win
sig_323_NTLA,NTLA,2026-03-01T21:45:10.631481,1,,resolved_win,7.8112,15.3648,7.8112,resolved_win
sig_324_BEAM,BEAM,2026-03-01T21:45:10.631481,1,,resolved_win,6.4504,0.1132,6.4504,resolved_win
sig_325_LMT,LMT,2026-03-01T21:45:10.631481,1,,resolved_win,2.1562,4.2431,2.1562,resolved_win
sig_326_RTX,RTX,2026-03-01T21:45:10.631481,1,,resolved_win,3.0062,4.4867,3.0062,resolved_win
sig_327_NOC,NOC,2026-03-01T21:45:10.631481,1,,resolved_win,3.0139,8.6402,3.0139,resolved_win
sig_328_GD,GD,2026-03-01T21:45:10.631481,1,,resolved_win,3.3677,3.1737,3.3677,resolved_win
sig_329_BA,BA,2026-03-01T21:45:10.631481,1,,resolved_loss,-1.5355,-4.4863,-1.5355,resolved_loss
sig_330_LHX,LHX,2026-03-01T21:45:10.631481,1,,resolved_win,2.8529,6.6199,2.8529,resolved_win
sig_331_TXT,TXT,2026-03-01T21:45:10.631481,2,,resolved_loss,-0.8679,-5.2213,-0.8679,resolved_loss
sig_332_HII,HII,2026-03-01T21:45:10.631481,1,,resolved_win,5.0637,5.7455,5.0637,resolved_win
sig_333_RKLB,RKLB,2026-03-01T21:45:10.631481,1,,resolved_win,11.025,6.5421,11.025,resolved_win
sig_334_LUNR,LUNR,2026-03-01T21:45:10.631481,1,,resolved_win,12.9165,11.901,12.9165,resolved_win
sig_335_ASTS,ASTS,2026-03-01T21:45:10.631481,1,,resolved_win,18.1,7.6069,18.1,resolved_win
sig_336_SPCE,SPCE,2026-03-01T21:45:10.631481,1,,resolved_loss,-2.9354,-1.3699,-2.9354,resolved_loss
sig_337_BKSY,BKSY,2026-03-01T21:45:10.631481,1,,resolved_win,11.8253,19.5321,11.8253,resolved_win
sig_338_PL,PL,2026-03-01T21:45:10.631481,1,,resolved_win,10.1107,21.714,10.1107,resolved_win
sig_339_SATL,SATL,2026-03-01T21:45:10.631481,1,,resolved_loss,-4.9759,-0.8026,-4.9759,resolved_loss
sig_340_RDW,RDW,2026-03-01T21:45:10.631481,1,,resolved_win,13.4033,5.6208,13.4033,resolved_win
sig_341_MNTS,MNTS,2026-03-01T21:45:10.631481,1,,resolved_loss,-7.7206,-23.8971,-7.7206,resolved_loss
sig_342_GILT,GILT,2026-03-01T21:45:10.631481,1,,resolved_win,8.7083,17.1263,8.7083,resolved_win
sig_343_KTOS,KTOS,2026-03-01T21:45:10.631481,1,,resolved_win,8.1325,-1.8003,8.1325,resolved_win
sig_344_MRCY,MRCY,2026-03-01T21:45:10.631481,1,,resolved_win,6.5411,8.4997,6.5411,resolved_win
sig_345_SATS,SATS,2026-03-01T21:45:10.631481,1,,resolved_win,5.841,-1.8115,5.841,resolved_win
sig_346_VSAT,VSAT,2026-03-01T21:45:10.631481,1,,resolved_loss,-3.7136,-2.624,-3.7136,resolved_loss
sig_347_IRDM,IRDM,2026-03-01T21:45:10.631481,2,,resolved_win,12.7105,10.9217,12.7105,resolved_win
sig_348_GRMN,GRMN,2026-03-01T21:45:10.631481,1,,resolved_win,2.8027,18.225,2.8027,resolved_win
sig_349_ACFN,ACFN,2026-03-01T21:45:10.631481,2,,resolved_win,11.9594,4.378,11.9594,resolved_win
sig_350_TSLA,TSLA,2026-03-01T21:45:10.631481,2,,resolved_loss,-1.6839,-7.2172,-1.6839,resolved_loss
sig_351_RIVN,RIVN,2026-03-01T21:45:10.631481,2,,resolved_win,6.3125,6.0366,6.3125,resolved_win
sig_352_LCID,LCID,2026-03-01T21:45:10.631481,1,,resolved_loss,-2.3715,-3.4585,-2.3715,resolved_loss
sig_353_NIO,NIO,2026-03-01T21:45:10.631481,2,,resolved_loss,-1.1811,-5.9055,-1.1811,resolved_loss
sig_354_LI,LI,2026-03-01T21:45:10.631481,1,,resolved_loss,-0.6937,-8.4312,-0.6937,resolved_loss
sig_355_XPEV,XPEV,2026-03-01T21:45:10.631481,2,,resolved_loss,-1.2082,-2.6693,-1.2082,resolved_loss
sig_356_PSNY,PSNY,2026-03-01T21:45:10.631481,2,,resolved_win,8.6541,-9.5823,8.6541,resolved_win
sig_357_WKHS,WKHS,2026-03-01T21:45:10.631481,0,,resolved_loss,-2.8351,-11.3402,-2.8351,resolved_loss
sig_358_HYLN,HYLN,2026-03-01T21:45:10.631481,1,,resolved_win,7.6277,-1.2589,7.6277,resolved_win
sig_359_REE,REE,2026-03-01T21:45:10.631481,0,,resolved_loss,-5.509,13.2109,-5.509,resolved_loss
sig_360_CHPT,CHPT,2026-03-01T21:45:10.631481,1,,resolved_win,6.8677,-2.5126,6.8677,resolved_win
sig_361_EVGO,EVGO,2026-03-01T21:45:10.631481,1,,resolved_loss,-2.1922,-25.4637,-2.1922,resolved_loss
sig_362_BLNK,BLNK,2026-03-01T21:45:10.631481,1,,resolved_loss,-2.5341,-0.4349,-2.5341,resolved_loss
sig_363_EOSE,EOSE,2026-03-01T21:45:10.631481,1,,resolved_loss,-4.6729,-45.4384,-4.6729,resolved_loss
sig_364_QS,QS,2026-03-01T21:45:10.631481,1,,resolved_loss,-4.959,-17.1024,-4.959,resolved_loss
sig_365_SLDP,SLDP,2026-03-01T21:45:10.631481,1,,resolved_loss,-3.3921,-15.3324,-3.3921,resolved_loss
sig_366_MVST,MVST,2026-03-01T21:45:10.631481,1,,resolved_loss,-2.7957,-10.5376,-2.7957,resolved_loss
sig_367_ENVX,ENVX,2026-03-01T21:45:10.631481,1,,resolved_loss,-3.5354,-18.3502,-3.5354,resolved_loss
sig_368_AEHR,AEHR,2026-03-01T21:45:10.631481,2,,resolved_win,16.6267,22.0775,16.6267,resolved_win
sig_369_LEA,LEA,2026-03-01T21:45:10.631481,1,,resolved_loss,-0.982,-13.3587,-0.982,resolved_loss
sig_370_NVDA,NVDA,2026-03-01T21:45:10.631481,2,,resolved_loss,-0.8751,-6.3718,-0.8751,resolved_loss
sig_371_AMD,AMD,2026-03-01T21:45:10.631481,1,,resolved_loss,-2.1224,-8.7339,-2.1224,resolved_loss
sig_372_INTC,INTC,2026-03-01T21:45:10.631481,1,,resolved_loss,-2.6341,-8.8677,-2.6341,resolved_loss
sig_373_AVGO,AVGO,2026-03-01T21:45:10.631481,2,,resolved_loss,-1.0734,-1.9451,-1.0734,resolved_loss
sig_374_QCOM,QCOM,2026-03-01T21:45:10.631481,0,,resolved_loss,-1.4865,-2.9151,-1.4865,resolved_loss
sig_375_TXN,TXN,2026-03-01T21:45:10.631481,0,,resolved_loss,-0.8445,-14.9924,-0.8445,resolved_loss
sig_376_MU,MU,2026-03-01T21:45:10.631481,2,,resolved_loss,-3.5762,-12.3358,-3.5762,resolved_loss
sig_377_AMAT,AMAT,2026-03-01T21:45:10.631481,1,,resolved_win,4.7138,-2.6834,4.7138,resolved_win
sig_378_LRCX,LRCX,2026-03-01T21:45:10.631481,1,,resolved_loss,-2.3209,-15.7345,-2.3209,resolved_loss
sig_379_KLAC,KLAC,2026-03-01T21:45:10.631481,1,,resolved_loss,-1.8344,-90.9105,-1.8344,resolved_loss
sig_380_MRVL,MRVL,2026-03-01T21:45:10.631481,2,,resolved_loss,-2.2191,12.8801,-2.2191,resolved_loss
sig_381_ADI,ADI,2026-03-01T21:45:10.631481,1,,resolved_win,2.4442,-7.6441,2.4442,resolved_win
sig_382_NXPI,NXPI,2026-03-01T21:45:10.631481,2,,resolved_loss,-1.0673,-20.0755,-1.0673,resolved_loss
sig_383_MCHP,MCHP,2026-03-01T21:45:10.631481,2,,resolved_loss,-1.9345,-20.5932,-1.9345,resolved_loss
sig_384_ON,ON,2026-03-01T21:45:10.631481,2,,resolved_loss,-1.3293,-21.8141,-1.3293,resolved_loss
sig_385_SWKS,SWKS,2026-03-01T21:45:10.631481,1,,resolved_loss,-0.8882,-13.8179,-0.8882,resolved_loss
sig_386_QRVO,QRVO,2026-03-01T21:45:10.631481,1,,resolved_loss,-0.5823,-8.6749,-0.5823,resolved_loss
sig_387_MPWR,MPWR,2026-03-01T21:45:10.631481,1,,resolved_loss,-1.3756,-15.0236,-1.3756,resolved_loss
sig_388_ALGM,ALGM,2026-03-01T21:45:10.631481,0,,resolved_loss,-1.412,-26.088,-1.412,resolved_loss
sig_389_ACLS,ACLS,2026-03-01T21:45:10.631481,2,,resolved_loss,-1.4395,-10.3163,-1.4395,resolved_loss
sig_390_AMKR,AMKR,2026-03-01T21:45:10.631481,1,,resolved_loss,-2.2371,-20.6812,-2.2371,resolved_loss
sig_391_CAMT,CAMT,2026-03-01T21:45:10.631481,2,,resolved_win,4.504,-6.6831,4.504,resolved_win
sig_392_AOSL,AOSL,2026-03-01T21:45:10.631481,1,,resolved_loss,-2.5166,-5.698,-2.5166,resolved_loss
sig_393_ACMR,ACMR,2026-03-01T21:45:10.631481,1,,resolved_loss,-2.8389,-31.8051,-2.8389,resolved_loss
sig_394_AEHR,AEHR,2026-03-01T21:45:10.631481,3,,resolved_win,16.0368,21.2462,16.0368,resolved_win
sig_395_ARM,ARM,2026-03-01T21:45:10.631481,1,,resolved_loss,-1.1932,-8.7114,-1.1932,resolved_loss
sig_396_CRUS,CRUS,2026-03-01T21:45:10.631481,1,,resolved_loss,-0.9654,-9.1277,-0.9654,resolved_loss
sig_397_DIOD,DIOD,2026-03-01T21:45:10.631481,2,,resolved_loss,-2.4671,-17.0153,-2.4671,resolved_loss
sig_398_FORM,FORM,2026-03-01T21:45:10.631481,1,,resolved_loss,-1.7358,-11.6412,-1.7358,resolved_loss
sig_399_MKSI,MKSI,2026-03-01T21:45:10.631481,0,,resolved_loss,-1.6382,-18.1521,-1.6382,resolved_loss
sig_400_AAPL,AAPL,2026-03-01T21:45:10.631481,1,,resolved_loss,-0.7986,-4.0069,-0.7986,resolved_loss
sig_401_ABNB,ABNB,2026-03-01T21:45:10.631481,0,,resolved_win,3.7413,13.6726,3.7413,resolved_win
sig_402_AAL,AAL,2026-03-01T21:45:10.631481,1,,resolved_loss,-1.9774,-21.0452,-1.9774,resolved_loss
sig_403_ASTS,ASTS,2026-03-01T21:45:10.631481,1,,resolved_win,17.4962,8.7511,17.4962,resolved_win
sig_404_AFRM,AFRM,2026-03-01T21:45:10.631481,0,,resolved_loss,-3.3595,0.1065,-3.3595,resolved_loss
sig_405_AUR,AUR,2026-03-01T21:45:10.631481,2,,resolved_win,14.2899,8.4908,14.2899,resolved_win
sig_406_BULL,BULL,2026-03-01T21:45:10.631481,1,,resolved_loss,-2.5855,-9.0909,-2.5855,resolved_loss
sig_407_ALAB,ALAB,2026-03-01T21:45:10.631481,1,,resolved_loss,-4.5108,-13.9008,-4.5108,resolved_loss
sig_408_CRSP,CRSP,2026-03-01T21:45:10.631481,1,,resolved_win,6.1301,17.8065,6.1301,resolved_win
sig_409_DAVE,DAVE,2026-03-01T21:45:10.631481,1,,resolved_win,8.6904,34.2828,8.6904,resolved_win
sig_410_ACMR,ACMR,2026-03-01T21:45:10.631481,1,,resolved_loss,-2.9017,-29.922,-2.9017,resolved_loss
sig_411_ADMA,ADMA,2026-03-01T21:45:10.631481,1,,resolved_win,5.1409,-2.3465,5.1409,resolved_win
sig_412_AMKR,AMKR,2026-03-01T21:45:10.631481,3,,resolved_loss,-2.5086,-18.3793,-2.5086,resolved_loss
sig_413_BRKR,BRKR,2026-03-01T21:45:10.631481,0,,resolved_loss,-4.4205,-2.7612,-4.4205,resolved_loss
sig_414_ASO,ASO,2026-03-01T21:45:10.631481,2,,resolved_loss,-0.9224,0.7542,-0.9224,resolved_loss
sig_415_CAKE,CAKE,2026-03-01T21:45:10.631481,1,,resolved_win,3.8303,0.9457,3.8303,resolved_win
sig_416_FRPT,FRPT,2026-03-01T21:45:10.631481,1,,resolved_win,5.1339,22.2666,5.1339,resolved_win
sig_417_INOD,INOD,2026-03-01T21:45:10.631481,1,,resolved_win,8.5203,7.7566,8.5203,resolved_win
sig_418_KYMR,KYMR,2026-03-01T21:45:10.631481,2,,resolved_win,4.0086,-0.0957,4.0086,resolved_win
sig_419_LGND,LGND,2026-03-01T21:45:10.631481,1,,resolved_win,6.8159,11.2918,6.8159,resolved_win
sig_420_AXSM,AXSM,2026-03-01T21:45:10.631481,1,,resolved_loss,-1.264,-11.5561,-1.264,resolved_loss
sig_421_BIIB,BIIB,2026-03-01T21:45:10.631481,1,,resolved_loss,-0.763,-5.0171,-0.763,resolved_loss
sig_422_AMGN,AMGN,2026-03-01T21:45:10.631481,1,,resolved_win,2.0885,-0.261,2.0885,resolved_win
sig_423_ADBE,ADBE,2026-03-01T21:45:10.631481,0,,resolved_win,4.0515,12.12,4.0515,resolved_win
sig_424_ADSK,ADSK,2026-03-01T21:45:10.631481,0,,resolved_win,4.2151,13.9993,4.2151,resolved_win
sig_425_BSY,BSY,2026-03-01T21:45:10.631481,2,,resolved_win,4.7019,16.1326,4.7019,resolved_win
sig_426_BL,BL,2026-03-01T21:45:10.631481,0,,resolved_loss,-3.1596,-6.4152,-3.1596,resolved_loss
sig_427_APPF,APPF,2026-03-01T21:45:10.631481,0,,resolved_win,5.5843,10.0576,5.5843,resolved_win
sig_428_FIVN,FIVN,2026-03-01T21:45:10.631481,1,,resolved_win,7.8304,11.9777,7.8304,resolved_win
sig_429_ALGN,ALGN,2026-03-01T21:45:10.631481,0,,resolved_loss,-0.7886,-10.3139,-0.7886,resolved_loss
sig_430_ATRC,ATRC,2026-03-01T21:45:10.631481,1,,resolved_loss,-3.6274,-4.8947,-3.6274,resolved_loss
sig_431_LMAT,LMAT,2026-03-01T21:45:10.631481,1,,resolved_win,2.2455,23.0747,2.2455,resolved_win
sig_432_LNTH,LNTH,2026-03-01T21:45:10.631481,1,,resolved_win,4.6763,8.753,4.6763,resolved_win
sig_433_ACHC,ACHC,2026-03-01T21:45:10.631481,3,,resolved_win,6.7754,60.7277,6.7754,resolved_win
sig_434_ALHC,ALHC,2026-03-01T21:45:10.631481,1,,resolved_loss,-1.5239,-7.8691,-1.5239,resolved_loss
sig_435_ADUS,ADUS,2026-03-01T21:45:10.631481,2,,resolved_loss,-0.8572,-9.7183,-0.8572,resolved_loss
sig_436_ACHV,ACHV,2026-03-01T21:45:10.631481,1,,resolved_win,6.8966,5.1724,6.8966,resolved_win
sig_437_BRKR,BRKR,2026-03-01T21:45:10.631481,0,,resolved_loss,-4.4205,-2.7612,-4.4205,resolved_loss
sig_438_BIIB,BIIB,2026-03-01T21:45:10.631481,1,,resolved_loss,-0.763,-5.0171,-0.763,resolved_loss
sig_439_AMGN,AMGN,2026-03-01T21:45:10.631481,1,,resolved_win,2.0885,-0.261,2.0885,resolved_win
sig_440_ACAD,ACAD,2026-03-01T21:45:10.631481,0,,resolved_win,3.8048,0.3628,3.8048,resolved_win
sig_441_ACLX,ACLX,2026-03-01T21:45:10.631481,1,,resolved_win,5.9321,66.8442,5.9321,resolved_win
sig_442_ABVX,ABVX,2026-03-01T21:45:10.631481,2,,resolved_loss,-1.1557,-11.6382,-1.1557,resolved_loss
sig_443_CRSP,CRSP,2026-03-01T21:45:10.631481,1,,resolved_win,6.1301,17.8065,6.1301,resolved_win
sig_444_ABSI,ABSI,2026-03-01T21:45:10.631481,1,,resolved_win,7.7236,-3.252,7.7236,resolved_win
sig_445_ABEO,ABEO,2026-03-01T21:45:10.631481,1,,resolved_loss,-1.712,-2.3162,-1.712,resolved_loss
sig_446_ABOS,ABOS,2026-03-01T21:45:10.631481,1,,resolved_win,11.2971,38.4937,11.2971,resolved_win
sig_447_ACB,ACB,2026-03-01T21:45:10.631481,1,,resolved_win,4.142,3.8462,4.142,resolved_win
sig_448_ACET,ACET,2026-03-01T21:45:10.631481,1,,resolved_win,11.2444,9.2954,11.2444,resolved_win
sig_449_ACIU,ACIU,2026-03-01T21:45:10.631481,1,,resolved_loss,-1.7007,-5.102,-1.7007,resolved_loss
sig_450_ACTU,ACTU,2026-03-01T21:45:10.631481,0,,resolved_loss,-3.9604,-29.2079,-3.9604,resolved_loss
sig_451_ARDX,ARDX,2026-03-01T21:45:10.631481,2,,resolved_loss,-1.9663,-13.0618,-1.9663,resolved_loss
sig_452_ARCT,ARCT,2026-03-01T21:45:10.631481,1,,resolved_win,9.0153,-1.387,9.0153,resolved_win
sig_453_AQST,AQST,2026-03-01T21:45:10.631481,1,,resolved_win,6.5596,12.9853,6.5596,resolved_win
sig_454_ARTV,ARTV,2026-03-01T21:45:10.631481,1,,resolved_win,9.8701,49.0909,9.8701,resolved_win
sig_455_ATAI,ATAI,2026-03-01T21:45:10.631481,1,,resolved_loss,-2.5099,-10.4359,-2.5099,resolved_loss
sig_456_ABVC,ABVC,2026-03-01T21:45:10.631481,1,,resolved_loss,-3.6585,-18.2927,-3.6585,resolved_loss
sig_457_ADBE,ADBE,2026-03-01T21:45:10.631481,0,,resolved_win,4.0515,12.12,4.0515,resolved_win
sig_458_ADSK,ADSK,2026-03-01T21:45:10.631481,0,,resolved_win,4.2151,13.9993,4.2151,resolved_win
sig_459_BSY,BSY,2026-03-01T21:45:10.631481,2,,resolved_win,4.7019,16.1326,4.7019,resolved_win
sig_460_BL,BL,2026-03-01T21:45:10.631481,0,,resolved_loss,-3.1596,-6.4152,-3.1596,resolved_loss
sig_461_APPF,APPF,2026-03-01T21:45:10.631481,0,,resolved_win,5.5843,10.0576,5.5843,resolved_win
sig_462_FIVN,FIVN,2026-03-01T21:45:10.631481,1,,resolved_win,7.8304,11.9777,7.8304,resolved_win
sig_463_ACIW,ACIW,2026-03-01T21:45:10.631481,1,,resolved_win,5.4587,9.0466,5.4587,resolved_win
sig_464_ALKT,ALKT,2026-03-01T21:45:10.631481,0,,resolved_win,7.3892,5.0493,7.3892,resolved_win
sig_465_ALRM,ALRM,2026-03-01T21:45:10.631481,1,,resolved_win,3.3147,9.2222,3.3147,resolved_win
sig_466_AGYS,AGYS,2026-03-01T21:45:10.631481,0,,resolved_loss,-2.4144,-4.8228,-2.4144,resolved_loss
sig_467_INOD,INOD,2026-03-01T21:45:10.631481,1,,resolved_win,8.5203,7.7566,8.5203,resolved_win
sig_468_AEYE,AEYE,2026-03-01T21:45:10.631481,0,,resolved_win,8.7692,-6,8.7692,resolved_win
sig_469_AISP,AISP,2026-03-01T21:45:10.631481,1,,resolved_win,7.8838,9.9585,7.8838,resolved_win
sig_470_ADAM,ADAM,2026-03-01T21:45:10.631481,1,,resolved_loss,-1.1111,-4.4917,-1.1111,resolved_loss
sig_471_AUR,AUR,2026-03-01T21:45:10.631481,2,,resolved_win,14.2899,8.4908,14.2899,resolved_win
sig_472_AKAM,AKAM,2026-03-01T21:45:10.631481,2,,resolved_loss,-2.6766,-5.5235,-2.6766,resolved_loss
sig_473_AIOT,AIOT,2026-03-01T21:45:10.631481,0,,resolved_loss,-4.3243,-8.3784,-4.3243,resolved_loss
sig_474_ADP,ADP,2026-03-01T21:45:10.631481,0,,resolved_win,3.8873,6.8276,3.8873,resolved_win
sig_475_ACMR,ACMR,2026-03-01T21:45:10.631481,1,,resolved_loss,-2.9017,-29.922,-2.9017,resolved_loss
sig_476_ACLS,ACLS,2026-03-01T21:45:10.631481,2,,resolved_loss,-1.4233,-9.2675,-1.4233,resolved_loss
sig_477_AEIS,AEIS,2026-03-01T21:45:10.631481,1,,resolved_win,7.4146,-7.1366,7.4146,resolved_win
sig_478_CAMT,CAMT,2026-03-01T21:45:10.631481,2,,resolved_win,4.3993,-5.806,4.3993,resolved_win
sig_479_GDS,GDS,2026-03-01T21:45:10.631481,1,,resolved_loss,-2.6102,-12.5588,-2.6102,resolved_loss
sig_480_AMBA,AMBA,2026-03-01T21:45:10.631481,1,,resolved_loss,-2.2206,-18.4835,-2.2206,resolved_loss
sig_481_ALAB,ALAB,2026-03-01T21:45:10.631481,1,,resolved_loss,-4.5108,-13.9008,-4.5108,resolved_loss
sig_482_ADI,ADI,2026-03-01T21:45:10.631481,1,,resolved_win,2.5378,-6.8451,2.5378,resolved_win
sig_483_ALGM,ALGM,2026-03-01T21:45:10.631481,0,,resolved_loss,-1.3886,-24.8529,-1.3886,resolved_loss
sig_484_AMKR,AMKR,2026-03-01T21:45:10.631481,3,,resolved_loss,-2.5086,-18.3793,-2.5086,resolved_loss
sig_485_AIP,AIP,2026-03-01T21:45:10.631481,1,,resolved_win,7.0348,-0.8203,7.0348,resolved_win
sig_486_AAON,AAON,2026-03-01T21:45:10.631481,2,,resolved_win,5.2375,-14.0975,5.2375,resolved_win
sig_487_AFRM,AFRM,2026-03-01T21:45:10.631481,0,,resolved_loss,-3.3595,0.1065,-3.3595,resolved_loss
sig_488_DAVE,DAVE,2026-03-01T21:45:10.631481,1,,resolved_win,8.6904,34.2828,8.6904,resolved_win
sig_489_BULL,BULL,2026-03-01T21:45:10.631481,1,,resolved_loss,-2.5855,-9.0909,-2.5855,resolved_loss
sig_490_GCMG,GCMG,2026-03-01T21:45:10.631481,2,,resolved_loss,-1.9489,-3.4809,-1.9489,resolved_loss
sig_491_ACGL,ACGL,2026-03-01T21:45:10.631481,1,,resolved_win,2.0589,-2.3702,2.0589,resolved_win
sig_492_ACT,ACT,2026-03-01T21:45:10.631481,1,,resolved_loss,-0.7345,-5.4241,-0.7345,resolved_loss
sig_493_NMIH,NMIH,2026-03-01T21:45:10.631481,1,,resolved_loss,-0.9286,-6.4272,-0.9286,resolved_loss
sig_494_BHF,BHF,2026-03-01T21:45:10.631481,1,,resolved_loss,-0.2504,-7.3854,-0.2504,resolved_loss
sig_495_BWIN,BWIN,2026-03-01T21:45:10.631481,0,,resolved_win,7.985,31.1915,7.985,resolved_win
sig_496_BOKF,BOKF,2026-03-01T21:45:10.631481,1,,resolved_loss,-1.0214,-6.1533,-1.0214,resolved_loss
sig_497_BANR,BANR,2026-03-01T21:45:10.631481,1,,resolved_loss,-0.7695,-6.4105,-0.7695,resolved_loss
sig_498_BUSE,BUSE,2026-03-01T21:45:10.631481,1,,resolved_loss,-0.7263,-4.9548,-0.7263,resolved_loss
sig_499_AFBI,AFBI,2026-03-01T21:45:10.631481,2,,resolved_loss,-0.5778,-3.948,-0.5778,resolved_loss
sig_500_AAME,AAME,2026-03-01T21:45:10.631481,1,,resolved_loss,-3.4483,0.3831,-3.4483,resolved_loss
sig_501_AIFU,AIFU,2026-03-01T21:45:10.631481,1,,resolved_win,14.7929,12.426,14.7929,resolved_win
sig_502_AGNC,AGNC,2026-03-01T21:45:10.631481,1,,resolved_loss,-1.0426,-10.7121,-1.0426,resolved_loss
sig_503_ACR,ACR,2026-03-01T21:45:10.631481,1,,resolved_win,4.2958,3.4258,4.2958,resolved_win
sig_504_ACRE,ACRE,2026-03-01T21:45:10.631481,1,,resolved_loss,-1.1009,-8.7827,-1.1009,resolved_loss
sig_505_AEI,AEI,2026-03-01T21:45:10.631481,1,,resolved_loss,-5.0193,-40.1544,-5.0193,resolved_loss
sig_506_AFCG,AFCG,2026-03-01T21:45:10.631481,2,,resolved_loss,-2.2422,15.2636,-2.2422,resolved_loss
sig_507_AIRE,AIRE,2026-03-01T21:45:10.631481,1,,resolved_win,14.8294,2245.8006,14.8294,resolved_win
sig_508_ACTG,ACTG,2026-03-01T21:45:10.631481,1,,resolved_win,6.1481,2.3839,6.1481,resolved_win
sig_509_ALVO,ALVO,2026-03-01T21:45:10.631481,1,,resolved_loss,-2.3305,-15.0424,-2.3305,resolved_loss
sig_510_ABAT,ABAT,2026-03-01T21:45:10.631481,1,,resolved_loss,-4,-13.0323,-4,resolved_loss
sig_511_AMSC,AMSC,2026-03-01T21:45:10.631481,3,,resolved_loss,-2.672,-17.3011,-2.672,resolved_loss
sig_512_ACDC,ACDC,2026-03-01T21:45:10.631481,1,,resolved_loss,-3.0361,2.4668,-3.0361,resolved_loss
sig_513_APA,APA,2026-03-01T21:45:10.631481,1,,resolved_win,3.2013,17.4271,3.2013,resolved_win
sig_514_AEP,AEP,2026-03-01T21:45:10.631481,1,,resolved_win,2.6061,2.1529,2.6061,resolved_win
sig_515_HON,HON,2026-03-01T21:45:10.631481,0,,resolved_loss,-0.5487,-3.4637,-0.5487,resolved_loss
sig_516_UNP,UNP,2026-03-01T21:45:10.631481,0,,resolved_win,2.0003,-3.1282,2.0003,resolved_win
sig_517_UPS,UPS,2026-03-01T21:45:10.631481,1,,resolved_loss,-1.0235,-15.206,-1.0235,resolved_loss
sig_518_CAT,CAT,2026-03-01T21:45:10.631481,2,,resolved_loss,-0.8915,-12.5751,-0.8915,resolved_loss
sig_519_DE,DE,2026-03-01T21:45:10.631481,2,,resolved_win,2.5913,-4.79,2.5913,resolved_win
sig_520_MMM,MMM,2026-03-01T21:45:10.631481,2,,resolved_loss,-0.5786,-11.6932,-0.5786,resolved_loss
sig_521_GE,GE,2026-03-01T21:45:10.631481,2,,resolved_win,2.8848,1.1141,2.8848,resolved_win
sig_522_RTX,RTX,2026-03-01T21:45:10.631481,1,,resolved_win,3.0244,5.0305,3.0244,resolved_win
sig_523_LMT,LMT,2026-03-01T21:45:10.631481,1,,resolved_win,2.1328,4.0505,2.1328,resolved_win
sig_524_BA,BA,2026-03-01T21:45:10.631481,1,,resolved_loss,-1.5895,-3.8324,-1.5895,resolved_loss
sig_525_EMR,EMR,2026-03-01T21:45:10.631481,2,,resolved_loss,-1.8853,-6.2118,-1.8853,resolved_loss
sig_526_ITW,ITW,2026-03-01T21:45:10.631481,0,,resolved_loss,-0.5607,-8.6264,-0.5607,resolved_loss
sig_527_ETN,ETN,2026-03-01T21:45:10.631481,2,,resolved_loss,-0.9818,-13.1918,-0.9818,resolved_loss
sig_528_PH,PH,2026-03-01T21:45:10.631481,1,,resolved_win,2.2093,-6.7061,2.2093,resolved_win
sig_529_ROK,ROK,2026-03-01T21:45:10.631481,1,,resolved_loss,-2.802,-7.5958,-2.802,resolved_loss
sig_530_AME,AME,2026-03-01T21:45:10.631481,0,,resolved_win,2.2258,-5.2243,2.2258,resolved_win
sig_531_AAON,AAON,2026-03-01T21:45:10.631481,2,,resolved_win,5.2375,-14.0975,5.2375,resolved_win
sig_532_AEIS,AEIS,2026-03-01T21:45:10.631481,1,,resolved_win,7.4146,-7.1366,7.4146,resolved_win
sig_533_ALNT,ALNT,2026-03-01T21:45:10.631481,1,,resolved_loss,-1.4522,0.6904,-1.4522,resolved_loss
sig_534_ANDE,ANDE,2026-03-01T21:45:10.631481,0,,resolved_loss,-0.8655,-6.3055,-0.8655,resolved_loss
sig_535_BCPC,BCPC,2026-03-01T21:45:10.631481,1,,resolved_win,2.8544,-1.3174,2.8544,resolved_win
sig_536_BRKR,BRKR,2026-03-01T21:45:10.631481,0,,resolved_loss,-4.4205,-2.7612,-4.4205,resolved_loss
sig_537_ACDC,ACDC,2026-03-01T21:45:10.631481,1,,resolved_loss,-3.0361,2.4668,-3.0361,resolved_loss
sig_538_ARQ,ARQ,2026-03-01T21:45:10.631481,1,,resolved_loss,-2.0862,-10.7093,-2.0862,resolved_loss
sig_539_AMTX,AMTX,2026-03-01T21:45:10.631481,1,,resolved_loss,-2.7211,-4.7619,-2.7211,resolved_loss
sig_540_AUR,AUR,2026-03-01T21:45:10.631481,2,,resolved_win,14.2899,8.4908,14.2899,resolved_win
sig_541_ACU,ACU,2026-03-01T21:45:10.631481,2,,resolved_loss,-1.4905,-4.3649,-1.4905,resolved_loss
sig_542_ACNT,ACNT,2026-03-01T21:45:10.631481,1,,resolved_loss,-0.6261,-24.5304,-0.6261,resolved_loss
sig_543_XOM,XOM,2026-03-01T21:45:10.631481,2,,resolved_win,2.1516,-2.3722,2.1516,resolved_win
sig_544_CVX,CVX,2026-03-01T21:45:10.631481,0,,resolved_win,1.6712,2.016,1.6712,resolved_win
sig_545_COP,COP,2026-03-01T21:45:10.631481,2,,resolved_win,2.2238,4.4129,2.2238,resolved_win
sig_546_EOG,EOG,2026-03-01T21:45:10.631481,2,,resolved_win,2.2027,10.8642,2.2027,resolved_win
sig_547_SLB,SLB,2026-03-01T21:45:10.631481,1,,resolved_loss,-1.2666,-9.0893,-1.2666,resolved_loss
sig_548_OXY,OXY,2026-03-01T21:45:10.631481,2,,resolved_win,2.4411,15.9774,2.4411,resolved_win
sig_549_PSX,PSX,2026-03-01T21:45:10.631481,0,,resolved_loss,-0.7241,2.8488,-0.7241,resolved_loss
sig_550_VLO,VLO,2026-03-01T21:45:10.631481,2,,resolved_win,2.6577,10.0344,2.6577,resolved_win
sig_551_MPC,MPC,2026-03-01T21:45:10.631481,1,,resolved_loss,-0.6889,6.9468,-0.6889,resolved_loss
sig_552_DVN,DVN,2026-03-01T21:45:10.631481,1,,resolved_loss,-0.7448,-0.1379,-0.7448,resolved_loss
sig_553_FANG,FANG,2026-03-01T21:45:10.631481,3,,resolved_win,2.4452,6.307,2.4452,resolved_win
sig_554_APA,APA,2026-03-01T21:45:10.631481,1,,resolved_win,3.2013,17.4271,3.2013,resolved_win
sig_555_HAL,HAL,2026-03-01T21:45:10.631481,1,,resolved_win,4.0012,-2.4014,4.0012,resolved_win
sig_556_BKR,BKR,2026-03-01T21:45:10.631481,2,,resolved_win,2.6501,-3.3785,2.6501,resolved_win
sig_557_OVV,OVV,2026-03-01T21:45:10.631481,1,,resolved_win,2.7671,11.4643,2.7671,resolved_win
sig_558_CTRA,CTRA,2026-03-01T21:45:10.631481,0,,resolved_loss,-0.7049,-1.296,-0.7049,resolved_loss
sig_559_RRC,RRC,2026-03-01T21:45:10.631481,2,,resolved_win,3.0478,13.6552,3.0478,resolved_win
sig_560_EQT,EQT,2026-03-01T21:45:10.631481,2,,resolved_win,3.0096,8.4248,3.0096,resolved_win
sig_561_AR,AR,2026-03-01T21:45:10.631481,1,,resolved_win,5.2738,12.5181,5.2738,resolved_win
sig_562_MTDR,MTDR,2026-03-01T21:45:10.631481,1,,resolved_win,2.8517,18.6048,2.8517,resolved_win
sig_563_CHRD,CHRD,2026-03-01T21:45:10.631481,1,,resolved_win,2.7403,17.351,2.7403,resolved_win
sig_564_GPOR,GPOR,2026-03-01T21:45:10.631481,1,,resolved_win,4.933,6.8739,4.933,resolved_win
sig_565_CNX,CNX,2026-03-01T21:45:10.631481,1,,resolved_win,2.9457,5.3581,2.9457,resolved_win
sig_566_NOG,NOG,2026-03-01T21:45:10.631481,1,,resolved_win,3.451,10.8934,3.451,resolved_win
sig_567_SM,SM,2026-03-01T21:45:10.631481,1,,resolved_win,3.8157,19.0048,3.8157,resolved_win
sig_568_NVDA,NVDA,2026-03-01T21:45:10.631481,1,,resolved_loss,-0.8186,-4.9792,-0.8186,resolved_loss
sig_569_MSFT,MSFT,2026-03-01T21:45:10.631481,1,,resolved_loss,-1.0451,1.5418,-1.0451,resolved_loss
sig_570_GOOGL,GOOGL,2026-03-01T21:45:10.631481,2,,resolved_loss,-1.388,-3.5421,-1.388,resolved_loss
sig_571_META,META,2026-03-01T21:45:10.631481,1,,resolved_loss,-1.2983,-0.8322,-1.2983,resolved_loss
sig_572_AMD,AMD,2026-03-01T21:45:10.631481,1,,resolved_loss,-1.9085,-6.5511,-1.9085,resolved_loss
sig_573_AVGO,AVGO,2026-03-01T21:45:10.631481,1,,resolved_loss,-1.5738,-0.3811,-1.5738,resolved_loss
sig_574_MRVL,MRVL,2026-03-01T21:45:10.631481,1,,resolved_win,4.6274,14.4384,4.6274,resolved_win
sig_575_ARM,ARM,2026-03-01T21:45:10.631481,1,,resolved_loss,-1.1299,-6.3457,-1.1299,resolved_loss
sig_576_PLTR,PLTR,2026-03-01T21:45:10.631481,2,,resolved_win,5.3447,21.7351,5.3447,resolved_win
sig_577_AI,AI,2026-03-01T21:45:10.631481,1,,resolved_loss,-2.3569,-11.5921,-2.3569,resolved_loss
sig_578_PATH,PATH,2026-03-01T21:45:10.631481,0,,resolved_loss,-2.3692,6.0349,-2.3692,resolved_loss
sig_579_SNOW,SNOW,2026-03-01T21:45:10.631481,1,,resolved_loss,-1.9674,4.4324,-1.9674,resolved_loss
sig_580_MDB,MDB,2026-03-01T21:45:10.631481,1,,resolved_loss,-2.7818,-24.1552,-2.7818,resolved_loss
sig_581_DDOG,DDOG,2026-03-01T21:45:10.631481,2,,resolved_loss,-2.2675,-0.3013,-2.2675,resolved_loss
sig_582_CRWD,CRWD,2026-03-01T21:45:10.631481,1,,resolved_loss,-1.6347,4.2022,-1.6347,resolved_loss
sig_583_PANW,PANW,2026-03-01T21:45:10.631481,2,,resolved_loss,-1.8013,1.4693,-1.8013,resolved_loss
sig_584_ZS,ZS,2026-03-01T21:45:10.631481,0,,resolved_loss,-1.848,-4.0585,-1.848,resolved_loss
sig_585_S,S,2026-03-01T21:45:10.631481,1,,resolved_loss,-1.9917,6.6516,-1.9917,resolved_loss
sig_586_ESTC,ESTC,2026-03-01T21:45:10.631481,2,,resolved_loss,-2.4015,-11.0136,-2.4015,resolved_loss
sig_587_CFLT,CFLT,2026-03-01T21:45:10.631481,2,,open,,,,
sig_588_GTLB,GTLB,2026-03-01T21:45:10.631481,1,,resolved_loss,-2.0636,-15.7307,-2.0636,resolved_loss
sig_589_FROG,FROG,2026-03-01T21:45:10.631481,2,,resolved_loss,-2.9889,-23.9389,-2.9889,resolved_loss
sig_590_DOCN,DOCN,2026-03-01T21:45:10.631481,1,,resolved_loss,-1.7249,-14.615,-1.7249,resolved_loss
sig_591_INOD,INOD,2026-03-01T21:45:10.631481,1,,resolved_loss,-3.0094,3.7216,-3.0094,resolved_loss
sig_592_BBAI,BBAI,2026-03-01T21:45:10.631481,1,,resolved_loss,-3.4063,3.4063,-3.4063,resolved_loss
sig_593_SOUN,SOUN,2026-03-01T21:45:10.631481,1,,resolved_win,7.8261,7.9599,7.8261,resolved_win
sig_594_PRCT,PRCT,2026-03-01T21:45:10.631481,1,,resolved_loss,-2.4234,-13.685,-2.4234,resolved_loss
sig_595_KARO,KARO,2026-03-01T21:45:10.631481,2,,resolved_loss,-2.8131,-4.5175,-2.8131,resolved_loss
sig_596_GFAI,GFAI,2026-03-01T21:45:10.631481,1,,resolved_win,7.9692,56.0411,7.9692,resolved_win
sig_597_AISP,AISP,2026-03-01T21:45:10.631481,1,,resolved_win,6.1728,9.0535,6.1728,resolved_win
sig_598_AAPL,AAPL,2026-03-01T21:45:10.631481,1,,resolved_win,2.6034,0.5484,2.6034,resolved_win
sig_599_MSFT,MSFT,2026-03-01T21:45:10.631481,1,,resolved_loss,-0.9772,1.724,-0.9772,resolved_loss
sig_600_GOOGL,GOOGL,2026-03-01T21:45:10.631481,1,,resolved_loss,-1.05,-2.482,-1.05,resolved_loss
sig_601_GOOG,GOOG,2026-03-01T21:45:10.631481,1,,resolved_loss,-1.0359,-2.6499,-1.0359,resolved_loss
sig_602_META,META,2026-03-01T21:45:10.631481,1,,resolved_win,2.9277,0.7109,2.9277,resolved_win
sig_603_AMZN,AMZN,2026-03-01T21:45:10.631481,1,,resolved_win,2.7368,7.2647,2.7368,resolved_win
sig_604_NVDA,NVDA,2026-03-01T21:45:10.631481,1,,resolved_loss,-1.3759,-2.8348,-1.3759,resolved_loss
sig_605_TSLA,TSLA,2026-03-01T21:45:10.631481,2,,resolved_loss,-1.3272,-4.9566,-1.3272,resolved_loss
sig_606_ADBE,ADBE,2026-03-01T21:45:10.631481,0,,resolved_loss,-1.3108,7.4481,-1.3108,resolved_loss
sig_607_CRM,CRM,2026-03-01T21:45:10.631481,0,,resolved_win,3.7822,5.9997,3.7822,resolved_win
sig_608_ORCL,ORCL,2026-03-01T21:45:10.631481,2,,resolved_loss,-1.7869,-4.7625,-1.7869,resolved_loss
sig_609_INTC,INTC,2026-03-01T21:45:10.631481,1,,resolved_loss,-1.646,-7.1826,-1.646,resolved_loss
sig_610_AMD,AMD,2026-03-01T21:45:10.631481,1,,resolved_loss,-1.6208,-7.1732,-1.6208,resolved_loss
sig_611_AVGO,AVGO,2026-03-01T21:45:10.631481,1,,resolved_loss,-1.5133,1.439,-1.5133,resolved_loss
sig_612_QCOM,QCOM,2026-03-01T21:45:10.631481,2,,resolved_loss,-1.0443,-3.9566,-1.0443,resolved_loss
sig_613_TXN,TXN,2026-03-01T21:45:10.631481,0,,resolved_loss,-0.5702,-15.0187,-0.5702,resolved_loss
sig_614_MU,MU,2026-03-01T21:45:10.631481,1,,resolved_loss,-2.2247,-10.1024,-2.2247,resolved_loss
sig_615_AMAT,AMAT,2026-03-01T21:45:10.631481,3,,resolved_loss,-1.6202,-8.6092,-1.6202,resolved_loss
sig_616_LRCX,LRCX,2026-03-01T21:45:10.631481,1,,resolved_loss,-1.8847,-15.3692,-1.8847,resolved_loss
sig_617_KLAC,KLAC,2026-03-01T21:45:10.631481,1,,resolved_loss,-1.6568,-90.8294,-1.6568,resolved_loss
sig_618_SNPS,SNPS,2026-03-01T21:45:10.631481,1,,resolved_loss,-1.6556,0.0229,-1.6556,resolved_loss
sig_619_CDNS,CDNS,2026-03-01T21:45:10.631481,2,,resolved_loss,-1.3318,-0.8878,-1.3318,resolved_loss
sig_620_MRVL,MRVL,2026-03-01T21:45:10.631481,1,,resolved_win,3.8036,13.8852,3.8036,resolved_win
sig_621_ADI,ADI,2026-03-01T21:45:10.631481,1,,resolved_win,2.0251,-6.6159,2.0251,resolved_win
sig_622_NXPI,NXPI,2026-03-01T21:45:10.631481,2,,resolved_loss,-0.7448,-17.8711,-0.7448,resolved_loss
sig_623_MCHP,MCHP,2026-03-01T21:45:10.631481,1,,resolved_loss,-1.2597,-17.9965,-1.2597,resolved_loss
sig_624_ON,ON,2026-03-01T21:45:10.631481,1,,resolved_loss,-0.9554,-21.2545,-0.9554,resolved_loss
sig_625_SWKS,SWKS,2026-03-01T21:45:10.631481,1,,resolved_loss,-1.2383,-12.612,-1.2383,resolved_loss
sig_626_QRVO,QRVO,2026-03-01T21:45:10.631481,1,,resolved_loss,-0.634,-7.9931,-0.634,resolved_loss
sig_627_MPWR,MPWR,2026-03-01T21:45:10.631481,1,,resolved_loss,-1.6614,-12.8233,-1.6614,resolved_loss
sig_628_AAPL,AAPL,2026-03-01T21:45:10.631481,1,,resolved_win,2.6034,0.5484,2.6034,resolved_win
sig_629_ABNB,ABNB,2026-03-01T21:45:10.631481,2,,resolved_win,5.1331,9.7718,5.1331,resolved_win
sig_630_AAL,AAL,2026-03-01T21:45:10.631481,1,,resolved_loss,-1.9085,-19.4815,-1.9085,resolved_loss
sig_631_ASTS,ASTS,2026-03-01T21:45:10.631481,1,,resolved_loss,-3.1613,8.3757,-3.1613,resolved_loss
sig_632_AFRM,AFRM,2026-03-01T21:45:10.631481,1,,resolved_loss,-2.5281,3.7319,-2.5281,resolved_loss
sig_633_AUR,AUR,2026-03-01T21:45:10.631481,3,,resolved_win,5.673,-0.1112,5.673,resolved_win
sig_634_BULL,BULL,2026-03-01T21:45:10.631481,1,,resolved_loss,-2.5,-9.1667,-2.5,resolved_loss
sig_635_ALAB,ALAB,2026-03-01T21:45:10.631481,2,,resolved_loss,-3.0235,-7.8256,-3.0235,resolved_loss
sig_636_CRSP,CRSP,2026-03-01T21:45:10.631481,3,,resolved_win,6.1817,6.4832,6.1817,resolved_win
sig_637_ACMR,ACMR,2026-03-01T21:45:10.631481,1,,resolved_loss,-1.6179,-30.7858,-1.6179,resolved_loss
sig_638_ADMA,ADMA,2026-03-01T21:45:10.631481,2,,resolved_win,3.9801,-4.291,3.9801,resolved_win
sig_639_AMKR,AMKR,2026-03-01T21:45:10.631481,2,,resolved_loss,-2.93,-12.5554,-2.93,resolved_loss
sig_640_BRKR,BRKR,2026-03-01T21:45:10.631481,1,,resolved_win,5.9307,0.3287,5.9307,resolved_win
sig_641_ASO,ASO,2026-03-01T21:45:10.631481,1,,resolved_loss,-1.4846,2.5251,-1.4846,resolved_loss
sig_642_CAKE,CAKE,2026-03-01T21:45:10.631481,1,,resolved_win,2.9146,4.6621,2.9146,resolved_win
sig_643_FRPT,FRPT,2026-03-01T21:45:10.631481,1,,resolved_win,4.5984,21.7981,4.5984,resolved_win
sig_644_INOD,INOD,2026-03-01T21:45:10.631481,1,,resolved_loss,-2.522,1.6663,-2.522,resolved_loss
sig_645_KYMR,KYMR,2026-03-01T21:45:10.631481,1,,resolved_win,3.6412,1.3351,3.6412,resolved_win
sig_646_LGND,LGND,2026-03-01T21:45:10.631481,1,,resolved_win,3.5948,10.1353,3.5948,resolved_win
sig_647_AXSM,AXSM,2026-03-01T21:45:10.631481,1,,resolved_loss,-1.1865,-10.4189,-1.1865,resolved_loss
sig_648_BIIB,BIIB,2026-03-01T21:45:10.631481,1,,resolved_loss,-0.7531,-5.9234,-0.7531,resolved_loss
sig_649_AMGN,AMGN,2026-03-01T21:45:10.631481,1,,resolved_win,1.7362,-0.6608,1.7362,resolved_win
sig_650_ADBE,ADBE,2026-03-01T21:45:10.631481,0,,resolved_loss,-1.3108,7.4481,-1.3108,resolved_loss
sig_651_ADSK,ADSK,2026-03-01T21:45:10.631481,1,,resolved_win,3.7782,12.8215,3.7782,resolved_win
sig_652_BSY,BSY,2026-03-01T21:45:10.631481,3,,resolved_win,3.6049,16.1836,3.6049,resolved_win
sig_653_BL,BL,2026-03-01T21:45:10.631481,0,,resolved_loss,-2.0192,-3.2617,-2.0192,resolved_loss
sig_654_APPF,APPF,2026-03-01T21:45:10.631481,1,,resolved_loss,-1.4332,7.0261,-1.4332,resolved_loss
sig_655_FIVN,FIVN,2026-03-01T21:45:10.631481,1,,resolved_win,5.5489,7.9356,5.5489,resolved_win
sig_656_NVDA,NVDA,2026-03-01T21:45:10.631481,1,,resolved_loss,-1.3759,-2.8348,-1.3759,resolved_loss
sig_657_MSFT,MSFT,2026-03-01T21:45:10.631481,1,,resolved_loss,-0.9772,1.724,-0.9772,resolved_loss
sig_658_GOOGL,GOOGL,2026-03-01T21:45:10.631481,1,,resolved_loss,-1.05,-2.482,-1.05,resolved_loss
sig_659_META,META,2026-03-01T21:45:10.631481,1,,resolved_win,2.9277,0.7109,2.9277,resolved_win
sig_660_AMD,AMD,2026-03-01T21:45:10.631481,1,,resolved_loss,-1.6208,-7.1732,-1.6208,resolved_loss
sig_661_AVGO,AVGO,2026-03-01T21:45:10.631481,1,,resolved_loss,-1.5133,1.439,-1.5133,resolved_loss
sig_662_MRVL,MRVL,2026-03-01T21:45:10.631481,1,,resolved_win,3.8036,13.8852,3.8036,resolved_win
sig_663_ARM,ARM,2026-03-01T21:45:10.631481,1,,resolved_loss,-1.0132,-8.7442,-1.0132,resolved_loss
sig_664_PLTR,PLTR,2026-03-01T21:45:10.631481,1,,resolved_win,4.8771,19.577,4.8771,resolved_win
sig_665_AI,AI,2026-03-01T21:45:10.631481,1,,resolved_loss,-2.6902,-14.7495,-2.6902,resolved_loss
sig_666_PATH,PATH,2026-03-01T21:45:10.631481,1,,resolved_loss,-2.34,4.7241,-2.34,resolved_loss
sig_667_SNOW,SNOW,2026-03-01T21:45:10.631481,3,,resolved_loss,-2.057,-0.9984,-2.057,resolved_loss
sig_668_MDB,MDB,2026-03-01T21:45:10.631481,2,,resolved_loss,-2.4629,-26.5566,-2.4629,resolved_loss
sig_669_DDOG,DDOG,2026-03-01T21:45:10.631481,2,,resolved_loss,-2.3315,0.4072,-2.3315,resolved_loss
sig_670_CRWD,CRWD,2026-03-01T21:45:10.631481,2,,resolved_loss,-1.5983,-0.1931,-1.5983,resolved_loss
sig_671_PANW,PANW,2026-03-01T21:45:10.631481,2,,resolved_loss,-1.4496,-1.1321,-1.4496,resolved_loss
sig_672_ZS,ZS,2026-03-01T21:45:10.631481,1,,resolved_loss,-1.7884,-7.733,-1.7884,resolved_loss
sig_673_S,S,2026-03-01T21:45:10.631481,2,,resolved_loss,-1.7291,2.2334,-1.7291,resolved_loss
sig_674_ESTC,ESTC,2026-03-01T21:45:10.631481,1,,resolved_loss,-1.9662,-12.6909,-1.9662,resolved_loss
sig_675_CFLT,CFLT,2026-03-01T21:45:10.631481,1,,open,,,,
sig_676_GTLB,GTLB,2026-03-01T21:45:10.631481,1,,resolved_loss,-1.9289,-15.7022,-1.9289,resolved_loss
sig_677_FROG,FROG,2026-03-01T21:45:10.631481,3,,resolved_loss,-3.6815,-21.3525,-3.6815,resolved_loss
sig_678_DOCN,DOCN,2026-03-01T21:45:10.631481,1,,resolved_loss,-1.9375,-20.0793,-1.9375,resolved_loss
sig_679_INOD,INOD,2026-03-01T21:45:10.631481,1,,resolved_loss,-2.522,1.6663,-2.522,resolved_loss
sig_680_BBAI,BBAI,2026-03-01T21:45:10.631481,1,,resolved_loss,-3.2337,4.1156,-3.2337,resolved_loss
sig_681_SOUN,SOUN,2026-03-01T21:45:10.631481,1,,resolved_win,7.2289,8.0321,7.2289,resolved_win
sig_682_PRCT,PRCT,2026-03-01T21:45:10.631481,1,,resolved_loss,-2.0518,-12.815,-2.0518,resolved_loss
sig_683_KARO,KARO,2026-03-01T21:45:10.631481,1,,resolved_loss,-2.1246,-4.0842,-2.1246,resolved_loss
sig_684_GFAI,GFAI,2026-03-01T21:45:10.631481,1,,resolved_win,5.2632,52.1303,5.2632,resolved_win
sig_685_AISP,AISP,2026-03-01T21:45:10.631481,1,,resolved_win,5.9305,8.3845,5.9305,resolved_win
sig_686_NVDA,NVDA,2026-03-01T21:45:10.631481,1,,resolved_loss,-1.3759,-2.8348,-1.3759,resolved_loss
sig_687_AMD,AMD,2026-03-01T21:45:10.631481,1,,resolved_loss,-1.6208,-7.1732,-1.6208,resolved_loss
sig_688_INTC,INTC,2026-03-01T21:45:10.631481,1,,resolved_loss,-1.646,-7.1826,-1.646,resolved_loss
sig_689_AVGO,AVGO,2026-03-01T21:45:10.631481,1,,resolved_loss,-1.5133,1.439,-1.5133,resolved_loss
sig_690_QCOM,QCOM,2026-03-01T21:45:10.631481,2,,resolved_loss,-1.0443,-3.9566,-1.0443,resolved_loss
sig_691_TXN,TXN,2026-03-01T21:45:10.631481,0,,resolved_loss,-0.5702,-15.0187,-0.5702,resolved_loss
sig_692_MU,MU,2026-03-01T21:45:10.631481,1,,resolved_loss,-2.2247,-10.1024,-2.2247,resolved_loss
sig_693_AMAT,AMAT,2026-03-01T21:45:10.631481,3,,resolved_loss,-1.6202,-8.6092,-1.6202,resolved_loss
sig_694_LRCX,LRCX,2026-03-01T21:45:10.631481,1,,resolved_loss,-1.8847,-15.3692,-1.8847,resolved_loss
sig_695_KLAC,KLAC,2026-03-01T21:45:10.631481,1,,resolved_loss,-1.6568,-90.8294,-1.6568,resolved_loss
sig_696_MRVL,MRVL,2026-03-01T21:45:10.631481,1,,resolved_win,3.8036,13.8852,3.8036,resolved_win
sig_697_ADI,ADI,2026-03-01T21:45:10.631481,1,,resolved_win,2.0251,-6.6159,2.0251,resolved_win
sig_698_NXPI,NXPI,2026-03-01T21:45:10.631481,2,,resolved_loss,-0.7448,-17.8711,-0.7448,resolved_loss
sig_699_MCHP,MCHP,2026-03-01T21:45:10.631481,1,,resolved_loss,-1.2597,-17.9965,-1.2597,resolved_loss
sig_700_ON,ON,2026-03-01T21:45:10.631481,1,,resolved_loss,-0.9554,-21.2545,-0.9554,resolved_loss
sig_701_SWKS,SWKS,2026-03-01T21:45:10.631481,1,,resolved_loss,-1.2383,-12.612,-1.2383,resolved_loss
sig_702_QRVO,QRVO,2026-03-01T21:45:10.631481,1,,resolved_loss,-0.634,-7.9931,-0.634,resolved_loss
sig_703_MPWR,MPWR,2026-03-01T21:45:10.631481,1,,resolved_loss,-1.6614,-12.8233,-1.6614,resolved_loss
sig_704_ALGM,ALGM,2026-03-01T21:45:10.631481,0,,resolved_loss,-1.227,-24.6579,-1.227,resolved_loss
sig_705_ACLS,ACLS,2026-03-01T21:45:10.631481,3,,resolved_loss,-1.2485,-12.9828,-1.2485,resolved_loss
sig_706_AMKR,AMKR,2026-03-01T21:45:10.631481,2,,resolved_loss,-2.93,-12.5554,-2.93,resolved_loss
sig_707_CAMT,CAMT,2026-03-01T21:45:10.631481,2,,resolved_win,3.9733,-8.9724,3.9733,resolved_win
sig_708_AOSL,AOSL,2026-03-01T21:45:10.631481,2,,resolved_loss,-2.2502,-12.3562,-2.2502,resolved_loss
sig_709_ACMR,ACMR,2026-03-01T21:45:10.631481,1,,resolved_loss,-1.6179,-30.7858,-1.6179,resolved_loss
sig_710_AEHR,AEHR,2026-03-01T21:45:10.631481,1,,resolved_win,8.9681,23.3033,8.9681,resolved_win
sig_711_ARM,ARM,2026-03-01T21:45:10.631481,1,,resolved_loss,-1.0132,-8.7442,-1.0132,resolved_loss
sig_712_CRUS,CRUS,2026-03-01T21:45:10.631481,2,,resolved_loss,-0.7536,-9.8659,-0.7536,resolved_loss
sig_713_DIOD,DIOD,2026-03-01T21:45:10.631481,2,,resolved_loss,-1.0974,-12.9291,-1.0974,resolved_loss
sig_714_FORM,FORM,2026-03-01T21:45:10.631481,0,,resolved_loss,-1.4679,-12.1253,-1.4679,resolved_loss
sig_715_MKSI,MKSI,2026-03-01T21:45:10.631481,1,,resolved_loss,-1.2764,-19.5701,-1.2764,resolved_loss
sig_716_NVDA,NVDA,2026-03-01T21:45:10.631481,1,,resolved_loss,-1.3759,-2.8348,-1.3759,resolved_loss
sig_717_TSLA,TSLA,2026-03-01T21:45:10.631481,2,,resolved_loss,-1.3272,-4.9566,-1.3272,resolved_loss
sig_718_AMD,AMD,2026-03-01T21:45:10.631481,1,,resolved_loss,-1.6208,-7.1732,-1.6208,resolved_loss
sig_719_AVGO,AVGO,2026-03-01T21:45:10.631481,1,,resolved_loss,-1.5133,1.439,-1.5133,resolved_loss
sig_720_CRWD,CRWD,2026-03-01T21:45:10.631481,2,,resolved_loss,-1.5983,-0.1931,-1.5983,resolved_loss
sig_721_DDOG,DDOG,2026-03-01T21:45:10.631481,2,,resolved_loss,-2.3315,0.4072,-2.3315,resolved_loss
sig_722_NET,NET,2026-03-01T21:45:10.631481,2,,resolved_loss,-1.5313,-0.3675,-1.5313,resolved_loss
sig_723_SNOW,SNOW,2026-03-01T21:45:10.631481,3,,resolved_loss,-2.057,-0.9984,-2.057,resolved_loss
sig_724_MDB,MDB,2026-03-01T21:45:10.631481,2,,resolved_loss,-2.4629,-26.5566,-2.4629,resolved_loss
sig_725_ZS,ZS,2026-03-01T21:45:10.631481,1,,resolved_loss,-1.7884,-7.733,-1.7884,resolved_loss
sig_726_PANW,PANW,2026-03-01T21:45:10.631481,2,,resolved_loss,-1.4496,-1.1321,-1.4496,resolved_loss
sig_727_FTNT,FTNT,2026-03-01T21:45:10.631481,1,,resolved_loss,-0.7362,-2.2318,-0.7362,resolved_loss
sig_728_ABNB,ABNB,2026-03-01T21:45:10.631481,2,,resolved_win,5.1331,9.7718,5.1331,resolved_win
sig_729_DASH,DASH,2026-03-01T21:45:10.631481,1,,resolved_win,4.7934,11.6811,4.7934,resolved_win
sig_730_UBER,UBER,2026-03-01T21:45:10.631481,1,,resolved_win,3.601,7.3592,3.601,resolved_win
sig_731_LYFT,LYFT,2026-03-01T21:45:10.631481,1,,resolved_win,4.8265,-0.0754,4.8265,resolved_win
sig_732_RBLX,RBLX,2026-03-01T21:45:10.631481,1,,resolved_win,4.3058,0.5699,4.3058,resolved_win
sig_733_COIN,COIN,2026-03-01T21:45:10.631481,2,,resolved_win,8.0716,20.0511,8.0716,resolved_win
sig_734_HOOD,HOOD,2026-03-01T21:45:10.631481,2,,resolved_loss,-2.1725,1.501,-2.1725,resolved_loss
sig_735_SOFI,SOFI,2026-03-01T21:45:10.631481,0,,resolved_loss,-1.9628,-3.6452,-1.9628,resolved_loss
sig_736_AFRM,AFRM,2026-03-01T21:45:10.631481,1,,resolved_loss,-2.5281,3.7319,-2.5281,resolved_loss
sig_737_UPST,UPST,2026-03-01T21:45:10.631481,1,,resolved_loss,-3.0303,-9.4819,-3.0303,resolved_loss
sig_738_INOD,INOD,2026-03-01T21:45:10.631481,1,,resolved_loss,-2.522,1.6663,-2.522,resolved_loss
sig_739_CAMT,CAMT,2026-03-01T21:45:10.631481,2,,resolved_win,3.9733,-8.9724,3.9733,resolved_win
sig_740_ACMR,ACMR,2026-03-01T21:45:10.631481,1,,resolved_loss,-1.6179,-30.7858,-1.6179,resolved_loss
sig_741_AEHR,AEHR,2026-03-01T21:45:10.631481,1,,resolved_win,8.9681,23.3033,8.9681,resolved_win
sig_742_ASTS,ASTS,2026-03-01T21:45:10.631481,1,,resolved_loss,-3.1613,8.3757,-3.1613,resolved_loss
sig_743_AUR,AUR,2026-03-01T21:45:10.631481,3,,resolved_win,5.673,-0.1112,5.673,resolved_win
sig_744_AMGN,AMGN,2026-03-01T21:45:10.631481,1,,resolved_win,1.7362,-0.6608,1.7362,resolved_win
sig_745_GILD,GILD,2026-03-01T21:45:10.631481,0,,resolved_loss,-0.6194,-7.6604,-0.6194,resolved_loss
sig_746_VRTX,VRTX,2026-03-01T21:45:10.631481,3,,resolved_loss,-1.1449,-7.1296,-1.1449,resolved_loss
sig_747_REGN,REGN,2026-03-01T21:45:10.631481,3,,resolved_loss,-0.5964,-5.5323,-0.5964,resolved_loss
sig_748_BIIB,BIIB,2026-03-01T21:45:10.631481,1,,resolved_loss,-0.7531,-5.9234,-0.7531,resolved_loss
sig_749_MRNA,MRNA,2026-03-01T21:45:10.631481,2,,resolved_win,9.8271,24.3666,9.8271,resolved_win
sig_750_BNTX,BNTX,2026-03-01T21:45:10.631481,1,,resolved_win,2.8455,-4.0461,2.8455,resolved_win
sig_751_ILMN,ILMN,2026-03-01T21:45:10.631481,1,,resolved_win,3.3117,6.6404,3.3117,resolved_win
sig_752_ALNY,ALNY,2026-03-01T21:45:10.631481,0,,resolved_win,4.5596,2.1731,4.5596,resolved_win
sig_753_BMRN,BMRN,2026-03-01T21:45:10.631481,1,,resolved_loss,-0.7348,2.0708,-0.7348,resolved_loss
sig_754_INCY,INCY,2026-03-01T21:45:10.631481,1,,resolved_loss,-1.088,-5.1039,-1.088,resolved_loss
sig_755_EXEL,EXEL,2026-03-01T21:45:10.631481,2,,resolved_loss,-0.6374,-5.4177,-0.6374,resolved_loss
sig_756_JAZZ,JAZZ,2026-03-01T21:45:10.631481,1,,resolved_win,2.171,9.4599,2.171,resolved_win
sig_757_UTHR,UTHR,2026-03-01T21:45:10.631481,1,,resolved_win,2.691,0.9991,2.691,resolved_win
sig_758_NBIX,NBIX,2026-03-01T21:45:10.631481,2,,resolved_win,3.9823,3.289,3.9823,resolved_win
sig_759_SRPT,SRPT,2026-03-01T21:45:10.631481,1,,resolved_loss,-1.855,-6.0708,-1.855,resolved_loss
sig_760_ALKS,ALKS,2026-03-01T21:45:10.631481,1,,resolved_loss,-1.2964,-13.6871,-1.2964,resolved_loss
sig_761_PTCT,PTCT,2026-03-01T21:45:10.631481,1,,resolved_loss,-1.3395,-9.5204,-1.3395,resolved_loss
sig_762_RARE,RARE,2026-03-01T21:45:10.631481,2,,resolved_win,11.4307,3.5827,11.4307,resolved_win
sig_763_FOLD,FOLD,2026-03-01T21:45:10.631481,0,,resolved_win,0.3842,0.1746,0.3842,resolved_win
sig_764_HALO,HALO,2026-03-01T21:45:10.631481,1,,resolved_loss,-0.7675,-15.2365,-0.7675,resolved_loss
sig_765_IONS,IONS,2026-03-01T21:45:10.631481,1,,resolved_loss,-1.5637,-8.1162,-1.5637,resolved_loss
sig_766_ARCT,ARCT,2026-03-01T21:45:10.631481,1,,resolved_win,4.5643,-1.6597,4.5643,resolved_win
sig_767_CRSP,CRSP,2026-03-01T21:45:10.631481,3,,resolved_win,6.1817,6.4832,6.1817,resolved_win
sig_768_EDIT,EDIT,2026-03-01T21:45:10.631481,1,,resolved_win,7.6487,13.3144,7.6487,resolved_win
sig_769_NTLA,NTLA,2026-03-01T21:45:10.631481,1,,resolved_win,6.1448,13.1313,6.1448,resolved_win
sig_770_BEAM,BEAM,2026-03-01T21:45:10.631481,1,,resolved_loss,-3.0064,-5.0107,-3.0064,resolved_loss
sig_771_ABCL,ABCL,2026-03-01T21:45:10.631481,1,,resolved_win,5.4323,10.8968,5.4323,resolved_win
sig_772_ABUS,ABUS,2026-03-01T21:45:10.631481,1,,resolved_win,5.5138,13.5338,5.5138,resolved_win
sig_773_ACRS,ACRS,2026-03-01T21:45:10.631481,1,,resolved_loss,-2.1944,-4.0752,-2.1944,resolved_loss
sig_774_ACRV,ACRV,2026-03-01T21:45:10.631481,1,,resolved_loss,-2.4242,-6.0606,-2.4242,resolved_loss
sig_775_AARD,AARD,2026-03-01T21:45:10.631481,1,,resolved_loss,-1.8489,-51.6273,-1.8489,resolved_loss
sig_776_AGEN,AGEN,2026-03-01T21:45:10.631481,2,,resolved_win,3.9849,1.2485,3.9849,resolved_win
sig_777_ALT,ALT,2026-03-01T21:45:10.631481,1,,resolved_loss,-2.2026,-22.0264,-2.2026,resolved_loss
sig_778_AMRX,AMRX,2026-03-01T21:45:10.631481,1,,resolved_loss,-0.6408,-10.6914,-0.6408,resolved_loss
sig_779_AUPH,AUPH,2026-03-01T21:45:10.631481,1,,resolved_loss,-0.9845,0.7032,-0.9845,resolved_loss
sig_780_AVBP,AVBP,2026-03-01T21:45:10.631481,1,,resolved_win,6.8182,4.4118,6.8182,resolved_win
sig_781_AVDL,AVDL,2026-03-01T21:45:10.631481,1,,open,,,,
sig_782_AXSM,AXSM,2026-03-01T21:45:10.631481,1,,resolved_loss,-1.1865,-10.4189,-1.1865,resolved_loss
sig_783_IRON,IRON,2026-03-01T21:45:10.631481,1,,expired_win,8.3036,9.0164,8.3036,expired_win
sig_784_KYMR,KYMR,2026-03-01T21:45:10.631481,1,,resolved_win,3.6412,1.3351,3.6412,resolved_win
sig_785_LGND,LGND,2026-03-01T21:45:10.631481,1,,resolved_win,3.5948,10.1353,3.5948,resolved_win
sig_786_MIRM,MIRM,2026-03-01T21:45:10.631481,1,,resolved_loss,-1.115,-16.3273,-1.115,resolved_loss
sig_787_NAMS,NAMS,2026-03-01T21:45:10.631481,2,,resolved_loss,-1.0824,-13.8115,-1.0824,resolved_loss
sig_788_OCUL,OCUL,2026-03-01T21:45:10.631481,2,,resolved_win,5.9752,15.7835,5.9752,resolved_win
sig_789_FOLD,FOLD,2026-03-01T21:45:10.631481,0,,resolved_win,0.3842,0.1746,0.3842,resolved_win
sig_790_ADPT,ADPT,2026-03-01T21:45:10.631481,1,,resolved_loss,-1.9021,-7.3277,-1.9021,resolved_loss
sig_791_AURA,AURA,2026-03-01T21:45:10.631481,1,,resolved_win,4.8301,0.1789,4.8301,resolved_win
sig_792_APGE,APGE,2026-03-01T21:45:10.631481,3,,resolved_win,6.8105,7.9185,6.8105,resolved_win
sig_793_AGIO,AGIO,2026-03-01T21:45:10.631481,2,,resolved_win,6.3259,-1.8227,6.3259,resolved_win
sig_794_ANIP,ANIP,2026-03-01T21:45:10.631481,1,,resolved_loss,-1.3564,-4.3534,-1.3564,resolved_loss
sig_795_ALKS,ALKS,2026-03-01T21:45:10.631481,1,,resolved_loss,-1.2964,-13.6871,-1.2964,resolved_loss
sig_796_ADMA,ADMA,2026-03-01T21:45:10.631481,2,,resolved_win,3.9801,-4.291,3.9801,resolved_win
sig_797_ABP,ABP,2026-03-01T21:45:10.631481,1,,open,,,,
sig_798_ALGN,ALGN,2026-03-01T21:45:10.631481,1,,resolved_loss,-0.8406,-6.8373,-0.8406,resolved_loss
sig_799_ATRC,ATRC,2026-03-01T21:45:10.631481,2,,resolved_loss,-2.0814,-8.1114,-2.0814,resolved_loss
sig_800_LMAT,LMAT,2026-03-01T21:45:10.631481,2,,resolved_win,2.5057,21.7291,2.5057,resolved_win
sig_801_LNTH,LNTH,2026-03-01T21:45:10.631481,2,,resolved_win,2.6965,4.6287,2.6965,resolved_win
sig_802_ACHC,ACHC,2026-03-01T21:45:10.631481,2,,resolved_win,4.8839,52.5908,4.8839,resolved_win
sig_803_ALHC,ALHC,2026-03-01T21:45:10.631481,1,,resolved_loss,-1.1893,-8.6224,-1.1893,resolved_loss
sig_804_ADUS,ADUS,2026-03-01T21:45:10.631481,2,,resolved_loss,-0.6239,-9.3058,-0.6239,resolved_loss
sig_805_ACHV,ACHV,2026-03-01T21:45:10.631481,1,,resolved_win,4.3995,1.5458,4.3995,resolved_win
sig_806_BRKR,BRKR,2026-03-01T21:45:10.631481,1,,resolved_win,5.9307,0.3287,5.9307,resolved_win
sig_807_BIIB,BIIB,2026-03-01T21:45:10.631481,1,,resolved_loss,-0.7531,-5.9234,-0.7531,resolved_loss
sig_808_AMGN,AMGN,2026-03-01T21:45:10.631481,1,,resolved_win,1.7362,-0.6608,1.7362,resolved_win
sig_809_ACAD,ACAD,2026-03-01T21:45:10.631481,0,,resolved_win,2.9051,0.5901,2.9051,resolved_win
sig_810_ACLX,ACLX,2026-03-01T21:45:10.631481,1,,resolved_win,3.4704,66.7104,3.4704,resolved_win
sig_811_ABVX,ABVX,2026-03-01T21:45:10.631481,2,,resolved_loss,-0.9165,-12.4835,-0.9165,resolved_loss
sig_812_CRSP,CRSP,2026-03-01T21:45:10.631481,3,,resolved_win,6.1817,6.4832,6.1817,resolved_win
sig_813_ABSI,ABSI,2026-03-01T21:45:10.631481,1,,resolved_win,7.6621,-6.4833,7.6621,resolved_win
sig_814_ABEO,ABEO,2026-03-01T21:45:10.631481,1,,resolved_loss,-1.0989,-3.0969,-1.0989,resolved_loss
sig_815_ABOS,ABOS,2026-03-01T21:45:10.631481,1,,resolved_win,6.7729,31.8725,6.7729,resolved_win
sig_816_ACB,ACB,2026-03-01T21:45:10.631481,1,,resolved_win,4.3601,-1.2658,4.3601,resolved_win
sig_817_ACET,ACET,2026-03-01T21:45:10.631481,1,,resolved_win,9.6491,6.5789,9.6491,resolved_win
sig_818_ACIU,ACIU,2026-03-01T21:45:10.631481,1,,resolved_loss,-1.3468,-6.0606,-1.3468,resolved_loss
sig_819_ACTU,ACTU,2026-03-01T21:45:10.631481,1,,resolved_loss,-3.4642,-33.9492,-3.4642,resolved_loss
sig_820_ARDX,ARDX,2026-03-01T21:45:10.631481,1,,resolved_loss,-1.5988,-10.0291,-1.5988,resolved_loss
sig_821_ARCT,ARCT,2026-03-01T21:45:10.631481,1,,resolved_win,4.5643,-1.6597,4.5643,resolved_win
sig_822_AQST,AQST,2026-03-01T21:45:10.631481,1,,resolved_win,5.4795,15.6164,5.4795,resolved_win
sig_823_ARTV,ARTV,2026-03-01T21:45:10.631481,1,,resolved_win,9,43.5,9,resolved_win
sig_824_ATAI,ATAI,2026-03-01T21:45:10.631481,1,,resolved_loss,-2.371,-5.4393,-2.371,resolved_loss
sig_825_ABVC,ABVC,2026-03-01T21:45:10.631481,1,,resolved_loss,-1.7964,-19.7605,-1.7964,resolved_loss
sig_826_AAPL,AAPL,2026-03-01T21:45:10.631481,1,,resolved_loss,-1.2312,-1.3413,-1.2312,resolved_loss
sig_827_MSFT,MSFT,2026-03-01T21:45:10.631481,1,,resolved_loss,-1.1848,2.2132,-1.1848,resolved_loss
sig_828_GOOGL,GOOGL,2026-03-01T21:45:10.631481,0,,resolved_loss,-1.6201,-1.1053,-1.6201,resolved_loss
sig_829_GOOG,GOOG,2026-03-01T21:45:10.631481,0,,resolved_loss,-1.6026,-1.3541,-1.6026,resolved_loss
sig_830_META,META,2026-03-01T21:45:10.631481,1,,resolved_win,3.6968,0.9271,3.6968,resolved_win
sig_831_AMZN,AMZN,2026-03-01T21:45:10.631481,1,,resolved_win,3.9686,6.0324,3.9686,resolved_win
sig_832_NVDA,NVDA,2026-03-01T21:45:10.631481,1,,resolved_loss,-1.8173,-3.5959,-1.8173,resolved_loss
sig_833_TSLA,TSLA,2026-03-01T21:45:10.631481,1,,resolved_loss,-1.825,-2.7468,-1.825,resolved_loss
sig_834_ADBE,ADBE,2026-03-01T21:45:10.631481,0,,resolved_win,4.5661,9.1014,4.5661,resolved_win
sig_835_CRM,CRM,2026-03-01T21:45:10.631481,0,,resolved_win,4.8608,8.4845,4.8608,resolved_win
sig_836_ORCL,ORCL,2026-03-01T21:45:10.631481,2,,resolved_loss,-2.2249,-1.9821,-2.2249,resolved_loss
sig_837_INTC,INTC,2026-03-01T21:45:10.631481,1,,resolved_loss,-2.3052,-6.2976,-2.3052,resolved_loss
sig_838_AMD,AMD,2026-03-01T21:45:10.631481,1,,resolved_loss,-2.5365,-5.1298,-2.5365,resolved_loss
sig_839_AVGO,AVGO,2026-03-01T21:45:10.631481,1,,resolved_loss,-2.2009,-0.4353,-2.2009,resolved_loss
sig_840_QCOM,QCOM,2026-03-01T21:45:10.631481,2,,resolved_loss,-1.4474,-5.0094,-1.4474,resolved_loss
sig_841_TXN,TXN,2026-03-01T21:45:10.631481,0,,resolved_loss,-1.0326,-15.5191,-1.0326,resolved_loss
sig_842_MU,MU,2026-03-01T21:45:10.631481,1,,resolved_loss,-3.1693,-9.0621,-3.1693,resolved_loss
sig_843_AMAT,AMAT,2026-03-01T21:45:10.631481,2,,resolved_loss,-1.9244,-10.0663,-1.9244,resolved_loss
sig_844_LRCX,LRCX,2026-03-01T21:45:10.631481,1,,resolved_loss,-2.525,-15.5524,-2.525,resolved_loss
sig_845_KLAC,KLAC,2026-03-01T21:45:10.631481,1,,resolved_loss,-2.2052,-90.927,-2.2052,resolved_loss
sig_846_SNPS,SNPS,2026-03-01T21:45:10.631481,1,,resolved_loss,-2.4774,3.8979,-2.4774,resolved_loss
sig_847_CDNS,CDNS,2026-03-01T21:45:10.631481,1,,resolved_win,5.3299,2.3384,5.3299,resolved_win
sig_848_ADI,ADI,2026-03-01T21:45:10.631481,0,,resolved_win,2.6965,-6.5716,2.6965,resolved_win
sig_849_NXPI,NXPI,2026-03-01T21:45:10.631481,2,,resolved_loss,-1.0949,-17.6993,-1.0949,resolved_loss
sig_850_MCHP,MCHP,2026-03-01T21:45:10.631481,1,,resolved_loss,-1.6566,-18.5046,-1.6566,resolved_loss
sig_851_ON,ON,2026-03-01T21:45:10.631481,0,,resolved_loss,-1.1743,-20.9645,-1.1743,resolved_loss
sig_852_SWKS,SWKS,2026-03-01T21:45:10.631481,1,,resolved_loss,-1.0211,-13.3091,-1.0211,resolved_loss
sig_853_QRVO,QRVO,2026-03-01T21:45:10.631481,1,,resolved_loss,-0.8264,-8.3353,-0.8264,resolved_loss
sig_854_MPWR,MPWR,2026-03-01T21:45:10.631481,1,,resolved_loss,-1.9915,-13.1905,-1.9915,resolved_loss
sig_855_NVDA,NVDA,2026-03-01T21:45:10.631481,1,,resolved_loss,-1.8173,-3.5959,-1.8173,resolved_loss
sig_856_MSFT,MSFT,2026-03-01T21:45:10.631481,1,,resolved_loss,-1.194,2.3645,-1.194,resolved_loss
sig_857_GOOGL,GOOGL,2026-03-01T21:45:10.631481,0,,resolved_loss,-1.6229,-1.0548,-1.6229,resolved_loss
sig_858_META,META,2026-03-01T21:45:10.631481,1,,resolved_win,3.6968,0.9271,3.6968,resolved_win
sig_859_AMD,AMD,2026-03-01T21:45:10.631481,1,,resolved_loss,-2.5365,-5.1298,-2.5365,resolved_loss
sig_860_AVGO,AVGO,2026-03-01T21:45:10.631481,1,,resolved_loss,-2.2009,-0.4353,-2.2009,resolved_loss
sig_861_ARM,ARM,2026-03-01T21:45:10.631481,1,,resolved_loss,-1.4052,-7.8955,-1.4052,resolved_loss
sig_862_PLTR,PLTR,2026-03-01T21:45:10.631481,1,,resolved_win,6.5292,19.178,6.5292,resolved_win
sig_863_AI,AI,2026-03-01T21:45:10.631481,1,,resolved_loss,-3.1823,-11.379,-3.1823,resolved_loss
sig_864_PATH,PATH,2026-03-01T21:45:10.631481,0,,resolved_loss,-2.9618,9.191,-2.9618,resolved_loss
sig_865_SNOW,SNOW,2026-03-01T21:45:10.631481,2,,resolved_loss,-2.6951,3.4922,-2.6951,resolved_loss
sig_866_MDB,MDB,2026-03-01T21:45:10.631481,1,,resolved_loss,-3.4572,-22.272,-3.4572,resolved_loss
sig_867_DDOG,DDOG,2026-03-01T21:45:10.631481,1,,resolved_loss,-3.1812,2.9683,-3.1812,resolved_loss
sig_868_CRWD,CRWD,2026-03-01T21:45:10.631481,1,,resolved_loss,-2.5221,5.1975,-2.5221,resolved_loss
sig_869_PANW,PANW,2026-03-01T21:45:10.631481,1,,resolved_loss,-1.8112,1.2499,-1.8112,resolved_loss
sig_870_S,S,2026-03-01T21:45:10.631481,1,,resolved_loss,-2.3499,6.6709,-2.3499,resolved_loss
sig_871_ESTC,ESTC,2026-03-01T21:45:10.631481,1,,resolved_loss,-2.4529,-10.3454,-2.4529,resolved_loss
sig_872_CFLT,CFLT,2026-03-01T21:45:10.631481,1,,open,,,,
sig_873_GTLB,GTLB,2026-03-01T21:45:10.631481,0,,resolved_loss,-2.653,-11.8854,-2.653,resolved_loss
sig_874_FROG,FROG,2026-03-01T21:45:10.631481,1,,resolved_loss,-4.4652,-13.6934,-4.4652,resolved_loss
sig_875_DOCN,DOCN,2026-03-01T21:45:10.631481,1,,resolved_loss,-2.3134,-18.2064,-2.3134,resolved_loss
sig_876_INOD,INOD,2026-03-01T21:45:10.631481,1,,resolved_win,9.0006,6.8007,9.0006,resolved_win
sig_877_BBAI,BBAI,2026-03-01T21:45:10.631481,1,,resolved_loss,-3.5176,6.7839,-3.5176,resolved_loss
sig_878_SOUN,SOUN,2026-03-01T21:45:10.631481,1,,resolved_win,8.6571,10.0204,8.6571,resolved_win
sig_879_PRCT,PRCT,2026-03-01T21:45:10.631481,2,,resolved_loss,-2.7189,-14.4774,-2.7189,resolved_loss
sig_880_KARO,KARO,2026-03-01T21:45:10.631481,1,,resolved_win,8.8444,3.3333,8.8444,resolved_win
sig_881_GFAI,GFAI,2026-03-01T21:45:10.631481,1,,resolved_win,17.0098,31.5276,17.0098,resolved_win
sig_882_AISP,AISP,2026-03-01T21:45:10.631481,1,,resolved_win,8.0321,6.4257,8.0321,resolved_win
sig_883_NVDA,NVDA,2026-03-01T21:45:10.631481,1,,resolved_loss,-1.6917,-3.3925,-1.6917,resolved_loss
sig_884_AMD,AMD,2026-03-01T21:45:10.631481,1,,resolved_loss,-2.3549,-5.1976,-2.3549,resolved_loss
sig_885_INTC,INTC,2026-03-01T21:45:10.631481,1,,resolved_loss,-2.1591,-6.2404,-2.1591,resolved_loss
sig_886_AVGO,AVGO,2026-03-01T21:45:10.631481,1,,resolved_loss,-2.0528,-0.2968,-2.0528,resolved_loss
sig_887_QCOM,QCOM,2026-03-01T21:45:10.631481,2,,resolved_loss,-1.3487,-5.0361,-1.3487,resolved_loss
sig_888_TXN,TXN,2026-03-01T21:45:10.631481,0,,resolved_loss,-0.9735,-15.3144,-0.9735,resolved_loss
sig_889_MU,MU,2026-03-01T21:45:10.631481,1,,resolved_loss,-2.9594,-9.0196,-2.9594,resolved_loss
sig_890_AMAT,AMAT,2026-03-01T21:45:10.631481,2,,resolved_loss,-1.7964,-9.949,-1.7964,resolved_loss
sig_891_LRCX,LRCX,2026-03-01T21:45:10.631481,1,,resolved_loss,-2.3628,-15.5954,-2.3628,resolved_loss
sig_892_KLAC,KLAC,2026-03-01T21:45:10.631481,1,,resolved_loss,-2.2068,-90.9224,-2.2068,resolved_loss
sig_893_MRVL,MRVL,2026-03-01T21:45:10.631481,2,,resolved_loss,-2.0678,12.5324,-2.0678,resolved_loss
sig_894_ADI,ADI,2026-03-01T21:45:10.631481,0,,resolved_win,2.5474,-6.548,2.5474,resolved_win
sig_895_NXPI,NXPI,2026-03-01T21:45:10.631481,2,,resolved_loss,-1.0292,-17.7094,-1.0292,resolved_loss
sig_896_MCHP,MCHP,2026-03-01T21:45:10.631481,1,,resolved_loss,-1.5328,-18.3601,-1.5328,resolved_loss
sig_897_ON,ON,2026-03-01T21:45:10.631481,0,,resolved_loss,-1.0872,-20.7611,-1.0872,resolved_loss
sig_898_SWKS,SWKS,2026-03-01T21:45:10.631481,1,,resolved_loss,-1.0242,-13.0455,-1.0242,resolved_loss
sig_899_QRVO,QRVO,2026-03-01T21:45:10.631481,1,,resolved_loss,-0.8281,-8.151,-0.8281,resolved_loss
sig_900_MPWR,MPWR,2026-03-01T21:45:10.631481,1,,resolved_loss,-1.9947,-13.0312,-1.9947,resolved_loss
sig_901_ALGM,ALGM,2026-03-01T21:45:10.631481,1,,resolved_loss,-1.6584,-22.697,-1.6584,resolved_loss
sig_902_ACLS,ACLS,2026-03-01T21:45:10.631481,2,,resolved_loss,-1.893,-13.0288,-1.893,resolved_loss
sig_903_AMKR,AMKR,2026-03-01T21:45:10.631481,1,,resolved_loss,-3.5524,-9.8669,-3.5524,resolved_loss
sig_904_CAMT,CAMT,2026-03-01T21:45:10.631481,1,,resolved_win,5.377,-6.5944,5.377,resolved_win
sig_905_AOSL,AOSL,2026-03-01T21:45:10.631481,1,,resolved_loss,-3.0776,-11.4184,-3.0776,resolved_loss
sig_906_ACMR,ACMR,2026-03-01T21:45:10.631481,1,,resolved_loss,-2.1096,-30.5772,-2.1096,resolved_loss
sig_907_AEHR,AEHR,2026-03-01T21:45:10.631481,1,,resolved_win,11.5085,26.0977,11.5085,resolved_win
sig_908_ARM,ARM,2026-03-01T21:45:10.631481,1,,resolved_loss,-1.4052,-7.8955,-1.4052,resolved_loss
sig_909_CRUS,CRUS,2026-03-01T21:45:10.631481,1,,resolved_loss,-1.1605,-9.4024,-1.1605,resolved_loss
sig_910_DIOD,DIOD,2026-03-01T21:45:10.631481,1,,resolved_win,5.2515,-8.3179,5.2515,resolved_win
sig_911_FORM,FORM,2026-03-01T21:45:10.631481,0,,resolved_loss,-1.8414,-11.0588,-1.8414,resolved_loss
sig_912_MKSI,MKSI,2026-03-01T21:45:10.631481,1,,resolved_loss,-1.7532,-20.7128,-1.7532,resolved_loss
sig_913_AMGN,AMGN,2026-03-01T21:45:10.631481,1,,resolved_win,2.0459,-1.657,2.0459,resolved_win
sig_914_GILD,GILD,2026-03-01T21:45:10.631481,1,,resolved_loss,-0.6564,-6.8907,-0.6564,resolved_loss
sig_915_VRTX,VRTX,2026-03-01T21:45:10.631481,2,,resolved_win,3.8557,-4.5081,3.8557,resolved_win
sig_916_REGN,REGN,2026-03-01T21:45:10.631481,1,,resolved_loss,-0.7694,-3.8259,-0.7694,resolved_loss
sig_917_BIIB,BIIB,2026-03-01T21:45:10.631481,1,,resolved_loss,-0.9273,-5.2823,-0.9273,resolved_loss
sig_918_MRNA,MRNA,2026-03-01T21:45:10.631481,1,,resolved_win,10.3819,22.6673,10.3819,resolved_win
sig_919_BNTX,BNTX,2026-03-01T21:45:10.631481,1,,resolved_win,2.9772,-4.3716,2.9772,resolved_win
sig_920_ILMN,ILMN,2026-03-01T21:45:10.631481,0,,resolved_win,4.3253,7.5887,4.3253,resolved_win
sig_921_ALNY,ALNY,2026-03-01T21:45:10.631481,2,,resolved_loss,-1.9594,-3.1911,-1.9594,resolved_loss
sig_922_BMRN,BMRN,2026-03-01T21:45:10.631481,1,,resolved_loss,-0.8504,1.9176,-0.8504,resolved_loss
sig_923_INCY,INCY,2026-03-01T21:45:10.631481,1,,resolved_loss,-1.5349,-4.3756,-1.5349,resolved_loss
sig_924_EXEL,EXEL,2026-03-01T21:45:10.631481,2,,resolved_loss,-0.7978,-5.2884,-0.7978,resolved_loss
sig_925_JAZZ,JAZZ,2026-03-01T21:45:10.631481,2,,resolved_win,2.0331,9.5637,2.0331,resolved_win
sig_926_UTHR,UTHR,2026-03-01T21:45:10.631481,2,,resolved_win,3.2206,-0.4538,3.2206,resolved_win
sig_927_NBIX,NBIX,2026-03-01T21:45:10.631481,1,,resolved_loss,-1.6236,-1.3927,-1.6236,resolved_loss
sig_928_SRPT,SRPT,2026-03-01T21:45:10.631481,1,,resolved_loss,-2.13,-6.3341,-2.13,resolved_loss
sig_929_ALKS,ALKS,2026-03-01T21:45:10.631481,1,,resolved_loss,-1.3445,-14.4607,-1.3445,resolved_loss
sig_930_PTCT,PTCT,2026-03-01T21:45:10.631481,1,,resolved_loss,-1.6013,-9.3768,-1.6013,resolved_loss
sig_931_RARE,RARE,2026-03-01T21:45:10.631481,0,,resolved_win,11.1546,3.9628,11.1546,resolved_win
sig_932_FOLD,FOLD,2026-03-01T21:45:10.631481,0,,resolved_win,0.3842,0.1746,0.3842,resolved_win
sig_933_HALO,HALO,2026-03-01T21:45:10.631481,1,,resolved_loss,-0.9309,-16.3833,-0.9309,resolved_loss
sig_934_IONS,IONS,2026-03-01T21:45:10.631481,1,,resolved_loss,-1.608,-9.8063,-1.608,resolved_loss
sig_935_ARCT,ARCT,2026-03-01T21:45:10.631481,1,,resolved_win,5.8108,-3.9189,5.8108,resolved_win
sig_936_CRSP,CRSP,2026-03-01T21:45:10.631481,2,,resolved_win,6.8037,5.6075,6.8037,resolved_win
sig_937_EDIT,EDIT,2026-03-01T21:45:10.631481,1,,resolved_win,7.8459,14.1227,7.8459,resolved_win
sig_938_NTLA,NTLA,2026-03-01T21:45:10.631481,1,,resolved_win,7.6412,11.6279,7.6412,resolved_win
sig_939_BEAM,BEAM,2026-03-01T21:45:10.631481,1,,resolved_loss,-3.5935,-3.6661,-3.5935,resolved_loss
sig_940_ABCL,ABCL,2026-03-01T21:45:10.631481,1,,resolved_win,5.8595,11.6866,5.8595,resolved_win
sig_941_ABUS,ABUS,2026-03-01T21:45:10.631481,2,,resolved_win,6.1327,13.3917,6.1327,resolved_win
sig_942_ACRS,ACRS,2026-03-01T21:45:10.631481,1,,resolved_loss,-2.454,-6.135,-2.454,resolved_loss
sig_943_ACRV,ACRV,2026-03-01T21:45:10.631481,1,,resolved_loss,-2.7523,-5.1988,-2.7523,resolved_loss
sig_944_AARD,AARD,2026-03-01T21:45:10.631481,1,,resolved_loss,-2.5142,-52.5547,-2.5142,resolved_loss
sig_945_AGEN,AGEN,2026-03-01T21:45:10.631481,2,,resolved_win,4.8414,-1.1686,4.8414,resolved_win
sig_946_ALT,ALT,2026-03-01T21:45:10.631481,1,,resolved_loss,-2.4176,-22.1978,-2.4176,resolved_loss
sig_947_AMRX,AMRX,2026-03-01T21:45:10.631481,1,,resolved_loss,-0.7294,-12.2016,-0.7294,resolved_loss
sig_948_AUPH,AUPH,2026-03-01T21:45:10.631481,1,,resolved_loss,-1.115,-0.2091,-1.115,resolved_loss
sig_949_AVBP,AVBP,2026-03-01T21:45:10.631481,2,,resolved_loss,-1.615,2.2698,-1.615,resolved_loss
sig_950_AVDL,AVDL,2026-03-01T21:45:10.631481,1,,open,,,,
sig_951_AXSM,AXSM,2026-03-01T21:45:10.631481,1,,resolved_loss,-1.5412,-10.9642,-1.5412,resolved_loss
sig_952_IRON,IRON,2026-03-01T21:45:10.631481,2,,resolved_loss,-10.272,-4.9262,-10.272,resolved_loss
sig_953_KYMR,KYMR,2026-03-01T21:45:10.631481,1,,resolved_win,4.1364,0.2461,4.1364,resolved_win
sig_954_LGND,LGND,2026-03-01T21:45:10.631481,1,,resolved_win,3.8451,7.2282,3.8451,resolved_win
sig_955_MIRM,MIRM,2026-03-01T21:45:10.631481,1,,resolved_loss,-2.0147,-15.1843,-2.0147,resolved_loss
sig_956_NAMS,NAMS,2026-03-01T21:45:10.631481,1,,resolved_loss,-1.436,-14.2447,-1.436,resolved_loss
sig_957_OCUL,OCUL,2026-03-01T21:45:10.631481,1,,resolved_win,23.1579,54.4361,23.1579,resolved_win
sig_958_FOLD,FOLD,2026-03-01T21:45:10.631481,0,,resolved_win,0.3842,0.1746,0.3842,resolved_win
sig_959_ADPT,ADPT,2026-03-01T21:45:10.631481,1,,resolved_loss,-2.2528,-7.0088,-2.2528,resolved_loss
sig_960_AURA,AURA,2026-03-01T21:45:10.631481,2,,resolved_win,13.2438,7.4856,13.2438,resolved_win
sig_961_APGE,APGE,2026-03-01T21:45:10.631481,2,,resolved_loss,-2.75,5.7317,-2.75,resolved_loss
sig_962_AGIO,AGIO,2026-03-01T21:45:10.631481,2,,resolved_win,5.5914,-1.5412,5.5914,resolved_win
sig_963_ANIP,ANIP,2026-03-01T21:45:10.631481,1,,resolved_loss,-1.6406,-6.9206,-1.6406,resolved_loss
sig_964_ALKS,ALKS,2026-03-01T21:45:10.631481,1,,resolved_loss,-1.3445,-14.4607,-1.3445,resolved_loss
sig_965_ADMA,ADMA,2026-03-01T21:45:10.631481,1,,resolved_win,3.968,-5.3214,3.968,resolved_win
sig_966_ABP,ABP,2026-03-01T21:45:10.631481,1,,open,,,,
sig_967_JPM,JPM,2026-03-01T21:45:10.631481,1,,resolved_loss,-1.0888,-6.3912,-1.0888,resolved_loss
sig_968_BAC,BAC,2026-03-01T21:45:10.631481,1,,resolved_loss,-1.1192,-8.9841,-1.1192,resolved_loss
sig_969_WFC,WFC,2026-03-01T21:45:10.631481,1,,resolved_loss,-1.192,-9.226,-1.192,resolved_loss
sig_970_C,C,2026-03-01T21:45:10.631481,1,,resolved_loss,-1.5156,-6.8414,-1.5156,resolved_loss
sig_971_GS,GS,2026-03-01T21:45:10.631481,1,,resolved_loss,-1.4727,-11.0499,-1.4727,resolved_loss
sig_972_MS,MS,2026-03-01T21:45:10.631481,1,,resolved_loss,-1.4702,-7.7309,-1.4702,resolved_loss
sig_973_USB,USB,2026-03-01T21:45:10.631481,1,,resolved_loss,-1.1309,-11.181,-1.1309,resolved_loss
sig_974_PNC,PNC,2026-03-01T21:45:10.631481,1,,resolved_loss,-1.0655,-11.7602,-1.0655,resolved_loss
sig_975_TFC,TFC,2026-03-01T21:45:10.631481,1,,resolved_loss,-1.1591,-11.8613,-1.1591,resolved_loss
sig_976_SCHW,SCHW,2026-03-01T21:45:10.631481,1,,resolved_win,3.1439,1.6437,3.1439,resolved_win
sig_977_BK,BK,2026-03-01T21:45:10.631481,1,,resolved_loss,-1.2081,-3.7127,-1.2081,resolved_loss
sig_978_STT,STT,2026-03-01T21:45:10.631481,1,,resolved_loss,-1.5926,-6.3614,-1.5926,resolved_loss
sig_979_NTRS,NTRS,2026-03-01T21:45:10.631481,1,,resolved_loss,-1.2569,-5.7659,-1.2569,resolved_loss
sig_980_CFG,CFG,2026-03-01T21:45:10.631481,1,,resolved_loss,-1.2734,-11.0513,-1.2734,resolved_loss
sig_981_KEY,KEY,2026-03-01T21:45:10.631481,1,,resolved_loss,-1.1981,-9.4191,-1.1981,resolved_loss
sig_982_RF,RF,2026-03-01T21:45:10.631481,1,,resolved_loss,-1.2073,-10.1504,-1.2073,resolved_loss
sig_983_HBAN,HBAN,2026-03-01T21:45:10.631481,1,,resolved_loss,-1.1594,-6.4015,-1.1594,resolved_loss
sig_984_FITB,FITB,2026-03-01T21:45:10.631481,1,,resolved_loss,-1.0761,-11.5036,-1.0761,resolved_loss
sig_985_MTB,MTB,2026-03-01T21:45:10.631481,1,,resolved_loss,-0.9979,-8.5303,-0.9979,resolved_loss
sig_986_ZION,ZION,2026-03-01T21:45:10.631481,1,,resolved_loss,-1.354,-9.7562,-1.354,resolved_loss
sig_987_ALLY,ALLY,2026-03-01T21:45:10.631481,1,,resolved_loss,-1.4345,-8.0654,-1.4345,resolved_loss
sig_988_BOKF,BOKF,2026-03-01T21:45:10.631481,1,,resolved_loss,-0.963,-7.078,-0.963,resolved_loss
sig_989_BANR,BANR,2026-03-01T21:45:10.631481,1,,resolved_loss,-0.6744,-7.6075,-0.6744,resolved_loss
sig_990_BUSE,BUSE,2026-03-01T21:45:10.631481,1,,resolved_loss,-0.5639,-6.527,-0.5639,resolved_loss
sig_991_ALRS,ALRS,2026-03-01T21:45:10.631481,1,,resolved_loss,-1.3407,-6.6544,-1.3407,resolved_loss
sig_992_FFIN,FFIN,2026-03-01T21:45:10.631481,1,,resolved_loss,-1.1628,-10.8915,-1.1628,resolved_loss
sig_993_IBKR,IBKR,2026-03-01T21:45:10.631481,1,,resolved_loss,-1.9425,-8.5284,-1.9425,resolved_loss
sig_994_LPLA,LPLA,2026-03-01T21:45:10.631481,1,,resolved_loss,-2.5672,-4.0186,-2.5672,resolved_loss
sig_995_MKTX,MKTX,2026-03-01T21:45:10.631481,1,,resolved_win,2.8336,3.7511,2.8336,resolved_win
sig_996_XOM,XOM,2026-03-01T21:45:10.631481,1,,resolved_win,3.0529,2.8069,3.0529,resolved_win
sig_997_CVX,CVX,2026-03-01T21:45:10.631481,1,,resolved_win,2.7725,4.5761,2.7725,resolved_win
sig_998_COP,COP,2026-03-01T21:45:10.631481,1,,resolved_win,2.8438,6.6016,2.8438,resolved_win
sig_999_EOG,EOG,2026-03-01T21:45:10.631481,1,,resolved_win,2.9148,9.2198,2.9148,resolved_win
sig_1000_SLB,SLB,2026-03-01T21:45:10.631481,1,,resolved_win,4.5496,-6.2863,4.5496,resolved_win
sig_1001_OXY,OXY,2026-03-01T21:45:10.631481,1,,resolved_win,3.7783,17.5905,3.7783,resolved_win
sig_1002_PSX,PSX,2026-03-01T21:45:10.631481,1,,resolved_loss,-0.8097,4.2215,-0.8097,resolved_loss
sig_1003_VLO,VLO,2026-03-01T21:45:10.631481,1,,resolved_win,2.9552,13.1302,2.9552,resolved_win
sig_1004_MPC,MPC,2026-03-01T21:45:10.631481,1,,resolved_win,3.0772,10.1202,3.0772,resolved_win
sig_1005_DVN,DVN,2026-03-01T21:45:10.631481,1,,resolved_win,3.1186,0.7259,3.1186,resolved_win
sig_1006_FANG,FANG,2026-03-01T21:45:10.631481,1,,resolved_win,3.7064,7.3365,3.7064,resolved_win
sig_1007_APA,APA,2026-03-01T21:45:10.631481,1,,resolved_win,4.2779,18.6936,4.2779,resolved_win
sig_1008_HAL,HAL,2026-03-01T21:45:10.631481,1,,resolved_win,4.4997,1.0306,4.4997,resolved_win
sig_1009_BKR,BKR,2026-03-01T21:45:10.631481,1,,resolved_win,2.9368,-0.5328,2.9368,resolved_win
sig_1010_OVV,OVV,2026-03-01T21:45:10.631481,1,,resolved_win,3.6584,13.4971,3.6584,resolved_win
sig_1011_CTRA,CTRA,2026-03-01T21:45:10.631481,1,,resolved_win,2.8729,0.0017,2.8729,resolved_win
sig_1012_RRC,RRC,2026-03-01T21:45:10.631481,1,,resolved_win,3.6279,12.9112,3.6279,resolved_win
sig_1013_EQT,EQT,2026-03-01T21:45:10.631481,1,,resolved_win,3.0308,7.6222,3.0308,resolved_win
sig_1014_AR,AR,2026-03-01T21:45:10.631481,1,,resolved_win,5.5257,15.9797,5.5257,resolved_win
sig_1015_MTDR,MTDR,2026-03-01T21:45:10.631481,1,,resolved_win,3.6857,18.4917,3.6857,resolved_win
sig_1016_CHRD,CHRD,2026-03-01T21:45:10.631481,1,,resolved_win,4.7936,19.8918,4.7936,resolved_win
sig_1017_GPOR,GPOR,2026-03-01T21:45:10.631481,1,,resolved_win,5.5122,9.237,5.5122,resolved_win
sig_1018_CNX,CNX,2026-03-01T21:45:10.631481,1,,resolved_win,3.8413,5.5457,3.8413,resolved_win
sig_1019_NOG,NOG,2026-03-01T21:45:10.631481,1,,resolved_win,4.5596,10.8286,4.5596,resolved_win
sig_1020_SM,SM,2026-03-01T21:45:10.631481,1,,resolved_win,5.3296,19.5611,5.3296,resolved_win
sig_1021_HON,HON,2026-03-01T21:45:10.631481,0,,resolved_loss,-0.5946,-4.0417,-0.5946,resolved_loss
sig_1022_UNP,UNP,2026-03-01T21:45:10.631481,0,,resolved_loss,-0.6246,-3.7259,-0.6246,resolved_loss
sig_1023_UPS,UPS,2026-03-01T21:45:10.631481,1,,resolved_loss,-0.8009,-13.3111,-0.8009,resolved_loss
sig_1024_CAT,CAT,2026-03-01T21:45:10.631481,0,,resolved_loss,-1.0106,-11.1498,-1.0106,resolved_loss
sig_1025_DE,DE,2026-03-01T21:45:10.631481,0,,resolved_win,2.7042,-2.9188,2.7042,resolved_win
sig_1026_MMM,MMM,2026-03-01T21:45:10.631481,1,,resolved_loss,-0.8346,-9.6652,-0.8346,resolved_loss
sig_1027_GE,GE,2026-03-01T21:45:10.631481,2,,resolved_win,3.0546,-2.1324,3.0546,resolved_win
sig_1028_RTX,RTX,2026-03-01T21:45:10.631481,1,,resolved_win,2.7347,3.0207,2.7347,resolved_win
sig_1029_LMT,LMT,2026-03-01T21:45:10.631481,0,,resolved_win,2.5137,2.11,2.5137,resolved_win
sig_1030_BA,BA,2026-03-01T21:45:10.631481,1,,resolved_loss,-1.4075,-4.7499,-1.4075,resolved_loss
sig_1031_EMR,EMR,2026-03-01T21:45:10.631481,1,,resolved_loss,-1.7383,-7.6913,-1.7383,resolved_loss
sig_1032_ITW,ITW,2026-03-01T21:45:10.631481,0,,resolved_loss,-0.6177,-7.2838,-0.6177,resolved_loss
sig_1033_ETN,ETN,2026-03-01T21:45:10.631481,0,,resolved_loss,-0.9342,-11.5166,-0.9342,resolved_loss
sig_1034_PH,PH,2026-03-01T21:45:10.631481,1,,resolved_loss,-0.6524,-8.8296,-0.6524,resolved_loss
sig_1035_ROK,ROK,2026-03-01T21:45:10.631481,1,,resolved_win,5.4228,-4.0612,5.4228,resolved_win
sig_1036_AME,AME,2026-03-01T21:45:10.631481,1,,resolved_win,2.6172,-4.4418,2.6172,resolved_win
sig_1037_AAON,AAON,2026-03-01T21:45:10.631481,1,,resolved_win,3.7775,-13.0511,3.7775,resolved_win
sig_1038_AEIS,AEIS,2026-03-01T21:45:10.631481,0,,resolved_win,5.063,-6.851,5.063,resolved_win
sig_1039_ALNT,ALNT,2026-03-01T21:45:10.631481,1,,resolved_loss,-1.207,-2.2761,-1.207,resolved_loss
sig_1040_ANDE,ANDE,2026-03-01T21:45:10.631481,1,,resolved_loss,-0.8749,-5.2913,-0.8749,resolved_loss
sig_1041_BCPC,BCPC,2026-03-01T21:45:10.631481,1,,resolved_loss,-0.7066,-3.993,-0.7066,resolved_loss
sig_1042_BRKR,BRKR,2026-03-01T21:45:10.631481,1,,resolved_loss,-2.9498,-2.6707,-2.9498,resolved_loss
sig_1043_ACDC,ACDC,2026-03-01T21:45:10.631481,1,,resolved_loss,-3.5185,0,-3.5185,resolved_loss
sig_1044_ARQ,ARQ,2026-03-01T21:45:10.631481,1,,resolved_loss,-1.909,-5.7269,-1.909,resolved_loss
sig_1045_AMTX,AMTX,2026-03-01T21:45:10.631481,1,,resolved_loss,-3.3113,-7.2848,-3.3113,resolved_loss
sig_1046_AUR,AUR,2026-03-01T21:45:10.631481,2,,resolved_win,5.3228,1.6987,5.3228,resolved_win
sig_1047_ACU,ACU,2026-03-01T21:45:10.631481,2,,resolved_loss,-1.6427,-4.7092,-1.6427,resolved_loss
sig_1048_ACNT,ACNT,2026-03-01T21:45:10.631481,0,,resolved_loss,-0.7905,-25.127,-0.7905,resolved_loss
sig_1049_ABCL,ABCL,2026-03-01T21:45:10.631481,1,,resolved_win,5.8595,11.6866,5.8595,resolved_win
sig_1050_ABUS,ABUS,2026-03-01T21:45:10.631481,2,,resolved_win,6.1327,13.3917,6.1327,resolved_win
sig_1051_ACRS,ACRS,2026-03-01T21:45:10.631481,1,,resolved_loss,-2.454,-6.135,-2.454,resolved_loss
sig_1052_ACRV,ACRV,2026-03-01T21:45:10.631481,1,,resolved_loss,-2.7523,-5.1988,-2.7523,resolved_loss
sig_1053_AARD,AARD,2026-03-01T21:45:10.631481,1,,resolved_loss,-2.5142,-52.5547,-2.5142,resolved_loss
sig_1054_AGEN,AGEN,2026-03-01T21:45:10.631481,2,,resolved_win,4.8414,-1.1686,4.8414,resolved_win
sig_1055_ALT,ALT,2026-03-01T21:45:10.631481,1,,resolved_loss,-2.4176,-22.1978,-2.4176,resolved_loss
sig_1056_AMRX,AMRX,2026-03-01T21:45:10.631481,1,,resolved_loss,-0.7294,-12.2016,-0.7294,resolved_loss
sig_1057_AUPH,AUPH,2026-03-01T21:45:10.631481,1,,resolved_loss,-1.115,-0.2091,-1.115,resolved_loss
sig_1058_AVBP,AVBP,2026-03-01T21:45:10.631481,2,,resolved_loss,-1.615,2.2698,-1.615,resolved_loss
sig_1059_AVDL,AVDL,2026-03-01T21:45:10.631481,1,,open,,,,
sig_1060_AXSM,AXSM,2026-03-01T21:45:10.631481,1,,resolved_loss,-1.5412,-10.9642,-1.5412,resolved_loss
sig_1061_IRON,IRON,2026-03-01T21:45:10.631481,2,,resolved_loss,-10.272,-4.9262,-10.272,resolved_loss
sig_1062_KYMR,KYMR,2026-03-01T21:45:10.631481,1,,resolved_win,4.1364,0.2461,4.1364,resolved_win
sig_1063_LGND,LGND,2026-03-01T21:45:10.631481,1,,resolved_win,3.8451,7.2282,3.8451,resolved_win
sig_1064_MIRM,MIRM,2026-03-01T21:45:10.631481,1,,resolved_loss,-2.0147,-15.1843,-2.0147,resolved_loss
sig_1065_NAMS,NAMS,2026-03-01T21:45:10.631481,1,,resolved_loss,-1.436,-14.2447,-1.436,resolved_loss
sig_1066_OCUL,OCUL,2026-03-01T21:45:10.631481,1,,resolved_win,23.1579,54.4361,23.1579,resolved_win
sig_1067_FOLD,FOLD,2026-03-01T21:45:10.631481,0,,resolved_win,0.3842,0.1746,0.3842,resolved_win
sig_1068_ADPT,ADPT,2026-03-01T21:45:10.631481,1,,resolved_loss,-2.2528,-7.0088,-2.2528,resolved_loss
sig_1069_AURA,AURA,2026-03-01T21:45:10.631481,2,,resolved_win,13.2438,7.4856,13.2438,resolved_win
sig_1070_APGE,APGE,2026-03-01T21:45:10.631481,2,,resolved_loss,-2.75,5.7317,-2.75,resolved_loss
sig_1071_AGIO,AGIO,2026-03-01T21:45:10.631481,2,,resolved_win,5.5914,-1.5412,5.5914,resolved_win
sig_1072_ANIP,ANIP,2026-03-01T21:45:10.631481,1,,resolved_loss,-1.6406,-6.9206,-1.6406,resolved_loss
sig_1073_ALKS,ALKS,2026-03-01T21:45:10.631481,1,,resolved_loss,-1.376,-14.3584,-1.376,resolved_loss
sig_1074_ADMA,ADMA,2026-03-01T21:45:10.631481,1,,resolved_win,3.968,-5.3214,3.968,resolved_win
sig_1075_ABP,ABP,2026-03-01T21:45:10.631481,1,,open,,,,
sig_1076_ALGN,ALGN,2026-03-01T21:45:10.631481,1,,resolved_loss,-1.0039,-7.5795,-1.0039,resolved_loss
sig_1077_ATRC,ATRC,2026-03-01T21:45:10.631481,1,,resolved_loss,-2.4703,-8.4477,-2.4703,resolved_loss
sig_1078_LMAT,LMAT,2026-03-01T21:45:10.631481,2,,resolved_win,3.1686,20.3368,3.1686,resolved_win
sig_1079_LNTH,LNTH,2026-03-01T21:45:10.631481,2,,resolved_win,3.2694,3.1414,3.2694,resolved_win
sig_1080_ACHC,ACHC,2026-03-01T21:45:10.631481,2,,resolved_win,5.1174,54.2444,5.1174,resolved_win
sig_1081_ALHC,ALHC,2026-03-01T21:45:10.631481,1,,resolved_loss,-1.7823,-11.1753,-1.7823,resolved_loss
sig_1082_ADUS,ADUS,2026-03-01T21:45:10.631481,2,,resolved_loss,-0.8067,-8.5018,-0.8067,resolved_loss
sig_1083_ACHV,ACHV,2026-03-01T21:45:10.631481,1,,resolved_win,5.6495,0.473,5.6495,resolved_win
sig_1084_BRKR,BRKR,2026-03-01T21:45:10.631481,1,,resolved_loss,-2.9498,-2.6707,-2.9498,resolved_loss
sig_1085_BIIB,BIIB,2026-03-01T21:45:10.631481,1,,resolved_loss,-0.8834,-5.3284,-0.8834,resolved_loss
sig_1086_AMGN,AMGN,2026-03-01T21:45:10.631481,1,,resolved_win,2.1123,-1.435,2.1123,resolved_win
sig_1087_ACAD,ACAD,2026-03-01T21:45:10.631481,1,,resolved_win,3.7021,-2.3358,3.7021,resolved_win
sig_1088_ACLX,ACLX,2026-03-01T21:45:10.631481,2,,resolved_win,3.9266,63.8435,3.9266,resolved_win
sig_1089_ABVX,ABVX,2026-03-01T21:45:10.631481,2,,resolved_loss,-1.1171,-12.7663,-1.1171,resolved_loss
sig_1090_CRSP,CRSP,2026-03-01T21:45:10.631481,2,,resolved_win,6.8711,5.6371,6.8711,resolved_win
sig_1091_ABSI,ABSI,2026-03-01T21:45:10.631481,1,,resolved_loss,-4.5787,-8.4263,-4.5787,resolved_loss
sig_1092_ABEO,ABEO,2026-03-01T21:45:10.631481,1,,resolved_loss,-1.2987,-3.0969,-1.2987,resolved_loss
sig_1093_ABOS,ABOS,2026-03-01T21:45:10.631481,1,,resolved_win,7.4074,36.214,7.4074,resolved_win
sig_1094_ACB,ACB,2026-03-01T21:45:10.631481,1,,resolved_loss,-2.0921,-2.0921,-2.0921,resolved_loss
sig_1095_ACET,ACET,2026-03-01T21:45:10.631481,1,,resolved_win,12.5547,6.4234,12.5547,resolved_win
sig_1096_ACIU,ACIU,2026-03-01T21:45:10.631481,1,,resolved_loss,-2.2375,-3.9587,-2.2375,resolved_loss
sig_1097_ACTU,ACTU,2026-03-01T21:45:10.631481,1,,resolved_loss,-3.6509,-32.4612,-3.6509,resolved_loss
sig_1098_ARDX,ARDX,2026-03-01T21:45:10.631481,1,,resolved_loss,-1.9956,-8.4996,-1.9956,resolved_loss
sig_1099_ARCT,ARCT,2026-03-01T21:45:10.631481,1,,resolved_win,5.8489,-3.2666,5.8489,resolved_win
sig_1100_AQST,AQST,2026-03-01T21:45:10.631481,1,,resolved_win,8.0158,10.9067,8.0158,resolved_win
sig_1101_ARTV,ARTV,2026-03-01T21:45:10.631481,1,,resolved_win,9.6812,39.9044,9.6812,resolved_win
sig_1102_ATAI,ATAI,2026-03-01T21:45:10.631481,2,,resolved_loss,-3.3025,-10.4359,-3.3025,resolved_loss
sig_1103_ABVC,ABVC,2026-03-01T21:45:10.631481,1,,resolved_loss,-1.8405,-17.7914,-1.8405,resolved_loss
sig_1104_ALGN,ALGN,2026-03-01T21:45:10.631481,1,,resolved_loss,-0.9659,-7.4049,-0.9659,resolved_loss
sig_1105_ATRC,ATRC,2026-03-01T21:45:10.631481,1,,resolved_loss,-2.3135,-8.6149,-2.3135,resolved_loss
sig_1106_LMAT,LMAT,2026-03-01T21:45:10.631481,2,,resolved_win,2.9859,20.426,2.9859,resolved_win
sig_1107_LNTH,LNTH,2026-03-01T21:45:10.631481,2,,resolved_win,3.2613,3.7906,3.2613,resolved_win
sig_1108_ACHC,ACHC,2026-03-01T21:45:10.631481,2,,resolved_win,5.1188,56.1243,5.1188,resolved_win
sig_1109_ALHC,ALHC,2026-03-01T21:45:10.631481,1,,resolved_loss,-1.7771,-11.4313,-1.7771,resolved_loss
sig_1110_ADUS,ADUS,2026-03-01T21:45:10.631481,2,,resolved_loss,-0.7977,-8.518,-0.7977,resolved_loss
sig_1111_ACHV,ACHV,2026-03-01T21:45:10.631481,1,,resolved_win,5.2133,1.1848,5.2133,resolved_win
sig_1112_BRKR,BRKR,2026-03-01T21:45:10.631481,1,,resolved_loss,-2.8556,-2.7095,-2.8556,resolved_loss
sig_1113_BIIB,BIIB,2026-03-01T21:45:10.631481,1,,resolved_loss,-0.8567,-5.1608,-0.8567,resolved_loss
sig_1114_AMGN,AMGN,2026-03-01T21:45:10.631481,1,,resolved_win,2.0868,-1.6253,2.0868,resolved_win
sig_1115_ACAD,ACAD,2026-03-01T21:45:10.631481,1,,resolved_win,3.6726,-1.9469,3.6726,resolved_win
sig_1116_ACLX,ACLX,2026-03-01T21:45:10.631481,1,,resolved_win,5.436,66.1773,5.436,resolved_win
sig_1117_ABVX,ABVX,2026-03-01T21:45:10.631481,2,,resolved_loss,-1.0865,-12.6548,-1.0865,resolved_loss
sig_1118_CRSP,CRSP,2026-03-01T21:45:10.631481,2,,resolved_win,6.8408,6.183,6.8408,resolved_win
sig_1119_ABEO,ABEO,2026-03-01T21:45:10.631481,1,,resolved_loss,-1.2987,-3.0969,-1.2987,resolved_loss
sig_1120_ABOS,ABOS,2026-03-01T21:45:10.631481,1,,resolved_win,7.0248,36.7769,7.0248,resolved_win
sig_1121_ACB,ACB,2026-03-01T21:45:10.631481,1,,resolved_loss,-2.0979,-1.8182,-2.0979,resolved_loss
sig_1122_ACET,ACET,2026-03-01T21:45:10.631481,1,,resolved_win,12.1701,6.8915,12.1701,resolved_win
sig_1123_ACIU,ACIU,2026-03-01T21:45:10.631481,1,,resolved_loss,-2.4767,-2.1259,-2.4767,resolved_loss
sig_1124_ACTU,ACTU,2026-03-01T21:45:10.631481,1,,resolved_loss,-3.6509,-32.4612,-3.6509,resolved_loss
sig_1125_ARDX,ARDX,2026-03-01T21:45:10.631481,1,,resolved_loss,-1.9926,-8.6347,-1.9926,resolved_loss
sig_1126_ARCT,ARCT,2026-03-01T21:45:10.631481,1,,resolved_win,5.7143,-3.2653,5.7143,resolved_win
sig_1127_AQST,AQST,2026-03-01T21:45:10.631481,1,,resolved_win,7.4901,10.9067,7.4901,resolved_win
sig_1128_ARTV,ARTV,2026-03-01T21:45:10.631481,1,,resolved_win,10.0985,41.3793,10.0985,resolved_win
sig_1129_ATAI,ATAI,2026-03-01T21:45:10.631481,2,,resolved_loss,-3.4292,-9.814,-3.4292,resolved_loss
sig_1130_ABVC,ABVC,2026-03-01T21:45:10.631481,1,,resolved_loss,-1.8405,-17.7914,-1.8405,resolved_loss
sig_1131_ADBE,ADBE,2026-03-01T21:45:10.631481,0,,resolved_win,4.2538,9.4804,4.2538,resolved_win
sig_1132_ADSK,ADSK,2026-03-01T21:45:10.631481,1,,resolved_win,4.8637,15.2401,4.8637,resolved_win
sig_1133_BSY,BSY,2026-03-01T21:45:10.631481,2,,resolved_win,4.274,18.0695,4.274,resolved_win
sig_1134_BL,BL,2026-03-01T21:45:10.631481,0,,resolved_loss,-3.0521,-0.6051,-3.0521,resolved_loss
sig_1135_APPF,APPF,2026-03-01T21:45:10.631481,0,,resolved_win,4.9645,12.5158,4.9645,resolved_win
sig_1136_FIVN,FIVN,2026-03-01T21:45:10.631481,1,,resolved_win,7.0517,9.9696,7.0517,resolved_win
sig_1137_ACIW,ACIW,2026-03-01T21:45:10.631481,1,,resolved_loss,-1.6761,4.8805,-1.6761,resolved_loss
sig_1138_ALKT,ALKT,2026-03-01T21:45:10.631481,1,,resolved_win,8.3883,7.1945,8.3883,resolved_win
sig_1139_ALRM,ALRM,2026-03-01T21:45:10.631481,1,,resolved_win,3.7723,10.1257,3.7723,resolved_win
sig_1140_AGYS,AGYS,2026-03-01T21:45:10.631481,1,,resolved_loss,-2.1403,-4.447,-2.1403,resolved_loss
sig_1141_INOD,INOD,2026-03-01T21:45:10.631481,1,,resolved_loss,-3.1649,6.6368,-3.1649,resolved_loss
sig_1142_AEYE,AEYE,2026-03-01T21:45:10.631481,0,,resolved_win,9.2814,-8.5329,9.2814,resolved_win
sig_1143_AISP,AISP,2026-03-01T21:45:10.631481,1,,resolved_win,7.0423,6.6398,7.0423,resolved_win
sig_1144_ADAM,ADAM,2026-03-01T21:45:10.631481,1,,resolved_loss,-1.1823,-3.7191,-1.1823,resolved_loss
sig_1145_AUR,AUR,2026-03-01T21:45:10.631481,2,,resolved_win,5.2276,1.1717,5.2276,resolved_win
sig_1146_AKAM,AKAM,2026-03-01T21:45:10.631481,2,,resolved_loss,-1.7354,-7.791,-1.7354,resolved_loss
sig_1147_AIOT,AIOT,2026-03-01T21:45:10.631481,0,,resolved_loss,-2.4772,-11.6036,-2.4772,resolved_loss
sig_1148_ADP,ADP,2026-03-01T21:45:10.631481,0,,resolved_loss,-1.2237,6.0125,-1.2237,resolved_loss
sig_1149_ACMR,ACMR,2026-03-01T21:45:10.631481,1,,resolved_loss,-1.9266,-30.7645,-1.9266,resolved_loss
sig_1150_ACLS,ACLS,2026-03-01T21:45:10.631481,2,,resolved_loss,-1.8198,-12.6909,-1.8198,resolved_loss
sig_1151_AEIS,AEIS,2026-03-01T21:45:10.631481,0,,resolved_win,5.0858,-7.2241,5.0858,resolved_win
sig_1152_CAMT,CAMT,2026-03-01T21:45:10.631481,1,,resolved_win,5.2615,-6.2227,5.2615,resolved_win
sig_1153_AMBA,AMBA,2026-03-01T21:45:10.631481,2,,resolved_loss,-2.2679,-20.8044,-2.2679,resolved_loss
sig_1154_ALAB,ALAB,2026-03-01T21:45:10.631481,1,,resolved_loss,-4.2831,-2.0059,-4.2831,resolved_loss
sig_1155_ADI,ADI,2026-03-01T21:45:10.631481,0,,resolved_win,2.5712,-6.6532,2.5712,resolved_win
sig_1156_ALGM,ALGM,2026-03-01T21:45:10.631481,1,,resolved_loss,-1.5239,-22.7625,-1.5239,resolved_loss
sig_1157_AMKR,AMKR,2026-03-01T21:45:10.631481,1,,resolved_loss,-3.5128,-9.7689,-3.5128,resolved_loss
sig_1158_AIP,AIP,2026-03-01T21:45:10.631481,1,,resolved_win,10.4701,3.4188,10.4701,resolved_win
sig_1159_AAON,AAON,2026-03-01T21:45:10.631481,1,,resolved_win,3.921,-12.9309,3.921,resolved_win
sig_1160_AFRM,AFRM,2026-03-01T21:45:10.631481,0,,resolved_loss,-2.9499,1.6716,-2.9499,resolved_loss
sig_1161_DAVE,DAVE,2026-03-01T21:45:10.631481,2,,resolved_win,7.5341,23.8101,7.5341,resolved_win
sig_1162_BULL,BULL,2026-03-01T21:45:10.631481,1,,resolved_loss,-2.4555,-7.7053,-2.4555,resolved_loss
sig_1163_GCMG,GCMG,2026-03-01T21:45:10.631481,2,,resolved_loss,-1.0961,-6.0444,-1.0961,resolved_loss
sig_1164_ACGL,ACGL,2026-03-01T21:45:10.631481,1,,resolved_win,2.321,-1.965,2.321,resolved_win
sig_1165_ACT,ACT,2026-03-01T21:45:10.631481,1,,resolved_loss,-0.6497,-4.3928,-0.6497,resolved_loss
sig_1166_NMIH,NMIH,2026-03-01T21:45:10.631481,1,,resolved_loss,-0.7286,-3.794,-0.7286,resolved_loss
sig_1167_BHF,BHF,2026-03-01T21:45:10.631481,1,,resolved_loss,-0.274,-7.3346,-0.274,resolved_loss
sig_1168_BWIN,BWIN,2026-03-01T21:45:10.631481,0,,resolved_win,6.0892,23.0587,6.0892,resolved_win
sig_1169_BOKF,BOKF,2026-03-01T21:45:10.631481,1,,resolved_loss,-0.9813,-7.1022,-0.9813,resolved_loss
sig_1170_BANR,BANR,2026-03-01T21:45:10.631481,1,,resolved_loss,-0.6918,-7.3489,-0.6918,resolved_loss
sig_1171_BUSE,BUSE,2026-03-01T21:45:10.631481,1,,resolved_loss,-0.5999,-6.7723,-0.5999,resolved_loss
sig_1172_AAME,AAME,2026-03-01T21:45:10.631481,3,,resolved_loss,-2.1739,-5.0725,-2.1739,resolved_loss
sig_1173_AIFU,AIFU,2026-03-01T21:45:10.631481,2,,resolved_win,17.7515,12.426,17.7515,resolved_win
sig_1174_AGNC,AGNC,2026-03-01T21:45:10.631481,1,,resolved_loss,-0.9726,-9.1332,-0.9726,resolved_loss
sig_1175_ACR,ACR,2026-03-01T21:45:10.631481,2,,resolved_loss,-1.4516,2.2581,-1.4516,resolved_loss
sig_1176_ACRE,ACRE,2026-03-01T21:45:10.631481,1,,resolved_loss,-1.3645,-3.0928,-1.3645,resolved_loss
sig_1177_AEI,AEI,2026-03-01T21:45:10.631481,1,,resolved_loss,-7.5,-35.4167,-7.5,resolved_loss
sig_1178_AFCG,AFCG,2026-03-01T21:45:10.631481,2,,resolved_loss,-2.0045,14.4935,-2.0045,resolved_loss
sig_1179_AIRE,AIRE,2026-03-01T21:45:10.631481,1,,resolved_win,7.5269,2302.5538,7.5269,resolved_win
sig_1180_ACTG,ACTG,2026-03-01T21:45:10.631481,1,,resolved_win,3.2663,2.5126,3.2663,resolved_win
sig_1181_ALVO,ALVO,2026-03-01T21:45:10.631481,1,,resolved_loss,-1.8826,-11.1849,-1.8826,resolved_loss
sig_1182_ABAT,ABAT,2026-03-01T21:45:10.631481,1,,resolved_loss,-3.5422,-8.1744,-3.5422,resolved_loss
sig_1183_AMSC,AMSC,2026-03-01T21:45:10.631481,2,,resolved_loss,-2.4225,-22.8625,-2.4225,resolved_loss
sig_1184_ACDC,ACDC,2026-03-01T21:45:10.631481,1,,resolved_loss,-3.154,0.1855,-3.154,resolved_loss
sig_1185_APA,APA,2026-03-01T21:45:10.631481,1,,resolved_win,4.0471,19.436,4.0471,resolved_win
sig_1186_AEP,AEP,2026-03-01T21:45:10.631481,1,,resolved_win,2.066,0.3635,2.066,resolved_win
sig_1187_LMT,LMT,2026-03-01T21:45:10.631481,0,,resolved_win,2.4929,1.8839,2.4929,resolved_win
sig_1188_RTX,RTX,2026-03-01T21:45:10.631481,1,,resolved_win,2.7253,2.573,2.7253,resolved_win
sig_1189_NOC,NOC,2026-03-01T21:45:10.631481,1,,resolved_win,2.5496,6.5739,2.5496,resolved_win
sig_1190_GD,GD,2026-03-01T21:45:10.631481,1,,resolved_win,2.9292,4.7236,2.9292,resolved_win
sig_1191_BA,BA,2026-03-01T21:45:10.631481,1,,resolved_loss,-1.3972,-5.4436,-1.3972,resolved_loss
sig_1192_LHX,LHX,2026-03-01T21:45:10.631481,1,,resolved_win,3.0677,4.6355,3.0677,resolved_win
sig_1193_TXT,TXT,2026-03-01T21:45:10.631481,2,,resolved_loss,-0.7935,-5.2455,-0.7935,resolved_loss
sig_1194_HII,HII,2026-03-01T21:45:10.631481,1,,resolved_win,4.6917,2.3266,4.6917,resolved_win
sig_1195_RKLB,RKLB,2026-03-01T21:45:10.631481,1,,resolved_loss,-3.0877,1.6383,-3.0877,resolved_loss
sig_1196_LUNR,LUNR,2026-03-01T21:45:10.631481,1,,resolved_win,8.7197,8.2897,8.7197,resolved_win
sig_1197_ASTS,ASTS,2026-03-01T21:45:10.631481,1,,resolved_loss,-3.5316,8.5862,-3.5316,resolved_loss
sig_1198_SPCE,SPCE,2026-03-01T21:45:10.631481,1,,resolved_win,6.4257,1.2048,6.4257,resolved_win
sig_1199_BKSY,BKSY,2026-03-01T21:45:10.631481,1,,resolved_loss,-3.9852,9.9629,-3.9852,resolved_loss
sig_1200_PL,PL,2026-03-01T21:45:10.631481,1,,resolved_win,8.4647,13.8226,8.4647,resolved_win
sig_1201_SATL,SATL,2026-03-01T21:45:10.631481,1,,resolved_win,13.7255,10.1604,13.7255,resolved_win
sig_1202_RDW,RDW,2026-03-01T21:45:10.631481,1,,resolved_win,9.8465,9.335,9.8465,resolved_win
sig_1203_MNTS,MNTS,2026-03-01T21:45:10.631481,1,,resolved_loss,-6.1111,-23.3333,-6.1111,resolved_loss
sig_1204_GILT,GILT,2026-03-01T21:45:10.631481,1,,resolved_win,6.8052,15.616,6.8052,resolved_win
sig_1205_KTOS,KTOS,2026-03-01T21:45:10.631481,1,,resolved_loss,-2.8469,-5.1047,-2.8469,resolved_loss
sig_1206_MRCY,MRCY,2026-03-01T21:45:10.631481,1,,resolved_win,4.9341,3.497,4.9341,resolved_win
sig_1207_SATS,SATS,2026-03-01T21:45:10.631481,1,,resolved_win,5.7533,-6.3965,5.7533,resolved_win
sig_1208_VSAT,VSAT,2026-03-01T21:45:10.631481,1,,resolved_loss,-2.337,-6.1106,-2.337,resolved_loss
sig_1209_IRDM,IRDM,2026-03-01T21:45:10.631481,2,,resolved_win,5.91,1.8354,5.91,resolved_win
sig_1210_GRMN,GRMN,2026-03-01T21:45:10.631481,2,,resolved_win,2.9353,11.7692,2.9353,resolved_win
sig_1211_ACFN,ACFN,2026-03-01T21:45:10.631481,1,,resolved_win,13.6679,8.6654,13.6679,resolved_win
sig_1212_CRM,CRM,2026-03-01T21:45:10.631481,0,,resolved_win,4.4777,9.2062,4.4777,resolved_win
sig_1213_NOW,NOW,2026-03-01T21:45:10.631481,2,,resolved_win,5.8599,18.4755,5.8599,resolved_win
sig_1214_SNOW,SNOW,2026-03-01T21:45:10.631481,2,,resolved_loss,-2.4393,3.4655,-2.4393,resolved_loss
sig_1215_DDOG,DDOG,2026-03-01T21:45:10.631481,1,,resolved_loss,-2.9133,2.9051,-2.9133,resolved_loss
sig_1216_NET,NET,2026-03-01T21:45:10.631481,2,,resolved_loss,-1.8269,2.1777,-1.8269,resolved_loss
sig_1217_ZS,ZS,2026-03-01T21:45:10.631481,1,,resolved_loss,-2.0763,-4.179,-2.0763,resolved_loss
sig_1218_CRWD,CRWD,2026-03-01T21:45:10.631481,1,,resolved_loss,-2.2719,5.253,-2.2719,resolved_loss
sig_1219_OKTA,OKTA,2026-03-01T21:45:10.631481,1,,resolved_loss,-2.2567,-1.266,-2.2567,resolved_loss
sig_1220_PANW,PANW,2026-03-01T21:45:10.631481,1,,resolved_loss,-1.669,1.2763,-1.669,resolved_loss
sig_1221_FTNT,FTNT,2026-03-01T21:45:10.631481,1,,resolved_loss,-0.9677,2.4865,-0.9677,resolved_loss
sig_1222_WDAY,WDAY,2026-03-01T21:45:10.631481,0,,resolved_loss,-1.9114,5.7481,-1.9114,resolved_loss
sig_1223_MDB,MDB,2026-03-01T21:45:10.631481,1,,resolved_loss,-3.1367,-22.0047,-3.1367,resolved_loss
sig_1224_TEAM,TEAM,2026-03-01T21:45:10.631481,0,,resolved_loss,-2.6672,3.734,-2.6672,resolved_loss
sig_1225_HUBS,HUBS,2026-03-01T21:45:10.631481,2,,resolved_win,9.6463,21.1141,9.6463,resolved_win
sig_1226_VEEV,VEEV,2026-03-01T21:45:10.631481,0,,resolved_win,5.4588,10.1879,5.4588,resolved_win
sig_1227_BILL,BILL,2026-03-01T21:45:10.631481,1,,resolved_loss,-2.7444,2.2,-2.7444,resolved_loss
sig_1228_DOCN,DOCN,2026-03-01T21:45:10.631481,2,,resolved_loss,-2.0824,-19.0094,-2.0824,resolved_loss
sig_1229_CFLT,CFLT,2026-03-01T21:45:10.631481,1,,open,,,,
sig_1230_ESTC,ESTC,2026-03-01T21:45:10.631481,1,,resolved_loss,-2.2559,-9.5455,-2.2559,resolved_loss
sig_1231_GTLB,GTLB,2026-03-01T21:45:10.631481,0,,resolved_loss,-2.3801,-11.5098,-2.3801,resolved_loss
sig_1232_PATH,PATH,2026-03-01T21:45:10.631481,0,,resolved_loss,-2.7291,9.8697,-2.7291,resolved_loss
sig_1233_FROG,FROG,2026-03-01T21:45:10.631481,1,,resolved_loss,-4.1732,-12.9452,-4.1732,resolved_loss
sig_1234_ALKT,ALKT,2026-03-01T21:45:10.631481,0,,resolved_win,8.3333,7.702,8.3333,resolved_win
sig_1235_APPF,APPF,2026-03-01T21:45:10.631481,0,,resolved_win,4.9784,13.1652,4.9784,resolved_win
sig_1236_AGYS,AGYS,2026-03-01T21:45:10.631481,0,,resolved_loss,-2.1329,-3.9435,-2.1329,resolved_loss
sig_1237_ACIW,ACIW,2026-03-01T21:45:10.631481,1,,resolved_loss,-1.6798,5.1136,-1.6798,resolved_loss
sig_1238_ALRM,ALRM,2026-03-01T21:45:10.631481,1,,resolved_win,3.8496,10.4425,3.8496,resolved_win
sig_1239_COIN,COIN,2026-03-01T21:45:10.631481,1,,resolved_win,9.0033,18.0993,9.0033,resolved_win
sig_1240_MARA,MARA,2026-03-01T21:45:10.631481,1,,resolved_win,10.5724,7.8788,10.5724,resolved_win
sig_1241_RIOT,RIOT,2026-03-01T21:45:10.631481,1,,resolved_win,10.8863,-1.1514,10.8863,resolved_win
sig_1242_CLSK,CLSK,2026-03-01T21:45:10.631481,1,,resolved_win,10.8458,0.8784,10.8458,resolved_win
sig_1243_BITF,BITF,2026-03-01T21:45:10.631481,1,,open,,,,
sig_1244_HUT,HUT,2026-03-01T21:45:10.631481,1,,resolved_loss,-3.6655,-10.9493,-3.6655,resolved_loss
sig_1245_HIVE,HIVE,2026-03-01T21:45:10.631481,1,,resolved_loss,-3.5461,-3.0733,-3.5461,resolved_loss
sig_1246_BTBT,BTBT,2026-03-01T21:45:10.631481,1,,resolved_win,11.0448,-3.2836,11.0448,resolved_win
sig_1247_MSTR,MSTR,2026-03-01T21:45:10.631481,1,,resolved_win,8.4446,3.6402,8.4446,resolved_win
sig_1248_PYPL,PYPL,2026-03-01T21:45:10.631481,0,,resolved_win,4.3774,13.8514,4.3774,resolved_win
sig_1249_HOOD,HOOD,2026-03-01T21:45:10.631481,1,,resolved_loss,-2.6951,3.1097,-2.6951,resolved_loss
sig_1250_ARBK,ARBK,2026-03-01T21:45:10.631481,0,,expired_win,2.4648,2.8169,2.4648,expired_win
sig_1251_IREN,IREN,2026-03-01T21:45:10.631481,1,,resolved_loss,-4.0179,-8.9782,-4.0179,resolved_loss
sig_1252_BTDR,BTDR,2026-03-01T21:45:10.631481,1,,resolved_loss,-3.3058,-24.7934,-3.3058,resolved_loss
sig_1253_CIFR,CIFR,2026-03-01T21:45:10.631481,1,,resolved_loss,-5.0589,-9.0648,-5.0589,resolved_loss
sig_1254_CORZ,CORZ,2026-03-01T21:45:10.631481,1,,resolved_loss,-3.5328,-15.3276,-3.5328,resolved_loss
sig_1255_GREE,GREE,2026-03-01T21:45:10.631481,2,,resolved_win,15.9184,23.2653,15.9184,resolved_win
sig_1256_WULF,WULF,2026-03-01T21:45:10.631481,1,,resolved_loss,-2.8809,-11.9718,-2.8809,resolved_loss
sig_1257_CANG,CANG,2026-03-01T21:45:10.631481,0,,resolved_loss,-3.8343,-13.6974,-3.8343,resolved_loss
sig_1258_XNET,XNET,2026-03-01T21:45:10.631481,1,,resolved_loss,-2.1872,-2.5372,-2.1872,resolved_loss
sig_1259_BTCS,BTCS,2026-03-01T21:45:10.631481,0,,resolved_win,9.2105,15.7895,9.2105,resolved_win
sig_1260_BNGO,BNGO,2026-03-01T21:45:10.631481,0,,resolved_win,6.8493,2.2831,6.8493,resolved_win
sig_1261_NVAX,NVAX,2026-03-01T21:45:10.631481,1,,resolved_win,6.6901,17.1361,6.6901,resolved_win
sig_1262_OCGN,OCGN,2026-03-01T21:45:10.631481,1,,resolved_win,7.8571,15,7.8571,resolved_win
sig_1263_SAVA,SAVA,2026-03-01T21:45:10.631481,2,,open,,,,
sig_1264_T,T,2026-03-01T21:45:10.631481,0,,resolved_loss,-0.5888,-1.8242,-0.5888,resolved_loss
sig_1265_VZ,VZ,2026-03-01T21:45:10.631481,0,,resolved_win,1.9816,2.6183,1.9816,resolved_win
sig_1266_MO,MO,2026-03-01T21:45:10.631481,1,,resolved_win,1.9109,-1.574,1.9109,resolved_win
sig_1267_PM,PM,2026-03-01T21:45:10.631481,1,,resolved_loss,-0.5274,-8.4021,-0.5274,resolved_loss
sig_1268_IBM,IBM,2026-03-01T21:45:10.631481,1,,resolved_loss,-1.3955,-0.6692,-1.3955,resolved_loss
sig_1269_XOM,XOM,2026-03-01T21:45:10.631481,1,,resolved_win,2.9053,2.9126,2.9053,resolved_win
sig_1270_CVX,CVX,2026-03-01T21:45:10.631481,1,,resolved_win,2.6711,4.7391,2.6711,resolved_win
sig_1271_ABBV,ABBV,2026-03-01T21:45:10.631481,2,,resolved_loss,-0.6738,-1.4268,-0.6738,resolved_loss
sig_1272_KO,KO,2026-03-01T21:45:10.631481,0,,resolved_win,1.6089,-3.0007,1.6089,resolved_win
sig_1273_PEP,PEP,2026-03-01T21:45:10.631481,1,,resolved_win,2.1797,-2.3035,2.1797,resolved_win
sig_1274_JNJ,JNJ,2026-03-01T21:45:10.631481,0,,resolved_win,1.5953,-1.5931,1.5953,resolved_win
sig_1275_PG,PG,2026-03-01T21:45:10.631481,1,,resolved_win,1.9089,-4.25,1.9089,resolved_win
sig_1276_MMM,MMM,2026-03-01T21:45:10.631481,1,,resolved_loss,-0.8128,-9.4508,-0.8128,resolved_loss
sig_1277_CAT,CAT,2026-03-01T21:45:10.631481,1,,resolved_loss,-0.9707,-10.8503,-0.9707,resolved_loss
sig_1278_DE,DE,2026-03-01T21:45:10.631481,0,,resolved_win,2.6266,-2.7059,2.6266,resolved_win
sig_1279_EMR,EMR,2026-03-01T21:45:10.631481,1,,resolved_loss,-1.6592,-7.8055,-1.6592,resolved_loss
sig_1280_SWK,SWK,2026-03-01T21:45:10.631481,1,,resolved_loss,-0.768,-17.7312,-0.768,resolved_loss
sig_1281_GPC,GPC,2026-03-01T21:45:10.631481,2,,resolved_loss,-3.4735,-11.1012,-3.4735,resolved_loss
sig_1282_SYY,SYY,2026-03-01T21:45:10.631481,0,,resolved_loss,-0.6288,-5.0165,-0.6288,resolved_loss
sig_1283_ADM,ADM,2026-03-01T21:45:10.631481,1,,resolved_loss,-1.5095,-0.8461,-1.5095,resolved_loss
sig_1284_NUE,NUE,2026-03-01T21:45:10.631481,1,,resolved_loss,-1.6162,-7.8637,-1.6162,resolved_loss
sig_1285_AGNC,AGNC,2026-03-01T21:45:10.631481,1,,resolved_loss,-0.9717,-9.2135,-0.9717,resolved_loss
sig_1286_NLY,NLY,2026-03-01T21:45:10.631481,1,,resolved_loss,-0.9362,-5.6297,-0.9362,resolved_loss
sig_1287_ARCC,ARCC,2026-03-01T21:45:10.631481,1,,resolved_loss,-1.0096,-5.5542,-1.0096,resolved_loss
sig_1288_MAIN,MAIN,2026-03-01T21:45:10.631481,1,,resolved_loss,-1.2149,-4.4403,-1.2149,resolved_loss
sig_1289_HTGC,HTGC,2026-03-01T21:45:10.631481,1,,resolved_loss,-1.5933,-9.9054,-1.5933,resolved_loss
sig_1290_PSEC,PSEC,2026-03-01T21:45:10.631481,2,,resolved_loss,-1.2918,-13.9403,-1.2918,resolved_loss
sig_1291_GBDC,GBDC,2026-03-01T21:45:10.631481,2,,resolved_loss,-1.1335,-4.6102,-1.1335,resolved_loss
sig_1292_TPVG,TPVG,2026-03-01T21:45:10.631481,1,,resolved_loss,-1.2478,-10.1682,-1.2478,resolved_loss
sig_1293_JPM,JPM,2026-03-01T21:45:10.631481,1,,resolved_loss,-1.089,-5.5315,-1.089,resolved_loss
sig_1294_BAC,BAC,2026-03-01T21:45:10.631481,1,,resolved_loss,-1.0726,-8.1375,-1.0726,resolved_loss
sig_1295_WFC,WFC,2026-03-01T21:45:10.631481,1,,resolved_loss,-1.1409,-8.7703,-1.1409,resolved_loss
sig_1296_C,C,2026-03-01T21:45:10.631481,1,,resolved_loss,-1.4317,-6.2939,-1.4317,resolved_loss
sig_1297_GS,GS,2026-03-01T21:45:10.631481,1,,resolved_loss,-1.4153,-10.4734,-1.4153,resolved_loss
sig_1298_CVX,CVX,2026-03-01T21:45:10.631481,1,,resolved_win,2.4411,4.4195,2.4411,resolved_win
sig_1299_XOM,XOM,2026-03-01T21:45:10.631481,1,,resolved_win,2.6842,2.8421,2.6842,resolved_win
sig_1300_VZ,VZ,2026-03-01T21:45:10.631481,0,,resolved_win,1.8899,2.8961,1.8899,resolved_win
sig_1301_T,T,2026-03-01T21:45:10.631481,0,,resolved_loss,-0.5736,-1.4658,-0.5736,resolved_loss
sig_1302_IBM,IBM,2026-03-01T21:45:10.631481,1,,resolved_loss,-1.3375,-0.3804,-1.3375,resolved_loss
sig_1303_INTC,INTC,2026-03-01T21:45:10.631481,1,,resolved_loss,-1.9438,-6.2203,-1.9438,resolved_loss
sig_1304_GM,GM,2026-03-01T21:45:10.631481,1,,resolved_loss,-1.1066,-6.6924,-1.1066,resolved_loss
sig_1305_F,F,2026-03-01T21:45:10.631481,2,,resolved_loss,-0.6069,-14.3252,-0.6069,resolved_loss
sig_1306_AAL,AAL,2026-03-01T21:45:10.631481,2,,resolved_loss,-1.7854,-21.5686,-1.7854,resolved_loss
sig_1307_UAL,UAL,2026-03-01T21:45:10.631481,2,,resolved_loss,-1.1298,-18.0945,-1.1298,resolved_loss
sig_1308_DAL,DAL,2026-03-01T21:45:10.631481,1,,resolved_loss,-1.5203,-16.377,-1.5203,resolved_loss
sig_1309_LUV,LUV,2026-03-01T21:45:10.631481,2,,resolved_loss,-1.0888,-23.9688,-1.0888,resolved_loss
sig_1310_CAR,CAR,2026-03-01T21:45:10.631481,2,,resolved_loss,-1.9285,-20.149,-1.9285,resolved_loss
sig_1311_ACHC,ACHC,2026-03-01T21:45:10.631481,2,,resolved_win,4.7474,55.9343,4.7474,resolved_win
sig_1312_ACT,ACT,2026-03-01T21:45:10.631481,1,,resolved_loss,-0.6038,-4.304,-0.6038,resolved_loss
sig_1313_BHF,BHF,2026-03-01T21:45:10.631481,1,,resolved_loss,-0.2584,-7.3056,-0.2584,resolved_loss
sig_1314_BOKF,BOKF,2026-03-01T21:45:10.631481,1,,resolved_loss,-0.8917,-6.9483,-0.8917,resolved_loss
sig_1315_BANR,BANR,2026-03-01T21:45:10.631481,1,,resolved_loss,-0.5917,-7.1974,-0.5917,resolved_loss
sig_1316_ASO,ASO,2026-03-01T21:45:10.631481,2,,resolved_loss,-0.8615,1.486,-0.8615,resolved_loss
sig_1317_CAKE,CAKE,2026-03-01T21:45:10.631481,1,,resolved_loss,-1.6813,-1.6729,-1.6813,resolved_loss
sig_1318_DRI,DRI,2026-03-01T21:45:10.631481,2,,resolved_loss,-0.6582,-7.5123,-0.6582,resolved_loss
sig_1319_SBUX,SBUX,2026-03-01T21:45:10.631481,1,,resolved_win,3.2248,4.395,3.2248,resolved_win
sig_1320_MCD,MCD,2026-03-01T21:45:10.631481,1,,resolved_win,1.905,-0.1241,1.905,resolved_win
sig_1321_YUM,YUM,2026-03-01T21:45:10.631481,1,,resolved_win,1.5938,-0.4808,1.5938,resolved_win
sig_1322_AAPL,AAPL,2026-03-01T21:45:10.631481,1,,resolved_loss,-0.9713,-2.7843,-0.9713,resolved_loss
sig_1323_MSFT,MSFT,2026-03-01T21:45:10.631481,1,,resolved_loss,-0.8081,2.7253,-0.8081,resolved_loss
sig_1324_GOOGL,GOOGL,2026-03-01T21:45:10.631481,2,,resolved_loss,-1.0254,-5.3549,-1.0254,resolved_loss
sig_1325_GOOG,GOOG,2026-03-01T21:45:10.631481,2,,resolved_loss,-1.0451,-5.3651,-1.0451,resolved_loss
sig_1326_META,META,2026-03-01T21:45:10.631481,1,,resolved_loss,-1.0036,-1.7238,-1.0036,resolved_loss
sig_1327_AMZN,AMZN,2026-03-01T21:45:10.631481,2,,resolved_loss,-1.0991,1.4416,-1.0991,resolved_loss
sig_1328_NVDA,NVDA,2026-03-01T21:45:10.631481,2,,resolved_loss,-0.6216,-6.4408,-0.6216,resolved_loss
sig_1329_TSLA,TSLA,2026-03-01T21:45:10.631481,2,,resolved_loss,-1.2436,-3.6385,-1.2436,resolved_loss
sig_1330_ADBE,ADBE,2026-03-01T21:45:10.631481,1,,resolved_win,2.9892,9.6752,2.9892,resolved_win
sig_1331_CRM,CRM,2026-03-01T21:45:10.631481,1,,resolved_win,3.3206,8.5723,3.3206,resolved_win
sig_1332_ORCL,ORCL,2026-03-01T21:45:10.631481,1,,resolved_loss,-1.6475,2.9221,-1.6475,resolved_loss
sig_1333_INTC,INTC,2026-03-01T21:45:10.631481,1,,resolved_loss,-1.6319,-1.5866,-1.6319,resolved_loss
sig_1334_AMD,AMD,2026-03-01T21:45:10.631481,1,,resolved_loss,-1.5241,-3.8427,-1.5241,resolved_loss
sig_1335_AVGO,AVGO,2026-03-01T21:45:10.631481,1,,resolved_loss,-1.3681,-0.8424,-1.3681,resolved_loss
sig_1336_QCOM,QCOM,2026-03-01T21:45:10.631481,2,,resolved_loss,-0.9588,-5.3817,-0.9588,resolved_loss
sig_1337_TXN,TXN,2026-03-01T21:45:10.631481,1,,resolved_loss,-0.8327,-12.5168,-0.8327,resolved_loss
sig_1338_MU,MU,2026-03-01T21:45:10.631481,1,,resolved_loss,-1.6376,-13.5318,-1.6376,resolved_loss
sig_1339_AMAT,AMAT,2026-03-01T21:45:10.631481,2,,resolved_loss,-0.7646,-13.5908,-0.7646,resolved_loss
sig_1340_LRCX,LRCX,2026-03-01T21:45:10.631481,1,,resolved_loss,-1.4782,-18.6043,-1.4782,resolved_loss
sig_1341_KLAC,KLAC,2026-03-01T21:45:10.631481,1,,resolved_loss,-1.3077,-91.0271,-1.3077,resolved_loss
sig_1342_SNPS,SNPS,2026-03-01T21:45:10.631481,2,,resolved_loss,-1.4455,-0.5886,-1.4455,resolved_loss
sig_1343_CDNS,CDNS,2026-03-01T21:45:10.631481,2,,resolved_win,4.079,0.2668,4.079,resolved_win
sig_1344_MRVL,MRVL,2026-03-01T21:45:10.631481,2,,resolved_win,3.4474,12.6386,3.4474,resolved_win
sig_1345_ADI,ADI,2026-03-01T21:45:10.631481,2,,resolved_loss,-0.5945,-11.2624,-0.5945,resolved_loss
sig_1346_NXPI,NXPI,2026-03-01T21:45:10.631481,1,,resolved_loss,-1.0677,-13.5963,-1.0677,resolved_loss
sig_1347_MCHP,MCHP,2026-03-01T21:45:10.631481,1,,resolved_loss,-1.1193,-17.0892,-1.1193,resolved_loss
sig_1348_ON,ON,2026-03-01T21:45:10.631481,1,,resolved_loss,-0.7235,-17.7109,-0.7235,resolved_loss
sig_1349_SWKS,SWKS,2026-03-01T21:45:10.631481,1,,resolved_loss,-1.1825,-9.4973,-1.1825,resolved_loss
sig_1350_QRVO,QRVO,2026-03-01T21:45:10.631481,1,,resolved_loss,-0.8701,-5.5187,-0.8701,resolved_loss
sig_1351_MPWR,MPWR,2026-03-01T21:45:10.631481,1,,resolved_loss,-1.3126,-15.2261,-1.3126,resolved_loss
sig_1352_AAPL,AAPL,2026-03-01T21:45:10.631481,1,,resolved_loss,-0.9713,-2.7843,-0.9713,resolved_loss
sig_1353_MSFT,MSFT,2026-03-01T21:45:10.631481,1,,resolved_loss,-0.8081,2.7253,-0.8081,resolved_loss
sig_1354_GOOGL,GOOGL,2026-03-01T21:45:10.631481,2,,resolved_loss,-1.0254,-5.3549,-1.0254,resolved_loss
sig_1355_GOOG,GOOG,2026-03-01T21:45:10.631481,2,,resolved_loss,-1.0451,-5.3651,-1.0451,resolved_loss
sig_1356_META,META,2026-03-01T21:45:10.631481,1,,resolved_loss,-1.0036,-1.7238,-1.0036,resolved_loss
sig_1357_AMZN,AMZN,2026-03-01T21:45:10.631481,2,,resolved_loss,-1.0991,1.4416,-1.0991,resolved_loss
sig_1358_NVDA,NVDA,2026-03-01T21:45:10.631481,2,,resolved_loss,-0.6216,-6.4408,-0.6216,resolved_loss
sig_1359_TSLA,TSLA,2026-03-01T21:45:10.631481,2,,resolved_loss,-1.2436,-3.6385,-1.2436,resolved_loss
sig_1360_ADBE,ADBE,2026-03-01T21:45:10.631481,1,,resolved_win,2.9892,9.6752,2.9892,resolved_win
sig_1361_CRM,CRM,2026-03-01T21:45:10.631481,1,,resolved_win,3.3206,8.5723,3.3206,resolved_win
sig_1362_ORCL,ORCL,2026-03-01T21:45:10.631481,1,,resolved_loss,-1.6475,2.9221,-1.6475,resolved_loss
sig_1363_INTC,INTC,2026-03-01T21:45:10.631481,1,,resolved_loss,-1.6319,-1.5866,-1.6319,resolved_loss
sig_1364_AMD,AMD,2026-03-01T21:45:10.631481,1,,resolved_loss,-1.5241,-3.8427,-1.5241,resolved_loss
sig_1365_AVGO,AVGO,2026-03-01T21:45:10.631481,1,,resolved_loss,-1.3681,-0.8424,-1.3681,resolved_loss
sig_1366_QCOM,QCOM,2026-03-01T21:45:10.631481,2,,resolved_loss,-0.9588,-5.3817,-0.9588,resolved_loss
sig_1367_TXN,TXN,2026-03-01T21:45:10.631481,1,,resolved_loss,-0.8327,-12.5168,-0.8327,resolved_loss
sig_1368_MU,MU,2026-03-01T21:45:10.631481,1,,resolved_loss,-1.6376,-13.5318,-1.6376,resolved_loss
sig_1369_AMAT,AMAT,2026-03-01T21:45:10.631481,2,,resolved_loss,-0.7646,-13.5908,-0.7646,resolved_loss
sig_1370_LRCX,LRCX,2026-03-01T21:45:10.631481,1,,resolved_loss,-1.4782,-18.6043,-1.4782,resolved_loss
sig_1371_KLAC,KLAC,2026-03-01T21:45:10.631481,1,,resolved_loss,-1.3077,-91.0271,-1.3077,resolved_loss
sig_1372_SNPS,SNPS,2026-03-01T21:45:10.631481,2,,resolved_loss,-1.4455,-0.5886,-1.4455,resolved_loss
sig_1373_CDNS,CDNS,2026-03-01T21:45:10.631481,2,,resolved_win,4.079,0.2668,4.079,resolved_win
sig_1374_MRVL,MRVL,2026-03-01T21:45:10.631481,2,,resolved_win,3.4474,12.6386,3.4474,resolved_win
sig_1375_ADI,ADI,2026-03-01T21:45:10.631481,2,,resolved_loss,-0.5945,-11.2624,-0.5945,resolved_loss
sig_1376_NXPI,NXPI,2026-03-01T21:45:10.631481,1,,resolved_loss,-1.0677,-13.5963,-1.0677,resolved_loss
sig_1377_MCHP,MCHP,2026-03-01T21:45:10.631481,1,,resolved_loss,-1.1193,-17.0892,-1.1193,resolved_loss
sig_1378_ON,ON,2026-03-01T21:45:10.631481,1,,resolved_loss,-0.7235,-17.7109,-0.7235,resolved_loss
sig_1379_SWKS,SWKS,2026-03-01T21:45:10.631481,1,,resolved_loss,-1.1825,-9.4973,-1.1825,resolved_loss
sig_1380_QRVO,QRVO,2026-03-01T21:45:10.631481,1,,resolved_loss,-0.8701,-5.5187,-0.8701,resolved_loss
sig_1381_MPWR,MPWR,2026-03-01T21:45:10.631481,1,,resolved_loss,-1.3126,-15.2261,-1.3126,resolved_loss
sig_1382_NVDA,NVDA,2026-03-01T21:45:10.631481,2,,resolved_loss,-0.6216,-6.4408,-0.6216,resolved_loss
sig_1383_AMD,AMD,2026-03-01T21:45:10.631481,1,,resolved_loss,-1.5241,-3.8427,-1.5241,resolved_loss
sig_1384_INTC,INTC,2026-03-01T21:45:10.631481,1,,resolved_loss,-1.6319,-1.5866,-1.6319,resolved_loss
sig_1385_AVGO,AVGO,2026-03-01T21:45:10.631481,1,,resolved_loss,-1.3681,-0.8424,-1.3681,resolved_loss
sig_1386_QCOM,QCOM,2026-03-01T21:45:10.631481,2,,resolved_loss,-0.9588,-5.3817,-0.9588,resolved_loss
sig_1387_TXN,TXN,2026-03-01T21:45:10.631481,1,,resolved_loss,-0.8327,-12.5168,-0.8327,resolved_loss
sig_1388_MU,MU,2026-03-01T21:45:10.631481,1,,resolved_loss,-1.6376,-13.5318,-1.6376,resolved_loss
sig_1389_AMAT,AMAT,2026-03-01T21:45:10.631481,2,,resolved_loss,-0.7646,-13.5908,-0.7646,resolved_loss
sig_1390_LRCX,LRCX,2026-03-01T21:45:10.631481,1,,resolved_loss,-1.4782,-18.6043,-1.4782,resolved_loss
sig_1391_KLAC,KLAC,2026-03-01T21:45:10.631481,1,,resolved_loss,-1.3077,-91.0271,-1.3077,resolved_loss
sig_1392_MRVL,MRVL,2026-03-01T21:45:10.631481,2,,resolved_win,3.4474,12.6386,3.4474,resolved_win
sig_1393_ADI,ADI,2026-03-01T21:45:10.631481,2,,resolved_loss,-0.5945,-11.2624,-0.5945,resolved_loss
sig_1394_NXPI,NXPI,2026-03-01T21:45:10.631481,1,,resolved_loss,-1.0677,-13.5963,-1.0677,resolved_loss
sig_1395_MCHP,MCHP,2026-03-01T21:45:10.631481,1,,resolved_loss,-1.1193,-17.0892,-1.1193,resolved_loss
sig_1396_ON,ON,2026-03-01T21:45:10.631481,1,,resolved_loss,-0.7235,-17.7109,-0.7235,resolved_loss
sig_1397_SWKS,SWKS,2026-03-01T21:45:10.631481,1,,resolved_loss,-1.1825,-9.4973,-1.1825,resolved_loss
sig_1398_QRVO,QRVO,2026-03-01T21:45:10.631481,1,,resolved_loss,-0.8701,-5.5187,-0.8701,resolved_loss
sig_1399_MPWR,MPWR,2026-03-01T21:45:10.631481,1,,resolved_loss,-1.3126,-15.2261,-1.3126,resolved_loss
sig_1400_ALGM,ALGM,2026-03-01T21:45:10.631481,2,,resolved_loss,-2.0036,-17.981,-2.0036,resolved_loss
sig_1401_ACLS,ACLS,2026-03-01T21:45:10.631481,2,,resolved_win,5.6879,2.582,5.6879,resolved_win
sig_1402_AMKR,AMKR,2026-03-01T21:45:10.631481,1,,resolved_loss,-1.6482,-13.4493,-1.6482,resolved_loss
sig_1403_CAMT,CAMT,2026-03-01T21:45:10.631481,2,,resolved_win,6.0019,-0.5469,6.0019,resolved_win
sig_1404_AOSL,AOSL,2026-03-01T21:45:10.631481,2,,resolved_loss,-0.9835,-11.2204,-0.9835,resolved_loss
sig_1405_ACMR,ACMR,2026-03-01T21:45:10.631481,1,,resolved_loss,-1.831,-32.5829,-1.831,resolved_loss
sig_1406_AEHR,AEHR,2026-03-01T21:45:10.631481,3,,resolved_win,8.7073,5.8247,8.7073,resolved_win
sig_1407_ARM,ARM,2026-03-01T21:45:10.631481,1,,resolved_loss,-0.8995,-8.9549,-0.8995,resolved_loss
sig_1408_CRUS,CRUS,2026-03-01T21:45:10.631481,1,,resolved_loss,-0.6263,-8.2548,-0.6263,resolved_loss
sig_1409_DIOD,DIOD,2026-03-01T21:45:10.631481,2,,resolved_win,3.6815,-9.5836,3.6815,resolved_win
sig_1410_FORM,FORM,2026-03-01T21:45:10.631481,1,,resolved_win,3.4373,-10.0899,3.4373,resolved_win
sig_1411_MKSI,MKSI,2026-03-01T21:45:10.631481,1,,resolved_loss,-1.3767,-19.077,-1.3767,resolved_loss
sig_1412_AMGN,AMGN,2026-03-01T21:45:10.631481,1,,resolved_loss,-0.5596,-3.9737,-0.5596,resolved_loss
sig_1413_GILD,GILD,2026-03-01T21:45:10.631481,1,,resolved_loss,-0.9916,-3.4557,-0.9916,resolved_loss
sig_1414_VRTX,VRTX,2026-03-01T21:45:10.631481,2,,resolved_loss,-0.6241,-6.855,-0.6241,resolved_loss
sig_1415_REGN,REGN,2026-03-01T21:45:10.631481,1,,resolved_loss,-0.5773,-2.6612,-0.5773,resolved_loss
sig_1416_BIIB,BIIB,2026-03-01T21:45:10.631481,1,,resolved_loss,-0.5944,-6.0763,-0.5944,resolved_loss
sig_1417_MRNA,MRNA,2026-03-01T21:45:10.631481,1,,resolved_win,5.0029,2.6383,5.0029,resolved_win
sig_1418_BNTX,BNTX,2026-03-01T21:45:10.631481,1,,resolved_loss,-1.1625,-8.5338,-1.1625,resolved_loss
sig_1419_ILMN,ILMN,2026-03-01T21:45:10.631481,1,,resolved_win,3.6788,0.76,3.6788,resolved_win
sig_1420_ALNY,ALNY,2026-03-01T21:45:10.631481,1,,resolved_loss,-1.5594,-2.6193,-1.5594,resolved_loss
sig_1421_BMRN,BMRN,2026-03-01T21:45:10.631481,1,,resolved_loss,-1.8597,-3.6722,-1.8597,resolved_loss
sig_1422_INCY,INCY,2026-03-01T21:45:10.631481,1,,resolved_loss,-1.1215,-4.7932,-1.1215,resolved_loss
sig_1423_EXEL,EXEL,2026-03-01T21:45:10.631481,2,,resolved_loss,-0.7238,-7.4713,-0.7238,resolved_loss
sig_1424_JAZZ,JAZZ,2026-03-01T21:45:10.631481,2,,resolved_win,2.4226,5.6141,2.4226,resolved_win
sig_1425_UTHR,UTHR,2026-03-01T21:45:10.631481,1,,resolved_win,3.0594,0.8553,3.0594,resolved_win
sig_1426_NBIX,NBIX,2026-03-01T21:45:10.631481,1,,resolved_loss,-1.1914,-1.5142,-1.1914,resolved_loss
sig_1427_SRPT,SRPT,2026-03-01T21:45:10.631481,2,,resolved_loss,-2.0975,-12.3755,-2.0975,resolved_loss
sig_1428_ALKS,ALKS,2026-03-01T21:45:10.631481,1,,resolved_loss,-1.5215,-14.5883,-1.5215,resolved_loss
sig_1429_PTCT,PTCT,2026-03-01T21:45:10.631481,1,,resolved_loss,-2.0179,-9.4552,-2.0179,resolved_loss
sig_1430_RARE,RARE,2026-03-01T21:45:10.631481,2,,resolved_loss,-2.2026,-6.3877,-2.2026,resolved_loss
sig_1431_FOLD,FOLD,2026-03-01T21:45:10.631481,0,,resolved_loss,-0.1393,-0.1393,-0.1393,resolved_loss
sig_1432_HALO,HALO,2026-03-01T21:45:10.631481,1,,resolved_loss,-1.5043,-5.2861,-1.5043,resolved_loss
sig_1433_IONS,IONS,2026-03-01T21:45:10.631481,1,,resolved_loss,-1.1446,-12.6685,-1.1446,resolved_loss
sig_1434_ARCT,ARCT,2026-03-01T21:45:10.631481,2,,resolved_loss,-1.6239,-11.7964,-1.6239,resolved_loss
sig_1435_CRSP,CRSP,2026-03-01T21:45:10.631481,2,,resolved_win,4.2591,0.2662,4.2591,resolved_win
sig_1436_EDIT,EDIT,2026-03-01T21:45:10.631481,3,,resolved_loss,-3.3333,-4.7619,-3.3333,resolved_loss
sig_1437_NTLA,NTLA,2026-03-01T21:45:10.631481,2,,resolved_win,5.8131,-1.3781,5.8131,resolved_win
sig_1438_BEAM,BEAM,2026-03-01T21:45:10.631481,2,,resolved_loss,-2.5024,-14.854,-2.5024,resolved_loss
sig_1439_ABCL,ABCL,2026-03-01T21:45:10.631481,2,,resolved_win,6.3694,9.8726,6.3694,resolved_win
sig_1440_ABUS,ABUS,2026-03-01T21:45:10.631481,2,,resolved_win,4.3478,1.0033,4.3478,resolved_win
sig_1441_ACRS,ACRS,2026-03-01T21:45:10.631481,1,,resolved_loss,-2.7156,-8.684,-2.7156,resolved_loss
sig_1442_ACRV,ACRV,2026-03-01T21:45:10.631481,2,,resolved_loss,-2.2951,1.6393,-2.2951,resolved_loss
sig_1443_AARD,AARD,2026-03-01T21:45:10.631481,2,,resolved_loss,-2.2656,-54.2969,-2.2656,resolved_loss
sig_1444_AGEN,AGEN,2026-03-01T21:45:10.631481,2,,resolved_loss,-2.9276,-8.7827,-2.9276,resolved_loss
sig_1445_ALT,ALT,2026-03-01T21:45:10.631481,1,,resolved_loss,-2.4236,-25.3952,-2.4236,resolved_loss
sig_1446_AMRX,AMRX,2026-03-01T21:45:10.631481,1,,resolved_loss,-0.8506,-9.9013,-0.8506,resolved_loss
sig_1447_AUPH,AUPH,2026-03-01T21:45:10.631481,2,,resolved_loss,-1.2606,-2.4191,-1.2606,resolved_loss
sig_1448_AVBP,AVBP,2026-03-01T21:45:10.631481,2,,resolved_loss,-1.3519,-1.0139,-1.3519,resolved_loss
sig_1449_AVDL,AVDL,2026-03-01T21:45:10.631481,1,,open,,,,
sig_1450_AXSM,AXSM,2026-03-01T21:45:10.631481,1,,resolved_loss,-2.3405,-5.253,-2.3405,resolved_loss
sig_1451_IRON,IRON,2026-03-01T21:45:10.631481,1,,resolved_loss,-2.9592,-7.3942,-2.9592,resolved_loss
sig_1452_KYMR,KYMR,2026-03-01T21:45:10.631481,1,,resolved_loss,-1.0485,-8.3384,-1.0485,resolved_loss
sig_1453_LGND,LGND,2026-03-01T21:45:10.631481,1,,resolved_win,3.8105,6.2254,3.8105,resolved_win
sig_1454_MIRM,MIRM,2026-03-01T21:45:10.631481,0,,resolved_loss,-1.355,-19.3533,-1.355,resolved_loss
sig_1455_NAMS,NAMS,2026-03-01T21:45:10.631481,2,,resolved_loss,-1.3736,-17.967,-1.3736,resolved_loss
sig_1456_OCUL,OCUL,2026-03-01T21:45:10.631481,2,,resolved_win,9.1733,16.308,9.1733,resolved_win
sig_1457_FOLD,FOLD,2026-03-01T21:45:10.631481,0,,resolved_loss,-0.1045,-0.1045,-0.1045,resolved_loss
sig_1458_ADPT,ADPT,2026-03-01T21:45:10.631481,1,,resolved_loss,-1.868,-7.472,-1.868,resolved_loss
sig_1459_AURA,AURA,2026-03-01T21:45:10.631481,2,,resolved_win,3.8938,-0.885,3.8938,resolved_win
sig_1460_APGE,APGE,2026-03-01T21:45:10.631481,2,,resolved_loss,-1.2509,1.5288,-1.2509,resolved_loss
sig_1461_AGIO,AGIO,2026-03-01T21:45:10.631481,2,,resolved_loss,-1.3372,-10.4044,-1.3372,resolved_loss
sig_1462_ANIP,ANIP,2026-03-01T21:45:10.631481,1,,resolved_loss,-1.747,-2.7453,-1.747,resolved_loss
sig_1463_ALKS,ALKS,2026-03-01T21:45:10.631481,1,,resolved_loss,-1.4445,-14.7282,-1.4445,resolved_loss
sig_1464_ADMA,ADMA,2026-03-01T21:45:10.631481,1,,resolved_win,4.1799,-2.5332,4.1799,resolved_win
sig_1465_ABP,ABP,2026-03-01T21:45:10.631481,1,,open,,,,
sig_1466_ALGN,ALGN,2026-03-01T21:45:10.631481,1,,resolved_loss,-1.4162,-5.5887,-1.4162,resolved_loss
sig_1467_ATRC,ATRC,2026-03-01T21:45:10.631481,1,,resolved_loss,-2.1875,-3.4419,-2.1875,resolved_loss
sig_1468_LMAT,LMAT,2026-03-01T21:45:10.631481,1,,resolved_win,3.2417,16.6537,3.2417,resolved_win
sig_1469_LNTH,LNTH,2026-03-01T21:45:10.631481,0,,resolved_win,2.0522,-1.0568,2.0522,resolved_win
sig_1470_ACHC,ACHC,2026-03-01T21:45:10.631481,1,,resolved_win,4.6663,51.329,4.6663,resolved_win
sig_1471_ALHC,ALHC,2026-03-01T21:45:10.631481,1,,resolved_loss,-1.9537,-5.1928,-1.9537,resolved_loss
sig_1472_ADUS,ADUS,2026-03-01T21:45:10.631481,2,,resolved_loss,-3.9966,-1.4372,-3.9966,resolved_loss
sig_1473_ACHV,ACHV,2026-03-01T21:45:10.631481,2,,resolved_win,6.4073,-2.2883,6.4073,resolved_win
sig_1474_BRKR,BRKR,2026-03-01T21:45:10.631481,2,,resolved_loss,-1.8236,-8.5061,-1.8236,resolved_loss
sig_1475_BIIB,BIIB,2026-03-01T21:45:10.631481,1,,resolved_loss,-0.544,-5.5653,-0.544,resolved_loss
sig_1476_AMGN,AMGN,2026-03-01T21:45:10.631481,1,,resolved_win,1.7751,-3.2626,1.7751,resolved_win
sig_1477_ACAD,ACAD,2026-03-01T21:45:10.631481,2,,resolved_loss,-1.566,-9.8637,-1.566,resolved_loss
sig_1478_ACLX,ACLX,2026-03-01T21:45:10.631481,2,,expired_win,0.8657,0.479,0.8657,expired_win
sig_1479_ABVX,ABVX,2026-03-01T21:45:10.631481,1,,resolved_loss,-1.7151,-13.3917,-1.7151,resolved_loss
sig_1480_CRSP,CRSP,2026-03-01T21:45:10.631481,2,,resolved_win,3.9142,-0.3538,3.9142,resolved_win
sig_1481_ABSI,ABSI,2026-03-01T21:45:10.631481,2,,resolved_loss,-3.1308,-12.3389,-3.1308,resolved_loss
sig_1482_ABEO,ABEO,2026-03-01T21:45:10.631481,2,,resolved_loss,-0.8451,-8.9202,-0.8451,resolved_loss
sig_1483_ABOS,ABOS,2026-03-01T21:45:10.631481,2,,resolved_win,6.3477,21.8031,6.3477,resolved_win
sig_1484_ACB,ACB,2026-03-01T21:45:10.631481,2,,resolved_loss,-1.4531,-7.2655,-1.4531,resolved_loss
sig_1485_ACET,ACET,2026-03-01T21:45:10.631481,2,,resolved_loss,-3.4106,-0.5457,-3.4106,resolved_loss
sig_1486_ACIU,ACIU,2026-03-01T21:45:10.631481,1,,resolved_win,5.1218,7.0401,5.1218,resolved_win
sig_1487_ACTU,ACTU,2026-03-01T21:45:10.631481,2,,resolved_loss,-4.1614,-27.8689,-4.1614,resolved_loss
sig_1488_ARDX,ARDX,2026-03-01T21:45:10.631481,1,,resolved_win,8.5158,0.4055,8.5158,resolved_win
sig_1489_ARCT,ARCT,2026-03-01T21:45:10.631481,2,,resolved_loss,-1.3508,-11.885,-1.3508,resolved_loss
sig_1490_AQST,AQST,2026-03-01T21:45:10.631481,2,,resolved_loss,-2.0962,4.069,-2.0962,resolved_loss
sig_1491_ARTV,ARTV,2026-03-01T21:45:10.631481,2,,resolved_win,6.1601,16.7355,6.1601,resolved_win
sig_1492_ATAI,ATAI,2026-03-01T21:45:10.631481,2,,resolved_loss,-1.603,-16.3995,-1.603,resolved_loss
sig_1493_ABVC,ABVC,2026-03-01T21:45:10.631481,0,,resolved_win,5.7511,-2.9407,5.7511,resolved_win
sig_1494_JPM,JPM,2026-03-01T21:45:10.631481,1,,resolved_loss,-1.2123,-3.6882,-1.2123,resolved_loss
sig_1495_BAC,BAC,2026-03-01T21:45:10.631481,1,,resolved_loss,-1.2793,-4.7656,-1.2793,resolved_loss
sig_1496_WFC,WFC,2026-03-01T21:45:10.631481,1,,resolved_loss,-1.2468,-5.9482,-1.2468,resolved_loss
sig_1497_C,C,2026-03-01T21:45:10.631481,1,,resolved_loss,-1.4315,-3.9336,-1.4315,resolved_loss
sig_1498_GS,GS,2026-03-01T21:45:10.631481,1,,resolved_loss,-1.1934,-10.1301,-1.1934,resolved_loss
sig_1499_MS,MS,2026-03-01T21:45:10.631481,1,,resolved_loss,-1.3237,-6.2164,-1.3237,resolved_loss
sig_1500_USB,USB,2026-03-01T21:45:10.631481,1,,resolved_loss,-1.1845,-6.9728,-1.1845,resolved_loss
sig_1501_PNC,PNC,2026-03-01T21:45:10.631481,1,,resolved_loss,-1.084,-7.0297,-1.084,resolved_loss
sig_1502_TFC,TFC,2026-03-01T21:45:10.631481,1,,resolved_loss,-1.1689,-8.0748,-1.1689,resolved_loss
sig_1503_SCHW,SCHW,2026-03-01T21:45:10.631481,1,,resolved_loss,-1.0247,0.7587,-1.0247,resolved_loss
sig_1504_BK,BK,2026-03-01T21:45:10.631481,1,,resolved_loss,-1.0656,-2.1614,-1.0656,resolved_loss
sig_1505_STT,STT,2026-03-01T21:45:10.631481,1,,resolved_loss,-1.0953,-5.9328,-1.0953,resolved_loss
sig_1506_NTRS,NTRS,2026-03-01T21:45:10.631481,1,,resolved_loss,-1.1029,-3.0914,-1.1029,resolved_loss
sig_1507_CFG,CFG,2026-03-01T21:45:10.631481,1,,resolved_loss,-1.1853,-7.6959,-1.1853,resolved_loss
sig_1508_KEY,KEY,2026-03-01T21:45:10.631481,1,,resolved_loss,-1.2527,-7.0423,-1.2527,resolved_loss
sig_1509_RF,RF,2026-03-01T21:45:10.631481,1,,resolved_loss,-1.1275,-7.0804,-1.1275,resolved_loss
sig_1510_HBAN,HBAN,2026-03-01T21:45:10.631481,1,,resolved_loss,-1.3683,-5.9928,-1.3683,resolved_loss
sig_1511_FITB,FITB,2026-03-01T21:45:10.631481,1,,resolved_loss,-1.4076,-7.7143,-1.4076,resolved_loss
sig_1512_MTB,MTB,2026-03-01T21:45:10.631481,1,,resolved_loss,-1.139,-5.351,-1.139,resolved_loss
sig_1513_ZION,ZION,2026-03-01T21:45:10.631481,1,,resolved_loss,-1.2592,-6.4997,-1.2592,resolved_loss
sig_1514_ALLY,ALLY,2026-03-01T21:45:10.631481,1,,resolved_loss,-1.2177,-7.9086,-1.2177,resolved_loss
sig_1515_BOKF,BOKF,2026-03-01T21:45:10.631481,1,,resolved_loss,-0.9922,-3.1417,-0.9922,resolved_loss
sig_1516_BANR,BANR,2026-03-01T21:45:10.631481,1,,resolved_loss,-1.11,-1.2628,-1.11,resolved_loss
sig_1517_BUSE,BUSE,2026-03-01T21:45:10.631481,1,,resolved_loss,-0.9843,-2.1109,-0.9843,resolved_loss
sig_1518_ALRS,ALRS,2026-03-01T21:45:10.631481,1,,resolved_loss,-1.1471,-3.0216,-1.1471,resolved_loss
sig_1519_FFIN,FFIN,2026-03-01T21:45:10.631481,1,,resolved_loss,-1.2748,-7.097,-1.2748,resolved_loss
sig_1520_IBKR,IBKR,2026-03-01T21:45:10.631481,1,,resolved_loss,-1.4296,-8.4089,-1.4296,resolved_loss
sig_1521_LPLA,LPLA,2026-03-01T21:45:10.631481,1,,resolved_loss,-2.6086,-0.8152,-2.6086,resolved_loss
sig_1522_MKTX,MKTX,2026-03-01T21:45:10.631481,1,,resolved_win,2.503,0.9307,2.503,resolved_win
sig_1523_JPM,JPM,2026-03-01T21:45:10.631481,1,,resolved_loss,-1.2123,-3.6882,-1.2123,resolved_loss
sig_1524_BAC,BAC,2026-03-01T21:45:10.631481,1,,resolved_loss,-1.2793,-4.7656,-1.2793,resolved_loss
sig_1525_WFC,WFC,2026-03-01T21:45:10.631481,1,,resolved_loss,-1.2468,-5.9482,-1.2468,resolved_loss
sig_1526_C,C,2026-03-01T21:45:10.631481,1,,resolved_loss,-1.4315,-3.9336,-1.4315,resolved_loss
sig_1527_GS,GS,2026-03-01T21:45:10.631481,1,,resolved_loss,-1.1934,-10.1301,-1.1934,resolved_loss
sig_1528_MS,MS,2026-03-01T21:45:10.631481,1,,resolved_loss,-1.3237,-6.2164,-1.3237,resolved_loss
sig_1529_USB,USB,2026-03-01T21:45:10.631481,1,,resolved_loss,-1.1845,-6.9728,-1.1845,resolved_loss
sig_1530_PNC,PNC,2026-03-01T21:45:10.631481,1,,resolved_loss,-1.084,-7.0297,-1.084,resolved_loss
sig_1531_TFC,TFC,2026-03-01T21:45:10.631481,1,,resolved_loss,-1.1689,-8.0748,-1.1689,resolved_loss
sig_1532_SCHW,SCHW,2026-03-01T21:45:10.631481,1,,resolved_loss,-1.0247,0.7587,-1.0247,resolved_loss
sig_1533_BK,BK,2026-03-01T21:45:10.631481,1,,resolved_loss,-1.0656,-2.1614,-1.0656,resolved_loss
sig_1534_STT,STT,2026-03-01T21:45:10.631481,1,,resolved_loss,-1.0953,-5.9328,-1.0953,resolved_loss
sig_1535_NTRS,NTRS,2026-03-01T21:45:10.631481,1,,resolved_loss,-1.1029,-3.0914,-1.1029,resolved_loss
sig_1536_CFG,CFG,2026-03-01T21:45:10.631481,1,,resolved_loss,-1.1853,-7.6959,-1.1853,resolved_loss
sig_1537_KEY,KEY,2026-03-01T21:45:10.631481,1,,resolved_loss,-1.2527,-7.0423,-1.2527,resolved_loss
sig_1538_RF,RF,2026-03-01T21:45:10.631481,1,,resolved_loss,-1.1275,-7.0804,-1.1275,resolved_loss
sig_1539_HBAN,HBAN,2026-03-01T21:45:10.631481,1,,resolved_loss,-1.3683,-5.9928,-1.3683,resolved_loss
sig_1540_FITB,FITB,2026-03-01T21:45:10.631481,1,,resolved_loss,-1.4076,-7.7143,-1.4076,resolved_loss
sig_1541_MTB,MTB,2026-03-01T21:45:10.631481,1,,resolved_loss,-1.139,-5.351,-1.139,resolved_loss
sig_1542_ZION,ZION,2026-03-01T21:45:10.631481,1,,resolved_loss,-1.2592,-6.4997,-1.2592,resolved_loss
sig_1543_ALLY,ALLY,2026-03-01T21:45:10.631481,1,,resolved_loss,-1.2177,-7.9086,-1.2177,resolved_loss
sig_1544_BOKF,BOKF,2026-03-01T21:45:10.631481,1,,resolved_loss,-0.9922,-3.1417,-0.9922,resolved_loss
sig_1545_BANR,BANR,2026-03-01T21:45:10.631481,1,,resolved_loss,-1.11,-1.2628,-1.11,resolved_loss
sig_1546_BUSE,BUSE,2026-03-01T21:45:10.631481,1,,resolved_loss,-0.9843,-2.1109,-0.9843,resolved_loss
sig_1547_ALRS,ALRS,2026-03-01T21:45:10.631481,1,,resolved_loss,-1.1471,-3.0216,-1.1471,resolved_loss
sig_1548_FFIN,FFIN,2026-03-01T21:45:10.631481,1,,resolved_loss,-1.2748,-7.097,-1.2748,resolved_loss
sig_1549_IBKR,IBKR,2026-03-01T21:45:10.631481,1,,resolved_loss,-1.4296,-8.4089,-1.4296,resolved_loss
sig_1550_LPLA,LPLA,2026-03-01T21:45:10.631481,1,,resolved_loss,-2.6086,-0.8152,-2.6086,resolved_loss
sig_1551_MKTX,MKTX,2026-03-01T21:45:10.631481,1,,resolved_win,2.503,0.9307,2.503,resolved_win
sig_1552_ADBE,ADBE,2026-03-01T21:45:10.631481,2,,resolved_win,3.651,10.6292,3.651,resolved_win
sig_1553_ADSK,ADSK,2026-03-01T21:45:10.631481,1,,resolved_win,3.7653,17.9722,3.7653,resolved_win
sig_1554_BSY,BSY,2026-03-01T21:45:10.631481,1,,resolved_win,4.0135,21.4517,4.0135,resolved_win
sig_1555_BL,BL,2026-03-01T21:45:10.631481,0,,resolved_win,6.9449,13.8288,6.9449,resolved_win
sig_1556_APPF,APPF,2026-03-01T21:45:10.631481,1,,resolved_win,5.0027,14.5348,5.0027,resolved_win
sig_1557_FIVN,FIVN,2026-03-01T21:45:10.631481,2,,resolved_loss,-2.7793,-1.4169,-2.7793,resolved_loss
sig_1558_ACIW,ACIW,2026-03-01T21:45:10.631481,1,,resolved_win,3.4053,8.1321,3.4053,resolved_win
sig_1559_ALKT,ALKT,2026-03-01T21:45:10.631481,1,,resolved_win,6.3171,7.7701,6.3171,resolved_win
sig_1560_ALRM,ALRM,2026-03-01T21:45:10.631481,1,,resolved_win,3.5613,9.0671,3.5613,resolved_win
sig_1561_AGYS,AGYS,2026-03-01T21:45:10.631481,0,,resolved_loss,-2.2999,5.7258,-2.2999,resolved_loss
sig_1562_INOD,INOD,2026-03-01T21:45:10.631481,1,,resolved_loss,-2.3297,1.1425,-2.3297,resolved_loss
sig_1563_AEYE,AEYE,2026-03-01T21:45:10.631481,1,,resolved_loss,-2.7106,-10.4762,-2.7106,resolved_loss
sig_1564_AISP,AISP,2026-03-01T21:45:10.631481,2,,resolved_loss,-3.169,-6.6901,-3.169,resolved_loss
sig_1565_ADAM,ADAM,2026-03-01T21:45:10.631481,1,,resolved_loss,-1.4907,-3.8985,-1.4907,resolved_loss
sig_1566_AUR,AUR,2026-03-01T21:45:10.631481,2,,resolved_loss,-1.3444,-7.1355,-1.3444,resolved_loss
sig_1567_AKAM,AKAM,2026-03-01T21:45:10.631481,1,,resolved_loss,-2.0682,-2.7691,-2.0682,resolved_loss
sig_1568_AIOT,AIOT,2026-03-01T21:45:10.631481,1,,resolved_loss,-1.7687,-7.7551,-1.7687,resolved_loss
sig_1569_ADP,ADP,2026-03-01T21:45:10.631481,0,,resolved_win,2.9031,9.6652,2.9031,resolved_win
sig_1570_ACMR,ACMR,2026-03-01T21:45:10.631481,1,,resolved_loss,-1.6743,-34.0285,-1.6743,resolved_loss
sig_1571_ACLS,ACLS,2026-03-01T21:45:10.631481,1,,resolved_win,4.931,0.3784,4.931,resolved_win
sig_1572_AEIS,AEIS,2026-03-01T21:45:10.631481,0,,resolved_win,3.5073,-13.9639,3.5073,resolved_win
sig_1573_CAMT,CAMT,2026-03-01T21:45:10.631481,1,,resolved_loss,-2.4357,-9.5064,-2.4357,resolved_loss
sig_1574_GDS,GDS,2026-03-01T21:45:10.631481,1,,resolved_loss,-1.4854,-10.7252,-1.4854,resolved_loss
sig_1575_AMBA,AMBA,2026-03-01T21:45:10.631481,2,,resolved_loss,-1.072,-25.1286,-1.072,resolved_loss
sig_1576_ALAB,ALAB,2026-03-01T21:45:10.631481,1,,resolved_loss,-2.1267,-7.3131,-2.1267,resolved_loss
sig_1577_ADI,ADI,2026-03-01T21:45:10.631481,1,,resolved_loss,-0.7459,-12.021,-0.7459,resolved_loss
sig_1578_ALGM,ALGM,2026-03-01T21:45:10.631481,1,,resolved_loss,-1.9177,-18.3585,-1.9177,resolved_loss
sig_1579_AMKR,AMKR,2026-03-01T21:45:10.631481,1,,resolved_loss,-1.5419,-14.7127,-1.5419,resolved_loss
sig_1580_AIP,AIP,2026-03-01T21:45:10.631481,2,,resolved_win,3.8114,-6.2015,3.8114,resolved_win
sig_1581_AAON,AAON,2026-03-01T21:45:10.631481,1,,resolved_win,3.9314,-12.5899,3.9314,resolved_win
sig_1582_HON,HON,2026-03-01T21:45:10.631481,0,,resolved_loss,-0.511,-4.3398,-0.511,resolved_loss
sig_1583_UNP,UNP,2026-03-01T21:45:10.631481,0,,resolved_loss,-0.4576,-5.1776,-0.4576,resolved_loss
sig_1584_UPS,UPS,2026-03-01T21:45:10.631481,1,,resolved_loss,-0.7134,-12.955,-0.7134,resolved_loss
sig_1585_CAT,CAT,2026-03-01T21:45:10.631481,1,,resolved_loss,-0.7751,-11.547,-0.7751,resolved_loss
sig_1586_DE,DE,2026-03-01T21:45:10.631481,0,,resolved_loss,-0.8627,-8.5899,-0.8627,resolved_loss
sig_1587_MMM,MMM,2026-03-01T21:45:10.631481,1,,resolved_loss,-0.778,-8.6651,-0.778,resolved_loss
sig_1588_GE,GE,2026-03-01T21:45:10.631481,2,,resolved_loss,-0.599,-6.182,-0.599,resolved_loss
sig_1589_RTX,RTX,2026-03-01T21:45:10.631481,1,,resolved_win,3.0518,5.6306,3.0518,resolved_win
sig_1590_LMT,LMT,2026-03-01T21:45:10.631481,0,,resolved_win,1.9241,0.4834,1.9241,resolved_win
sig_1591_BA,BA,2026-03-01T21:45:10.631481,1,,resolved_loss,-0.9571,-1.4687,-0.9571,resolved_loss
sig_1592_EMR,EMR,2026-03-01T21:45:10.631481,1,,resolved_loss,-1.0911,-8.3208,-1.0911,resolved_loss
sig_1593_ITW,ITW,2026-03-01T21:45:10.631481,1,,resolved_loss,-0.4385,-6.3745,-0.4385,resolved_loss
sig_1594_ETN,ETN,2026-03-01T21:45:10.631481,1,,resolved_loss,-1.0629,-8.138,-1.0629,resolved_loss
sig_1595_PH,PH,2026-03-01T21:45:10.631481,1,,resolved_loss,-0.4172,-9.7355,-0.4172,resolved_loss
sig_1596_ROK,ROK,2026-03-01T21:45:10.631481,1,,resolved_loss,-1.1432,-8.7688,-1.1432,resolved_loss
sig_1597_AME,AME,2026-03-01T21:45:10.631481,1,,resolved_win,1.4938,-5.9463,1.4938,resolved_win
sig_1598_AAON,AAON,2026-03-01T21:45:10.631481,1,,resolved_win,3.8585,-12.6678,3.8585,resolved_win
sig_1599_AEIS,AEIS,2026-03-01T21:45:10.631481,0,,resolved_win,3.4737,-13.8415,3.4737,resolved_win
sig_1600_ALNT,ALNT,2026-03-01T21:45:10.631481,1,,resolved_loss,-1.0819,-2.0632,-1.0819,resolved_loss
sig_1601_ANDE,ANDE,2026-03-01T21:45:10.631481,1,,resolved_win,3.3701,-0.4612,3.3701,resolved_win
sig_1602_BCPC,BCPC,2026-03-01T21:45:10.631481,1,,resolved_win,3.0216,-1.7379,3.0216,resolved_win
sig_1603_BRKR,BRKR,2026-03-01T21:45:10.631481,2,,resolved_loss,-1.825,-8.4375,-1.825,resolved_loss
sig_1604_ACDC,ACDC,2026-03-01T21:45:10.631481,1,,resolved_loss,-2.4679,6.614,-2.4679,resolved_loss
sig_1605_ARQ,ARQ,2026-03-01T21:45:10.631481,1,,resolved_win,3.5088,-6.1403,3.5088,resolved_win
sig_1606_AMTX,AMTX,2026-03-01T21:45:10.631481,1,,resolved_loss,-2.439,-2.439,-2.439,resolved_loss
sig_1607_AUR,AUR,2026-03-01T21:45:10.631481,2,,resolved_loss,-1.3388,-7.518,-1.3388,resolved_loss
sig_1608_ACU,ACU,2026-03-01T21:45:10.631481,1,,resolved_loss,-2.4444,-5.8951,-2.4444,resolved_loss
sig_1609_ACNT,ACNT,2026-03-01T21:45:10.631481,1,,resolved_loss,-1.6802,-23.175,-1.6802,resolved_loss
sig_1610_ADBE,ADBE,2026-03-01T21:45:10.631481,2,,resolved_win,3.0723,11.1451,3.0723,resolved_win
sig_1611_ADSK,ADSK,2026-03-01T21:45:10.631481,1,,resolved_win,3.2049,18.1431,3.2049,resolved_win
sig_1612_BSY,BSY,2026-03-01T21:45:10.631481,1,,resolved_win,3.4483,22.5973,3.4483,resolved_win
sig_1613_BL,BL,2026-03-01T21:45:10.631481,1,,resolved_win,5.9837,14.9669,5.9837,resolved_win
sig_1614_APPF,APPF,2026-03-01T21:45:10.631481,1,,resolved_win,4.0327,14.8927,4.0327,resolved_win
sig_1615_FIVN,FIVN,2026-03-01T21:45:10.631481,1,,resolved_loss,-2.5814,1.5152,-2.5814,resolved_loss
sig_1616_ACIW,ACIW,2026-03-01T21:45:10.631481,1,,resolved_win,3.0187,8.8514,3.0187,resolved_win
sig_1617_ALKT,ALKT,2026-03-01T21:45:10.631481,2,,resolved_win,5.2564,9.359,5.2564,resolved_win
sig_1618_ALRM,ALRM,2026-03-01T21:45:10.631481,2,,resolved_win,3.3209,9.7867,3.3209,resolved_win
sig_1619_AGYS,AGYS,2026-03-01T21:45:10.631481,1,,resolved_loss,-1.7939,7.718,-1.7939,resolved_loss
sig_1620_INOD,INOD,2026-03-01T21:45:10.631481,1,,resolved_loss,-2.1493,2.1493,-2.1493,resolved_loss
sig_1621_AEYE,AEYE,2026-03-01T21:45:10.631481,1,,resolved_loss,-2.3188,-11.4493,-2.3188,resolved_loss
sig_1622_AISP,AISP,2026-03-01T21:45:10.631481,3,,resolved_loss,-3.6021,-9.0909,-3.6021,resolved_loss
sig_1623_ADAM,ADAM,2026-03-01T21:45:10.631481,2,,resolved_loss,-1.4963,-3.539,-1.4963,resolved_loss
sig_1624_AUR,AUR,2026-03-01T21:45:10.631481,2,,resolved_loss,-1.1329,-7.518,-1.1329,resolved_loss
sig_1625_AKAM,AKAM,2026-03-01T21:45:10.631481,2,,resolved_loss,-1.9575,-0.2397,-1.9575,resolved_loss
sig_1626_AIOT,AIOT,2026-03-01T21:45:10.631481,1,,resolved_loss,-1.9337,-6.3536,-1.9337,resolved_loss
sig_1627_ADP,ADP,2026-03-01T21:45:10.631481,1,,resolved_win,2.781,9.0947,2.781,resolved_win
sig_1628_ACMR,ACMR,2026-03-01T21:45:10.631481,1,,resolved_loss,-1.7412,-33.717,-1.7412,resolved_loss
sig_1629_ACLS,ACLS,2026-03-01T21:45:10.631481,1,,resolved_win,4.4681,0.6733,4.4681,resolved_win
sig_1630_AEIS,AEIS,2026-03-01T21:45:10.631481,0,,resolved_win,3.2602,-13.3716,3.2602,resolved_win
sig_1631_CAMT,CAMT,2026-03-01T21:45:10.631481,1,,resolved_win,5.1542,-10.0397,5.1542,resolved_win
sig_1632_GDS,GDS,2026-03-01T21:45:10.631481,1,,resolved_loss,-1.4562,-11.1715,-1.4562,resolved_loss
sig_1633_AMBA,AMBA,2026-03-01T21:45:10.631481,2,,resolved_loss,-0.9966,-26.4739,-0.9966,resolved_loss
sig_1634_ALAB,ALAB,2026-03-01T21:45:10.631481,1,,resolved_loss,-1.8302,-7.1651,-1.8302,resolved_loss
sig_1635_ADI,ADI,2026-03-01T21:45:10.631481,0,,resolved_loss,-0.6513,-11.5888,-0.6513,resolved_loss
sig_1636_ALGM,ALGM,2026-03-01T21:45:10.631481,1,,resolved_loss,-1.6137,-18.2121,-1.6137,resolved_loss
sig_1637_AMKR,AMKR,2026-03-01T21:45:10.631481,1,,resolved_loss,-1.391,-14.5106,-1.391,resolved_loss
sig_1638_AIP,AIP,2026-03-01T21:45:10.631481,2,,resolved_win,3.2031,-6.9827,3.2031,resolved_win
sig_1639_AAON,AAON,2026-03-01T21:45:10.631481,1,,resolved_win,3.5279,-12.6375,3.5279,resolved_win
sig_1640_TXN,TXN,2026-03-01T21:45:10.631481,1,,resolved_loss,-0.9289,-9.3445,-0.9289,resolved_loss
sig_1641_KLAC,KLAC,2026-03-01T21:45:10.631481,1,,resolved_loss,-0.8652,-91.1916,-0.8652,resolved_loss
sig_1642_ADI,ADI,2026-03-01T21:45:10.631481,1,,resolved_loss,-0.596,-11.457,-0.596,resolved_loss
sig_1643_SHOP,SHOP,2026-03-01T21:45:10.631481,1,,resolved_loss,-1.8064,7.8886,-1.8064,resolved_loss
sig_1644_QCOM,QCOM,2026-03-01T21:45:10.631481,1,,resolved_loss,-0.9767,-5.0027,-0.9767,resolved_loss
sig_1645_PDD,PDD,2026-03-01T21:45:10.631481,1,,resolved_loss,-0.6218,-1.692,-0.6218,resolved_loss
sig_1646_APP,APP,2026-03-01T21:45:10.631481,2,,resolved_loss,-2.1068,15.4929,-2.1068,resolved_loss
sig_1647_ARM,ARM,2026-03-01T21:45:10.631481,1,,resolved_loss,-0.7847,-10.248,-0.7847,resolved_loss
sig_1648_PANW,PANW,2026-03-01T21:45:10.631481,1,,resolved_loss,-1.3367,10.8685,-1.3367,resolved_loss
sig_1649_ADBE,ADBE,2026-03-01T21:45:10.631481,2,,resolved_loss,-1.01,8.0992,-1.01,resolved_loss
sig_1650_INTU,INTU,2026-03-01T21:45:10.631481,3,,resolved_win,5.987,17.2687,5.987,resolved_win
sig_1651_CRWD,CRWD,2026-03-01T21:45:10.631481,2,,resolved_win,4.4842,15.3292,4.4842,resolved_win
sig_1652_WDC,WDC,2026-03-01T21:45:10.631481,1,,resolved_loss,-2.3602,-12.3208,-2.3602,resolved_loss
sig_1653_SNDK,SNDK,2026-03-01T21:45:10.631481,1,,resolved_loss,-2.871,-16.9964,-2.871,resolved_loss
sig_1654_STX,STX,2026-03-01T21:45:10.631481,1,,resolved_loss,-1.8262,-13.6715,-1.8262,resolved_loss
sig_1655_SNPS,SNPS,2026-03-01T21:45:10.631481,2,,resolved_loss,-1.5025,5.6597,-1.5025,resolved_loss
sig_1656_CDNS,CDNS,2026-03-01T21:45:10.631481,2,,resolved_loss,-1.2426,-1.4781,-1.2426,resolved_loss
sig_1657_DASH,DASH,2026-03-01T21:45:10.631481,2,,resolved_loss,-1.2394,1.3978,-1.2394,resolved_loss
sig_1658_NTES,NTES,2026-03-01T21:45:10.631481,0,,resolved_loss,-0.6003,0.8984,-0.6003,resolved_loss
sig_1659_MRVL,MRVL,2026-03-01T21:45:10.631481,3,,resolved_loss,-0.967,9.5779,-0.967,resolved_loss
sig_1660_FTNT,FTNT,2026-03-01T21:45:10.631481,1,,resolved_loss,-1.1013,5.9114,-1.1013,resolved_loss
sig_1661_NXPI,NXPI,2026-03-01T21:45:10.631481,1,,resolved_loss,-1.0704,-11.5944,-1.0704,resolved_loss
sig_1662_MPWR,MPWR,2026-03-01T21:45:10.631481,1,,resolved_loss,-1.471,-10.6422,-1.471,resolved_loss
sig_1663_FER,FER,2026-03-01T21:45:10.631481,2,,resolved_loss,-0.3765,-11.8907,-0.3765,resolved_loss
sig_1664_ADSK,ADSK,2026-03-01T21:45:10.631481,3,,resolved_win,4.0968,6.1798,4.0968,resolved_win
sig_1665_BIDU,BIDU,2026-03-01T21:45:10.631481,0,,resolved_loss,-0.9081,-4.3314,-0.9081,resolved_loss
sig_1666_CRWV,CRWV,2026-03-01T21:45:10.631481,2,,resolved_loss,-3.9482,-8.2233,-3.9482,resolved_loss
sig_1667_MCHP,MCHP,2026-03-01T21:45:10.631481,1,,resolved_loss,-1.2326,-13.6568,-1.2326,resolved_loss
sig_1668_DDOG,DDOG,2026-03-01T21:45:10.631481,1,,resolved_loss,-1.7611,12.4173,-1.7611,resolved_loss
sig_1669_ERIC,ERIC,2026-03-01T21:45:10.631481,1,,resolved_loss,-0.6029,-5.5242,-0.6029,resolved_loss
sig_1670_MSTR,MSTR,2026-03-01T21:45:10.631481,1,,resolved_win,5.8125,2.9371,5.8125,resolved_win
sig_1671_MCHPP,MCHPP,2026-03-01T21:45:10.631481,2,,resolved_loss,-0.9543,-12.5927,-0.9543,resolved_loss
sig_1672_WDAY,WDAY,2026-03-01T21:45:10.631481,2,,resolved_win,4.852,12.9187,4.852,resolved_win
sig_1673_ROP,ROP,2026-03-01T21:45:10.631481,2,,resolved_loss,-0.7806,4.8169,-0.7806,resolved_loss
sig_1674_CTSH,CTSH,2026-03-01T21:45:10.631481,2,,resolved_loss,-0.9933,2.1202,-0.9933,resolved_loss
sig_1675_STRF,STRF,2026-03-01T21:45:10.631481,1,,resolved_loss,-0.6679,-1.2603,-0.6679,resolved_loss
sig_1676_MDB,MDB,2026-03-01T21:45:10.631481,1,,resolved_loss,-1.9596,-17.7002,-1.9596,resolved_loss
sig_1677_ON,ON,2026-03-01T21:45:10.631481,1,,resolved_loss,-1.3231,-14.4941,-1.3231,resolved_loss
sig_1678_ZM,ZM,2026-03-01T21:45:10.631481,1,,resolved_loss,-2.2276,4.819,-2.2276,resolved_loss
sig_1679_FSLR,FSLR,2026-03-01T21:45:10.631481,2,,resolved_loss,-1.8819,-4.0225,-1.8819,resolved_loss
sig_1680_GFS,GFS,2026-03-01T21:45:10.631481,1,,resolved_win,3.7621,-1.4712,3.7621,resolved_win
sig_1681_ZS,ZS,2026-03-01T21:45:10.631481,2,,resolved_win,7.5535,11.7423,7.5535,resolved_win
sig_1682_FLEX,FLEX,2026-03-01T21:45:10.631481,1,,resolved_win,3.6255,-4.9425,3.6255,resolved_win
sig_1683_NBIS,NBIS,2026-03-01T21:45:10.631481,2,,resolved_loss,-3.7597,-2.0826,-3.7597,resolved_loss
sig_1684_STRK,STRK,2026-03-01T21:45:10.631481,2,,resolved_loss,-1.1721,-2.0723,-1.1721,resolved_loss
sig_1685_CRDO,CRDO,2026-03-01T21:45:10.631481,1,,resolved_loss,-2.4579,-2.1908,-2.4579,resolved_loss
sig_1686_ALAB,ALAB,2026-03-01T21:45:10.631481,1,,resolved_loss,-2.1558,0.3789,-2.1558,resolved_loss
sig_1687_NTAP,NTAP,2026-03-01T21:45:10.631481,2,,resolved_loss,-2.0793,1.4888,-2.0793,resolved_loss
sig_1688_TEAM,TEAM,2026-03-01T21:45:10.631481,1,,resolved_loss,-2.1687,11.256,-2.1687,resolved_loss
sig_1689_VRSN,VRSN,2026-03-01T21:45:10.631481,3,,resolved_loss,-0.965,6.6467,-0.965,resolved_loss
sig_1690_SMCI,SMCI,2026-03-01T21:45:10.631481,2,,resolved_loss,-2.0843,-3.3194,-2.0843,resolved_loss
sig_1691_PTC,PTC,2026-03-01T21:45:10.631481,2,,resolved_loss,-1.0405,3.8619,-1.0405,resolved_loss
sig_1692_MTSI,MTSI,2026-03-01T21:45:10.631481,1,,resolved_win,4.0746,-16.2861,4.0746,resolved_win
sig_1693_SSNC,SSNC,2026-03-01T21:45:10.631481,2,,resolved_loss,-0.9033,0.2749,-0.9033,resolved_loss
sig_1694_CDW,CDW,2026-03-01T21:45:10.631481,1,,resolved_loss,-1.0761,0.0265,-1.0761,resolved_loss
sig_1695_TSEM,TSEM,2026-03-01T21:45:10.631481,1,,resolved_win,4.9672,-11.4004,4.9672,resolved_win
sig_1696_NVMI,NVMI,2026-03-01T21:45:10.631481,1,,resolved_loss,-1.6261,-6.3222,-1.6261,resolved_loss
sig_1697_GEN,GEN,2026-03-01T21:45:10.631481,2,,resolved_loss,-1.0619,-0.489,-1.0619,resolved_loss
sig_1698_LSCC,LSCC,2026-03-01T21:45:10.631481,1,,resolved_win,3.7963,-10.594,3.7963,resolved_win
sig_1699_IREN,IREN,2026-03-01T21:45:10.631481,2,,resolved_loss,-3.017,-10.3457,-3.017,resolved_loss
sig_1700_LOGI,LOGI,2026-03-01T21:45:10.631481,2,,resolved_loss,-0.5875,0.2829,-0.5875,resolved_loss
sig_1701_OKTA,OKTA,2026-03-01T21:45:10.631481,2,,resolved_loss,-1.7585,11.3303,-1.7585,resolved_loss
sig_1702_BILI,BILI,2026-03-01T21:45:10.631481,1,,resolved_loss,-0.7885,-11.5771,-0.7885,resolved_loss
sig_1703_AEIS,AEIS,2026-03-01T21:45:10.631481,0,,resolved_win,3.154,-13.4232,3.154,resolved_win
sig_1704_TTD,TTD,2026-03-01T21:45:10.631481,2,,resolved_loss,-2.267,22.9219,-2.267,resolved_loss
sig_1705_AMKR,AMKR,2026-03-01T21:45:10.631481,1,,resolved_loss,-1.9235,-13.2684,-1.9235,resolved_loss
sig_1706_JKHY,JKHY,2026-03-01T21:45:10.631481,2,,resolved_loss,-0.8621,5.3332,-0.8621,resolved_loss
sig_1707_TTMI,TTMI,2026-03-01T21:45:10.631481,1,,resolved_win,4.8062,-15.6658,4.8062,resolved_win
sig_1708_RMBS,RMBS,2026-03-01T21:45:10.631481,1,,resolved_loss,-1.8947,-11.6591,-1.8947,resolved_loss
sig_1709_CFLT,CFLT,2026-03-01T21:45:10.631481,1,,open,,,,
sig_1710_NTNX,NTNX,2026-03-01T21:45:10.631481,2,,resolved_win,5.3758,3.9405,5.3758,resolved_win
sig_1711_SITM,SITM,2026-03-01T21:45:10.631481,1,,resolved_win,6.0704,-17.683,6.0704,resolved_win
sig_1712_TEM,TEM,2026-03-01T21:45:10.631481,1,,resolved_loss,-2.0204,-1.8702,-2.0204,resolved_loss
sig_1713_BSY,BSY,2026-03-01T21:45:10.631481,3,,resolved_win,4.87,8.4592,4.87,resolved_win
sig_1714_AUR,AUR,2026-03-01T21:45:10.631481,2,,resolved_loss,-1.5974,-4.3664,-1.5974,resolved_loss
sig_1715_GDS,GDS,2026-03-01T21:45:10.631481,2,,resolved_loss,-1.5489,-1.0891,-1.5489,resolved_loss
sig_1716_SWKS,SWKS,2026-03-01T21:45:10.631481,1,,resolved_loss,-1.1411,-8.8138,-1.1411,resolved_loss
sig_1717_DOCU,DOCU,2026-03-01T21:45:10.631481,3,,resolved_loss,-1.6408,7.9601,-1.6408,resolved_loss
sig_1718_MANH,MANH,2026-03-01T21:45:10.631481,2,,resolved_win,3.5527,12.6006,3.5527,resolved_win
sig_1719_SANM,SANM,2026-03-01T21:45:10.631481,2,,resolved_loss,-1.1722,-20.7832,-1.1722,resolved_loss
sig_1720_SMTC,SMTC,2026-03-01T21:45:10.631481,2,,resolved_win,3.9566,-9.099,3.9566,resolved_win
sig_1721_SAIL,SAIL,2026-03-01T21:45:10.631481,2,,resolved_loss,-1.9135,9.0716,-1.9135,resolved_loss
sig_1722_PEGA,PEGA,2026-03-01T21:45:10.631481,1,,resolved_win,4.2324,7.9998,4.2324,resolved_win
sig_1723_QRVO,QRVO,2026-03-01T21:45:10.631481,2,,resolved_loss,-0.8682,-6.3789,-0.8682,resolved_loss
sig_1724_MBLY,MBLY,2026-03-01T21:45:10.631481,1,,resolved_loss,-1.5348,-5.4309,-1.5348,resolved_loss
sig_1725_BZ,BZ,2026-03-01T21:45:10.631481,0,,resolved_loss,-0.9944,-5.9043,-0.9944,resolved_loss
sig_1726_VICR,VICR,2026-03-01T21:45:10.631481,1,,resolved_loss,-1.7875,-19.2304,-1.7875,resolved_loss
sig_1727_DOX,DOX,2026-03-01T21:45:10.631481,2,,resolved_loss,-0.9591,-1.0915,-0.9591,resolved_loss
sig_1728_MTCH,MTCH,2026-03-01T21:45:10.631481,2,,resolved_loss,-1.3295,-4.1456,-1.3295,resolved_loss
sig_1729_NICE,NICE,2026-03-01T21:45:10.631481,2,,resolved_win,2.5945,9.5533,2.5945,resolved_win
sig_1730_FORM,FORM,2026-03-01T21:45:10.631481,2,,resolved_loss,-2.1557,-13.9662,-2.1557,resolved_loss
sig_1731_CRUS,CRUS,2026-03-01T21:45:10.631481,2,,resolved_loss,-1.0846,-7.5849,-1.0846,resolved_loss
sig_1732_ALGM,ALGM,2026-03-01T21:45:10.631481,1,,resolved_loss,-1.4536,-12.4246,-1.4536,resolved_loss
sig_1733_CAMT,CAMT,2026-03-01T21:45:10.631481,2,,resolved_loss,-1.0973,-12.1481,-1.0973,resolved_loss
sig_1734_SLAB,SLAB,2026-03-01T21:45:10.631481,0,,resolved_loss,-0.2274,-0.8826,-0.2274,resolved_loss
sig_1735_DBX,DBX,2026-03-01T21:45:10.631481,3,,resolved_loss,-1.0479,7.1514,-1.0479,resolved_loss
sig_1736_VIAV,VIAV,2026-03-01T21:45:10.631481,1,,resolved_win,3.5678,-6.1595,3.5678,resolved_win
sig_1737_GILD,GILD,2026-03-01T21:45:10.631481,2,,resolved_loss,-0.9057,-3.9868,-0.9057,resolved_loss
sig_1738_ISRG,ISRG,2026-03-01T21:45:10.631481,1,,resolved_loss,-0.717,-2.6417,-0.717,resolved_loss
sig_1739_VRTX,VRTX,2026-03-01T21:45:10.631481,2,,resolved_loss,-0.457,-8.057,-0.457,resolved_loss
sig_1740_SNY,SNY,2026-03-01T21:45:10.631481,3,,resolved_loss,-0.4111,-13.2407,-0.4111,resolved_loss
sig_1741_REGN,REGN,2026-03-01T21:45:10.631481,1,,resolved_loss,-1.0483,-2.8817,-1.0483,resolved_loss
sig_1742_ARGX,ARGX,2026-03-01T21:45:10.631481,2,,resolved_loss,-1.3432,-6.3902,-1.3432,resolved_loss
sig_1743_IDXX,IDXX,2026-03-01T21:45:10.631481,3,,resolved_loss,-1.0217,-7.3619,-1.0217,resolved_loss
sig_1744_ALNY,ALNY,2026-03-01T21:45:10.631481,2,,resolved_loss,-1.0368,-3.6363,-1.0368,resolved_loss
sig_1745_ONC,ONC,2026-03-01T21:45:10.631481,2,,resolved_loss,-1.504,-5.0544,-1.504,resolved_loss
sig_1746_GEHC,GEHC,2026-03-01T21:45:10.631481,1,,resolved_loss,-0.5344,-11.8362,-0.5344,resolved_loss
sig_1747_INSM,INSM,2026-03-01T21:45:10.631481,2,,resolved_loss,-1.4465,-6.1608,-1.4465,resolved_loss
sig_1748_NTRA,NTRA,2026-03-01T21:45:10.631481,2,,resolved_loss,-3.3138,-4.9827,-3.3138,resolved_loss
sig_1749_BIIB,BIIB,2026-03-01T21:45:10.631481,1,,resolved_loss,-0.8499,-3.6081,-0.8499,resolved_loss
sig_1750_DXCM,DXCM,2026-03-01T21:45:10.631481,1,,resolved_loss,-0.6266,-7.2333,-0.6266,resolved_loss
sig_1751_BNTX,BNTX,2026-03-01T21:45:10.631481,1,,resolved_loss,-0.8157,-8.0116,-0.8157,resolved_loss
sig_1752_RPRX,RPRX,2026-03-01T21:45:10.631481,1,,resolved_win,1.5904,-2.1743,1.5904,resolved_win
sig_1753_UTHR,UTHR,2026-03-01T21:45:10.631481,2,,resolved_win,2.9231,-5.1119,2.9231,resolved_win
sig_1754_INCY,INCY,2026-03-01T21:45:10.631481,2,,resolved_loss,-0.9281,-5.2725,-0.9281,resolved_loss
sig_1755_RVMD,RVMD,2026-03-01T21:45:10.631481,2,,resolved_loss,-1.215,-3.5861,-1.215,resolved_loss
sig_1756_EXAS,EXAS,2026-03-01T21:45:10.631481,2,,open,,,,
sig_1757_MRNA,MRNA,2026-03-01T21:45:10.631481,1,,resolved_loss,-1.409,-1.9875,-1.409,resolved_loss
sig_1758_ROIV,ROIV,2026-03-01T21:45:10.631481,0,,resolved_loss,-0.622,-0.5529,-0.622,resolved_loss
sig_1759_GMAB,GMAB,2026-03-01T21:45:10.631481,1,,resolved_loss,-0.7813,-8.0842,-0.7813,resolved_loss
sig_1760_VTRS,VTRS,2026-03-01T21:45:10.631481,2,,resolved_loss,-1.6097,-6.5215,-1.6097,resolved_loss
sig_1761_ILMN,ILMN,2026-03-01T21:45:10.631481,3,,resolved_loss,-1.0925,-7.3802,-1.0925,resolved_loss
sig_1762_PODD,PODD,2026-03-01T21:45:10.631481,1,,resolved_loss,-0.941,-3.8655,-0.941,resolved_loss
sig_1763_HOLX,HOLX,2026-03-01T21:45:10.631481,1,,open,,,,
sig_1764_COO,COO,2026-03-01T21:45:10.631481,1,,resolved_loss,-0.4064,-8.5096,-0.4064,resolved_loss
sig_1765_RGC,RGC,2026-03-01T21:45:10.631481,1,,resolved_loss,-1.8752,-10.6391,-1.8752,resolved_loss
sig_1766_ASND,ASND,2026-03-01T21:45:10.631481,2,,resolved_win,3.1734,3.0621,3.1734,resolved_win
sig_1767_ALGN,ALGN,2026-03-01T21:45:10.631481,1,,resolved_loss,-0.9837,-8.4644,-0.9837,resolved_loss
sig_1768_IONS,IONS,2026-03-01T21:45:10.631481,2,,resolved_loss,-1.2079,-8.7391,-1.2079,resolved_loss
sig_1769_BBIO,BBIO,2026-03-01T21:45:10.631481,1,,resolved_loss,-1.6544,-1.6995,-1.6544,resolved_loss
sig_1770_GH,GH,2026-03-01T21:45:10.631481,1,,resolved_loss,-2.0758,-2.9168,-2.0758,resolved_loss
sig_1771_NBIX,NBIX,2026-03-01T21:45:10.631481,3,,resolved_loss,-0.9985,-3.0787,-0.9985,resolved_loss
sig_1772_MEDP,MEDP,2026-03-01T21:45:10.631481,2,,resolved_loss,-1.5583,4.1681,-1.5583,resolved_loss
sig_1773_BMRN,BMRN,2026-03-01T21:45:10.631481,1,,resolved_loss,-0.7618,-0.94,-0.7618,resolved_loss
sig_1774_ENSG,ENSG,2026-03-01T21:45:10.631481,1,,resolved_loss,-0.6488,-3.3079,-0.6488,resolved_loss
sig_1775_SMMT,SMMT,2026-03-01T21:45:10.631481,2,,resolved_loss,-0.934,-8.9485,-0.934,resolved_loss
sig_1776_EXEL,EXEL,2026-03-01T21:45:10.631481,2,,resolved_loss,-0.7036,-5.6968,-0.7036,resolved_loss
sig_1777_JAZZ,JAZZ,2026-03-01T21:45:10.631481,1,,resolved_loss,-0.7896,-4.1901,-0.7896,resolved_loss
sig_1778_ABVX,ABVX,2026-03-01T21:45:10.631481,1,,resolved_loss,-1.3355,-9.8681,-1.3355,resolved_loss
sig_1779_MDGL,MDGL,2026-03-01T21:45:10.631481,1,,resolved_loss,-1.5917,0.1365,-1.5917,resolved_loss
sig_1780_MASI,MASI,2026-03-01T21:45:10.631481,0,,resolved_loss,-0.0684,0,-0.0684,resolved_loss
sig_1781_HSIC,HSIC,2026-03-01T21:45:10.631481,2,,resolved_loss,-0.5949,-5.7795,-0.5949,resolved_loss
sig_1782_AXSM,AXSM,2026-03-01T21:45:10.631481,1,,resolved_loss,-1.0426,-1.0243,-1.0426,resolved_loss
sig_1783_TECH,TECH,2026-03-01T21:45:10.631481,1,,resolved_loss,-1.3053,-8.8143,-1.3053,resolved_loss
sig_1784_ARWR,ARWR,2026-03-01T21:45:10.631481,1,,resolved_loss,-1.5173,-5.4528,-1.5173,resolved_loss
sig_1785_IBRX,IBRX,2026-03-01T21:45:10.631481,1,,resolved_win,9.3878,-11.5306,9.3878,resolved_win
sig_1786_PRAX,PRAX,2026-03-01T21:45:10.631481,1,,resolved_loss,-1.3841,-7.7108,-1.3841,resolved_loss
sig_1787_HALO,HALO,2026-03-01T21:45:10.631481,1,,resolved_loss,-0.906,-3.1205,-0.906,resolved_loss
sig_1788_CYTK,CYTK,2026-03-01T21:45:10.631481,1,,resolved_loss,-1.3817,-2.9402,-1.3817,resolved_loss
sig_1789_PCVX,PCVX,2026-03-01T21:45:10.631481,1,,resolved_loss,-1.1178,-3.9527,-1.1178,resolved_loss
sig_1790_ICLR,ICLR,2026-03-01T21:45:10.631481,2,,resolved_loss,-1.8416,-0.7959,-1.8416,resolved_loss
sig_1791_KRYS,KRYS,2026-03-01T21:45:10.631481,1,,resolved_loss,-1.1789,-7.9766,-1.1789,resolved_loss
sig_1792_RGEN,RGEN,2026-03-01T21:45:10.631481,0,,resolved_loss,-1.6632,-6.7459,-1.6632,resolved_loss
sig_1793_BTSG,BTSG,2026-03-01T21:45:10.631481,3,,resolved_loss,-2.5753,0.3264,-2.5753,resolved_loss
sig_1794_NUVL,NUVL,2026-03-01T21:45:10.631481,2,,resolved_loss,-1.6141,-2.4579,-1.6141,resolved_loss
sig_1795_KYMR,KYMR,2026-03-01T21:45:10.631481,2,,resolved_loss,-1.346,-8.6343,-1.346,resolved_loss
sig_1796_BLTE,BLTE,2026-03-01T21:45:10.631481,3,,resolved_loss,-0.8004,-8.7414,-0.8004,resolved_loss
sig_1797_RYTM,RYTM,2026-03-01T21:45:10.631481,2,,resolved_loss,-2.8276,0.7379,-2.8276,resolved_loss
sig_1798_GRFS,GRFS,2026-03-01T21:45:10.631481,2,,resolved_loss,-1.4909,-5.1353,-1.4909,resolved_loss
sig_1799_COGT,COGT,2026-03-01T21:45:10.631481,1,,resolved_loss,-1.0814,-4.5314,-1.0814,resolved_loss
sig_1800_PTCT,PTCT,2026-03-01T21:45:10.631481,1,,resolved_loss,-1.4076,-7.8886,-1.4076,resolved_loss
sig_1801_OPCH,OPCH,2026-03-01T21:45:10.631481,2,,resolved_loss,-1.3247,-8.0715,-1.3247,resolved_loss
sig_1802_RDNT,RDNT,2026-03-01T21:45:10.631481,2,,resolved_win,4.1398,-13.0784,4.1398,resolved_win
sig_1803_IMVT,IMVT,2026-03-01T21:45:10.631481,2,,resolved_loss,-0.9373,-3.8933,-0.9373,resolved_loss
sig_1804_MIRM,MIRM,2026-03-01T21:45:10.631481,2,,resolved_loss,-2.6778,-6.4397,-2.6778,resolved_loss
sig_1805_ALKS,ALKS,2026-03-01T21:45:10.631481,2,,resolved_loss,-1.2629,-4.8521,-1.2629,resolved_loss
sig_1806_PTGX,PTGX,2026-03-01T21:45:10.631481,3,,resolved_loss,-0.9325,-0.1518,-0.9325,resolved_loss
sig_1807_CRSP,CRSP,2026-03-01T21:45:10.631481,2,,resolved_loss,-1.3803,-6.0369,-1.3803,resolved_loss
sig_1808_SHC,SHC,2026-03-01T21:45:10.631481,2,,resolved_loss,-0.9236,-9.7291,-0.9236,resolved_loss
sig_1809_LNTH,LNTH,2026-03-01T21:45:10.631481,1,,resolved_win,3.7111,-3.1371,3.7111,resolved_win
sig_1810_SRRK,SRRK,2026-03-01T21:45:10.631481,2,,resolved_loss,-2.0334,2.3272,-2.0334,resolved_loss
sig_1811_MMSI,MMSI,2026-03-01T21:45:10.631481,1,,resolved_loss,-1.2186,-5.8076,-1.2186,resolved_loss
sig_1812_IRTC,IRTC,2026-03-01T21:45:10.631481,1,,resolved_loss,-1.6896,-7.6032,-1.6896,resolved_loss
sig_1813_CELC,CELC,2026-03-01T21:45:10.631481,2,,resolved_loss,-1.2795,2.8991,-1.2795,resolved_loss
sig_1814_TGTX,TGTX,2026-03-01T21:45:10.631481,2,,resolved_loss,-2.1602,-2.7252,-2.1602,resolved_loss
sig_1815_APGE,APGE,2026-03-01T21:45:10.631481,1,,resolved_loss,-1.1008,4.4317,-1.1008,resolved_loss
sig_1816_CGON,CGON,2026-03-01T21:45:10.631481,3,,resolved_loss,-1.2245,5.2381,-1.2245,resolved_loss
sig_1817_GPCR,GPCR,2026-03-01T21:45:10.631481,1,,resolved_loss,-1.9539,-8.2923,-1.9539,resolved_loss
sig_1818_TMDX,TMDX,2026-03-01T21:45:10.631481,3,,resolved_loss,-1.4867,-10.7922,-1.4867,resolved_loss
sig_1819_AMRX,AMRX,2026-03-01T21:45:10.631481,2,,resolved_loss,-2.3861,-4.2661,-2.3861,resolved_loss
sig_1820_CRNX,CRNX,2026-03-01T21:45:10.631481,2,,resolved_loss,-2.7541,-6.8243,-2.7541,resolved_loss
sig_1821_FOLD,FOLD,2026-03-01T21:45:10.631481,0,,resolved_loss,-0.1393,-0.1393,-0.1393,resolved_loss
sig_1822_INDV,INDV,2026-03-01T21:45:10.631481,2,,resolved_loss,-2.2012,-1.3452,-2.2012,resolved_loss
sig_1823_ALHC,ALHC,2026-03-01T21:45:10.631481,2,,resolved_loss,-2.4961,-4.1082,-2.4961,resolved_loss
sig_1824_NAMS,NAMS,2026-03-01T21:45:10.631481,1,,resolved_loss,-1.2687,-15.8162,-1.2687,resolved_loss
sig_1825_TERN,TERN,2026-03-01T21:45:10.631481,3,,resolved_loss,-1.2805,1.5414,-1.2805,resolved_loss
sig_1826_ACAD,ACAD,2026-03-01T21:45:10.631481,1,,resolved_loss,-2.0774,-9.7352,-2.0774,resolved_loss
sig_1827_ICUI,ICUI,2026-03-01T21:45:10.631481,1,,resolved_loss,-0.7163,-12.4494,-0.7163,resolved_loss
sig_1828_ERAS,ERAS,2026-03-01T21:45:10.631481,1,,resolved_win,5.0549,13.3333,5.0549,resolved_win
sig_1829_ADMA,ADMA,2026-03-01T21:45:10.631481,2,,resolved_win,6.2901,-1.2195,6.2901,resolved_win
sig_1830_LIVN,LIVN,2026-03-01T21:45:10.631481,1,,resolved_loss,-0.6516,-9.5751,-0.6516,resolved_loss
sig_1831_ACLX,ACLX,2026-03-01T21:45:10.631481,1,,resolved_win,0.2548,0.4569,0.2548,resolved_win
sig_1832_CEG,CEG,2026-03-01T21:45:10.631481,2,,resolved_loss,-0.8337,-3.5505,-0.8337,resolved_loss
sig_1833_AEP,AEP,2026-03-01T21:45:10.631481,0,,resolved_loss,-0.3811,-2.1677,-0.3811,resolved_loss
sig_1834_EXC,EXC,2026-03-01T21:45:10.631481,2,,resolved_loss,-0.4245,-1.152,-0.4245,resolved_loss
sig_1835_XEL,XEL,2026-03-01T21:45:10.631481,0,,resolved_loss,-0.4081,-1.6868,-0.4081,resolved_loss
sig_1836_EVRG,EVRG,2026-03-01T21:45:10.631481,2,,resolved_loss,-0.4064,-2.0126,-0.4064,resolved_loss
sig_1837_LNT,LNT,2026-03-01T21:45:10.631481,1,,resolved_loss,-0.3318,-1.827,-0.3318,resolved_loss
sig_1838_TLN,TLN,2026-03-01T21:45:10.631481,2,,resolved_loss,-1.6705,-13.6306,-1.6705,resolved_loss
sig_1839_ENLT,ENLT,2026-03-01T21:45:10.631481,2,,resolved_win,4.5647,14.7629,4.5647,resolved_win
sig_1840_CWST,CWST,2026-03-01T21:45:10.631481,1,,resolved_loss,-1.2669,0.9555,-1.2669,resolved_loss
sig_1841_NWE,NWE,2026-03-01T21:45:10.631481,2,,resolved_loss,-0.343,-1.3783,-0.343,resolved_loss
sig_1842_OTTR,OTTR,2026-03-01T21:45:10.631481,1,,resolved_loss,-0.6229,5.1515,-0.6229,resolved_loss
sig_1843_RNW,RNW,2026-03-01T21:45:10.631481,1,,resolved_loss,-0.9955,-3.7104,-0.9955,resolved_loss
sig_1844_CDZIP,CDZIP,2026-03-01T21:45:10.631481,2,,resolved_loss,-0.4592,-3.2683,-0.4592,resolved_loss
sig_1845_NEXT,NEXT,2026-03-01T21:45:10.631481,3,,resolved_win,6.3197,4.461,6.3197,resolved_win
sig_1846_NNE,NNE,2026-03-01T21:45:10.631481,2,,resolved_loss,-2.5545,-11.5702,-2.5545,resolved_loss
sig_1847_MSEX,MSEX,2026-03-01T21:45:10.631481,1,,resolved_loss,-0.5729,-0.6934,-0.5729,resolved_loss
sig_1848_ADTN,ADTN,2026-03-01T21:45:10.631481,2,,resolved_loss,-2.4486,-6.0725,-2.4486,resolved_loss
sig_1849_NTGR,NTGR,2026-03-01T21:45:10.631481,2,,resolved_loss,-1.0674,-1.6497,-1.0674,resolved_loss
sig_1850_CWCO,CWCO,2026-03-01T21:45:10.631481,2,,resolved_loss,-0.6064,-7.3535,-0.6064,resolved_loss
sig_1851_CLNE,CLNE,2026-03-01T21:45:10.631481,2,,resolved_loss,-1.7621,4.8458,-1.7621,resolved_loss
sig_1852_YORW,YORW,2026-03-01T21:45:10.631481,1,,resolved_loss,-0.4563,-0.5172,-0.4563,resolved_loss
sig_1853_CLFD,CLFD,2026-03-01T21:45:10.631481,1,,resolved_loss,-2.1161,-4.5028,-2.1161,resolved_loss
sig_1854_CDZI,CDZI,2026-03-01T21:45:10.631481,1,,resolved_win,4.9808,1.9157,4.9808,resolved_win
sig_1855_OPAL,OPAL,2026-03-01T21:45:10.631481,1,,resolved_win,5.7143,0.9524,5.7143,resolved_win
sig_1856_NFE,NFE,2026-03-01T21:45:10.631481,2,,resolved_win,10.0917,-0.9174,10.0917,resolved_win
sig_1857_ARTNA,ARTNA,2026-03-01T21:45:10.631481,1,,resolved_loss,-0.7969,-1.4349,-0.7969,resolved_loss
sig_1858_PCYO,PCYO,2026-03-01T21:45:10.631481,1,,resolved_loss,-1.5094,-3.7264,-1.5094,resolved_loss
sig_1859_GWRS,GWRS,2026-03-01T21:45:10.631481,2,,resolved_loss,-0.5464,-11.8296,-0.5464,resolved_loss
sig_1860_MNTK,MNTK,2026-03-01T21:45:10.631481,1,,resolved_win,3.871,-0.6452,3.871,resolved_win
sig_1861_WAVE,WAVE,2026-03-01T21:45:10.631481,2,,resolved_loss,-5.2,9.54,-5.2,resolved_loss
sig_1862_RGCO,RGCO,2026-03-01T21:45:10.631481,2,,resolved_loss,-0.9021,0.5219,-0.9021,resolved_loss
sig_1863_AUDC,AUDC,2026-03-01T21:45:10.631481,2,,resolved_win,2.9494,13.2023,2.9494,resolved_win
sig_1864_VIASP,VIASP,2026-03-01T21:45:10.631481,1,,resolved_loss,-0.8523,-3.4967,-0.8523,resolved_loss
sig_1865_SLNG,SLNG,2026-03-01T21:45:10.631481,1,,resolved_loss,-2.9229,-33.3924,-2.9229,resolved_loss
sig_1866_FKWL,FKWL,2026-03-01T21:45:10.631481,1,,resolved_loss,-3.0821,-3.8413,-3.0821,resolved_loss
sig_1867_FIEE,FIEE,2026-03-01T21:45:10.631481,2,,resolved_win,13.1387,17.3358,13.1387,resolved_win
sig_1868_VVPR,VVPR,2026-03-01T21:45:10.631481,1,,open,,,,
sig_1869_QRHC,QRHC,2026-03-01T21:45:10.631481,1,,resolved_loss,-6.8182,-9.0909,-6.8182,resolved_loss
sig_1870_SUUN,SUUN,2026-03-01T21:45:10.631481,0,,resolved_win,14.2857,-9.0909,14.2857,resolved_win
sig_1871_CLRO,CLRO,2026-03-01T21:45:10.631481,1,,resolved_loss,-6.6941,-6.2822,-6.6941,resolved_loss
sig_1872_SONM,SONM,2026-03-01T21:45:10.631481,1,,resolved_loss,-6.1338,-13.7546,-6.1338,resolved_loss
sig_1873_SUNE,SUNE,2026-03-01T21:45:10.631481,1,,resolved_win,7.4627,-7.4627,7.4627,resolved_win
sig_1874_BKNG,BKNG,2026-03-01T21:45:10.631481,3,,resolved_loss,-1.1981,-95.7142,-1.1981,resolved_loss
sig_1875_SBUX,SBUX,2026-03-01T21:45:10.631481,1,,resolved_loss,-0.7957,0.3909,-0.7957,resolved_loss
sig_1876_MAR,MAR,2026-03-01T21:45:10.631481,1,,resolved_loss,-1.0011,-5.4058,-1.0011,resolved_loss
sig_1877_ORLY,ORLY,2026-03-01T21:45:10.631481,2,,resolved_loss,-0.8681,0.7616,-0.8681,resolved_loss
sig_1878_ABNB,ABNB,2026-03-01T21:45:10.631481,2,,resolved_loss,-0.7549,-1.3915,-0.7549,resolved_loss
sig_1879_WBD,WBD,2026-03-01T21:45:10.631481,2,,resolved_win,1.1368,-0.7105,1.1368,resolved_win
sig_1880_PCAR,PCAR,2026-03-01T21:45:10.631481,2,,resolved_loss,-0.9363,-4.7393,-0.9363,resolved_loss
sig_1881_ROST,ROST,2026-03-01T21:45:10.631481,2,,resolved_loss,-0.4037,2.5767,-0.4037,resolved_loss
sig_1882_BKR,BKR,2026-03-01T21:45:10.631481,0,,resolved_win,2.2375,-8.6427,2.2375,resolved_win
sig_1883_FAST,FAST,2026-03-01T21:45:10.631481,2,,resolved_loss,-0.8038,0.3992,-0.8038,resolved_loss
sig_1884_EA,EA,2026-03-01T21:45:10.631481,1,,resolved_loss,-0.2693,-1.3648,-0.2693,resolved_loss
sig_1885_JD,JD,2026-03-01T21:45:10.631481,1,,resolved_loss,-0.6598,-1.604,-0.6598,resolved_loss
sig_1886_TRI,TRI,2026-03-01T21:45:10.631481,2,,resolved_loss,-1.4738,13.0686,-1.4738,resolved_loss
sig_1887_TTWO,TTWO,2026-03-01T21:45:10.631481,2,,resolved_loss,-1.0406,0.0378,-1.0406,resolved_loss
sig_1888_UAL,UAL,2026-03-01T21:45:10.631481,2,,resolved_loss,-1.6733,-13.4021,-1.6733,resolved_loss
sig_1889_KMB,KMB,2026-03-01T21:45:10.631481,1,,resolved_loss,-0.4127,-7.4522,-0.4127,resolved_loss
sig_1890_CPRT,CPRT,2026-03-01T21:45:10.631481,1,,resolved_loss,-0.8796,-0.9059,-0.8796,resolved_loss
sig_1891_RYAAY,RYAAY,2026-03-01T21:45:10.631481,3,,resolved_loss,-0.8593,-5.8074,-0.8593,resolved_loss
sig_1892_SATS,SATS,2026-03-01T21:45:10.631481,2,,resolved_loss,-3.7659,-8.0253,-3.7659,resolved_loss
sig_1893_ULTA,ULTA,2026-03-01T21:45:10.631481,2,,resolved_loss,-0.8409,-5.6383,-0.8409,resolved_loss
sig_1894_ASTS,ASTS,2026-03-01T21:45:10.631481,2,,resolved_win,8.3402,12.9806,8.3402,resolved_win
sig_1895_TSCO,TSCO,2026-03-01T21:45:10.631481,2,,resolved_loss,-1.0612,-4.0015,-1.0612,resolved_loss
sig_1896_DLTR,DLTR,2026-03-01T21:45:10.631481,1,,resolved_loss,-0.5772,-8.4519,-0.5772,resolved_loss
sig_1897_EXPE,EXPE,2026-03-01T21:45:10.631481,2,,resolved_loss,-1.5112,15.4697,-1.5112,resolved_loss
sig_1898_CASY,CASY,2026-03-01T21:45:10.631481,2,,resolved_loss,-0.6333,-3.0836,-0.6333,resolved_loss
sig_1899_LULU,LULU,2026-03-01T21:45:10.631481,2,,resolved_loss,-1.0314,-8.1272,-1.0314,resolved_loss
sig_1900_HTHT,HTHT,2026-03-01T21:45:10.631481,2,,resolved_loss,-0.6204,-10.1816,-0.6204,resolved_loss
sig_1901_WMG,WMG,2026-03-01T21:45:10.631481,1,,resolved_loss,-1.1185,-3.2239,-1.1185,resolved_loss
sig_1902_NWS,NWS,2026-03-01T21:45:10.631481,3,,resolved_loss,-0.7836,2.9785,-0.7836,resolved_loss
sig_1903_HAS,HAS,2026-03-01T21:45:10.631481,1,,resolved_loss,-0.743,-5.8917,-0.743,resolved_loss
sig_1904_NWSA,NWSA,2026-03-01T21:45:10.631481,2,,resolved_loss,-0.8234,0.9368,-0.8234,resolved_loss
sig_1905_DPZ,DPZ,2026-03-01T21:45:10.631481,2,,resolved_loss,-0.8472,0.9584,-0.8472,resolved_loss
sig_1906_FIVE,FIVE,2026-03-01T21:45:10.631481,0,,resolved_loss,-0.7787,-3.6606,-0.7787,resolved_loss
sig_1907_WYNN,WYNN,2026-03-01T21:45:10.631481,1,,resolved_loss,-1.294,-6.328,-1.294,resolved_loss
sig_1908_TXRH,TXRH,2026-03-01T21:45:10.631481,1,,resolved_loss,-0.9517,-6.9855,-0.9517,resolved_loss
sig_1909_DKNG,DKNG,2026-03-01T21:45:10.631481,2,,resolved_loss,-1.7225,5.4021,-1.7225,resolved_loss
sig_1910_TTEK,TTEK,2026-03-01T21:45:10.631481,1,,resolved_loss,-1.3114,-2.9654,-1.3114,resolved_loss
sig_1911_LLYVK,LLYVK,2026-03-01T21:45:10.631481,2,,resolved_loss,-1.0437,-3.8234,-1.0437,resolved_loss
sig_1912_AAL,AAL,2026-03-01T21:45:10.631481,2,,resolved_loss,-1.6043,-14.5913,-1.6043,resolved_loss
sig_1913_LLYVA,LLYVA,2026-03-01T21:45:10.631481,2,,resolved_loss,-1.0307,-3.5354,-1.0307,resolved_loss
sig_1914_LKQ,LKQ,2026-03-01T21:45:10.631481,1,,resolved_loss,-0.9964,-6.9945,-0.9964,resolved_loss
sig_1915_POOL,POOL,2026-03-01T21:45:10.631481,1,,resolved_loss,-1.2541,-7.2303,-1.2541,resolved_loss
sig_1916_FCFS,FCFS,2026-03-01T21:45:10.631481,2,,resolved_win,2.039,-1.443,2.039,resolved_win
sig_1917_GSAT,GSAT,2026-03-01T21:45:10.631481,3,,resolved_loss,-2.5851,-9.377,-2.5851,resolved_loss
sig_1918_WFRD,WFRD,2026-03-01T21:45:10.631481,1,,resolved_win,2.5126,-14.1271,2.5126,resolved_win
sig_1919_WING,WING,2026-03-01T21:45:10.631481,2,,resolved_loss,-2.1886,-11.9208,-2.1886,resolved_loss
sig_1920_SIRI,SIRI,2026-03-01T21:45:10.631481,2,,resolved_loss,-0.6152,0.3797,-0.6152,resolved_loss
sig_1921_RRR,RRR,2026-03-01T21:45:10.631481,2,,resolved_loss,-1.4701,-5.1195,-1.4701,resolved_loss
sig_1922_OLLI,OLLI,2026-03-01T21:45:10.631481,2,,resolved_loss,-1.1391,1.6993,-1.1391,resolved_loss
sig_1923_CHDN,CHDN,2026-03-01T21:45:10.631481,2,,resolved_loss,-1.6542,-8.7714,-1.6542,resolved_loss
sig_1924_OMAB,OMAB,2026-03-01T21:45:10.631481,2,,resolved_loss,-1.0561,-11.791,-1.0561,resolved_loss
sig_1925_MMYT,MMYT,2026-03-01T21:45:10.631481,1,,resolved_loss,-1.1071,-7.6787,-1.1071,resolved_loss
sig_1926_URBN,URBN,2026-03-01T21:45:10.631481,2,,resolved_loss,-1.5705,-3.2619,-1.5705,resolved_loss
sig_1927_DOO,DOO,2026-03-01T21:45:10.631481,2,,resolved_loss,-1.2415,-10.6621,-1.2415,resolved_loss
sig_1928_RUSHA,RUSHA,2026-03-01T21:45:10.631481,2,,resolved_loss,-1.1276,-7.1784,-1.1276,resolved_loss
sig_1929_MAT,MAT,2026-03-01T21:45:10.631481,1,,resolved_loss,-1.1501,-6.2224,-1.1501,resolved_loss
sig_1930_ATAT,ATAT,2026-03-01T21:45:10.631481,1,,resolved_loss,-0.5349,-8.6056,-0.5349,resolved_loss
sig_1931_VSEC,VSEC,2026-03-01T21:45:10.631481,1,,resolved_loss,-1.1856,-7.8368,-1.1856,resolved_loss
sig_1932_GNTX,GNTX,2026-03-01T21:45:10.631481,1,,resolved_loss,-0.812,-6.1711,-0.812,resolved_loss
sig_1933_RUSHB,RUSHB,2026-03-01T21:45:10.631481,1,,resolved_loss,-1.4785,-7.748,-1.4785,resolved_loss
sig_1934_REYN,REYN,2026-03-01T21:45:10.631481,1,,resolved_loss,-0.4233,-9.4582,-0.4233,resolved_loss
sig_1935_CROX,CROX,2026-03-01T21:45:10.631481,1,,resolved_loss,-1.2795,-5.1401,-1.2795,resolved_loss
sig_1936_GLNG,GLNG,2026-03-01T21:45:10.631481,1,,resolved_win,2.8327,4.7542,2.8327,resolved_win
sig_1937_PSMT,PSMT,2026-03-01T21:45:10.631481,1,,resolved_win,1.9746,-6.021,1.9746,resolved_win
sig_1938_IEP,IEP,2026-03-01T21:45:10.631481,2,,resolved_loss,-1.1166,-11.3473,-1.1166,resolved_loss
sig_1939_CVCO,CVCO,2026-03-01T21:45:10.631481,1,,resolved_loss,-1.5416,-7.2795,-1.5416,resolved_loss
sig_1940_PATK,PATK,2026-03-01T21:45:10.631481,1,,resolved_loss,-1.1387,-6.9528,-1.1387,resolved_loss
sig_1941_CZR,CZR,2026-03-01T21:45:10.631481,3,,resolved_loss,-1.9936,5.2632,-1.9936,resolved_loss
sig_1942_FELE,FELE,2026-03-01T21:45:10.631481,2,,resolved_loss,-0.9183,-4.1853,-0.9183,resolved_loss
sig_1943_SKYW,SKYW,2026-03-01T21:45:10.631481,2,,resolved_loss,-0.7013,-11.5861,-0.7013,resolved_loss
sig_1944_FTDR,FTDR,2026-03-01T21:45:10.631481,2,,resolved_loss,-1.093,-2.9583,-1.093,resolved_loss
sig_1945_DORM,DORM,2026-03-01T21:45:10.631481,2,,resolved_loss,-1.8964,-7.4416,-1.8964,resolved_loss
sig_1946_ASO,ASO,2026-03-01T21:45:10.631481,1,,resolved_loss,-0.7981,-0.1003,-0.7981,resolved_loss
sig_1947_GTX,GTX,2026-03-01T21:45:10.631481,2,,resolved_loss,-0.9823,-9.5534,-0.9823,resolved_loss
sig_1948_EXPO,EXPO,2026-03-01T21:45:10.631481,2,,resolved_loss,-0.6591,-1.7915,-0.6591,resolved_loss
sig_1949_COLM,COLM,2026-03-01T21:45:10.631481,1,,resolved_loss,-1.1619,-6.8389,-1.1619,resolved_loss
sig_1950_CAR,CAR,2026-03-01T21:45:10.631481,1,,resolved_loss,-2.175,0.041,-2.175,resolved_loss
sig_1951_IPAR,IPAR,2026-03-01T21:45:10.631481,2,,resolved_loss,-1.0925,-6.8895,-1.0925,resolved_loss
sig_1952_CAKE,CAKE,2026-03-01T21:45:10.631481,1,,resolved_loss,-0.6641,-5.1656,-0.6641,resolved_loss
sig_1953_HWKN,HWKN,2026-03-01T21:45:10.631481,2,,resolved_loss,-0.8178,-0.3463,-0.8178,resolved_loss
sig_1954_VRRM,VRRM,2026-03-01T21:45:10.631481,1,,resolved_loss,-1.4363,-1.4363,-1.4363,resolved_loss
sig_1955_BATRA,BATRA,2026-03-01T21:45:10.631481,1,,resolved_loss,-0.7646,0.1447,-0.7646,resolved_loss
sig_1956_SBLK,SBLK,2026-03-01T21:45:10.631481,2,,resolved_loss,-0.8937,-11.428,-0.8937,resolved_loss
sig_1957_SHOO,SHOO,2026-03-01T21:45:10.631481,1,,resolved_loss,-1.5789,-7.1648,-1.5789,resolved_loss
sig_1958_CHEF,CHEF,2026-03-01T21:45:10.631481,1,,resolved_loss,-0.5321,-11.9171,-0.5321,resolved_loss
sig_1959_DRVN,DRVN,2026-03-01T21:45:10.631481,1,,resolved_loss,-2.3593,-4.9002,-2.3593,resolved_loss
sig_1960_MGRC,MGRC,2026-03-01T21:45:10.631481,1,,resolved_loss,-1.7221,-3.2129,-1.7221,resolved_loss
sig_1961_BATRK,BATRK,2026-03-01T21:45:10.631481,2,,resolved_loss,-0.64,-0.0229,-0.64,resolved_loss
sig_1962_TRMD,TRMD,2026-03-01T21:45:10.631481,2,,resolved_loss,-0.6633,-10.7259,-0.6633,resolved_loss
sig_1963_NSIT,NSIT,2026-03-01T21:45:10.631481,1,,resolved_win,3.9368,1.6992,3.9368,resolved_win
sig_1964_MLCO,MLCO,2026-03-01T21:45:10.631481,3,,resolved_loss,-1.5152,-6.0606,-1.5152,resolved_loss
sig_1965_GT,GT,2026-03-01T21:45:10.631481,1,,resolved_loss,-1.0909,-9.0909,-1.0909,resolved_loss
sig_1966_VC,VC,2026-03-01T21:45:10.631481,1,,resolved_loss,-1.2023,-5.8613,-1.2023,resolved_loss
sig_1967_CENT,CENT,2026-03-01T21:45:10.631481,0,,resolved_loss,-0.4912,-4.8798,-0.4912,resolved_loss
sig_1968_MCW,MCW,2026-03-01T21:45:10.631481,1,,resolved_loss,-0.2801,,-0.2801,resolved_loss
sig_1969_OSW,OSW,2026-03-01T21:45:10.631481,2,,resolved_loss,-1.4863,-5.5834,-1.4863,resolved_loss
sig_1970_HURN,HURN,2026-03-01T21:45:10.631481,2,,resolved_win,4.5512,2.3534,4.5512,resolved_win
sig_1971_LRCX,LRCX,2026-03-01T22:01:47.768231,2,,resolved_loss,-1.8218,-14.7543,-1.8218,resolved_loss
sig_1972_MRVL,MRVL,2026-03-01T22:01:47.768231,3,,resolved_loss,-0.967,9.5779,-0.967,resolved_loss
sig_1973_CAMT,CAMT,2026-03-01T22:01:47.768231,2,,resolved_loss,-1.0973,-12.1481,-1.0973,resolved_loss
sig_1974_CRUS,CRUS,2026-03-01T22:01:47.768231,2,,resolved_loss,-1.0846,-7.5849,-1.0846,resolved_loss
sig_1975_FORM,FORM,2026-03-01T22:01:47.768231,2,,resolved_loss,-2.1557,-13.9662,-2.1557,resolved_loss
sig_1976_AEHR,AEHR,2026-03-02T20:51:56.356558,3,,resolved_loss,-2.7135,-3.5394,-2.7135,resolved_loss
sig_1977_UTHR,UTHR,2026-03-02T20:51:56.356558,3,,resolved_loss,-1.0204,2.8513,-1.0204,resolved_loss
sig_1978_NTLA,NTLA,2026-03-02T20:51:56.356558,3,,resolved_loss,-2.4327,-9.893,-2.4327,resolved_loss
sig_1979_APGE,APGE,2026-03-02T20:51:56.356558,2,,resolved_loss,-1.3427,4.8112,-1.3427,resolved_loss
sig_1980_CVS,CVS,2026-03-02T20:51:56.356558,2,,resolved_loss,-0.6052,-4.176,-0.6052,resolved_loss
sig_1981_CNC,CNC,2026-03-02T20:51:56.356558,2,,resolved_loss,-0.8236,-2.2453,-0.8236,resolved_loss
sig_1982_PRVA,PRVA,2026-03-02T20:51:56.356558,2,,resolved_loss,-1.1623,-3.2794,-1.1623,resolved_loss
sig_1983_STT,STT,2026-03-02T20:51:56.356558,2,,resolved_loss,-0.6724,-6.391,-0.6724,resolved_loss
sig_1984_DAVE,DAVE,2026-03-02T20:51:56.356558,3,,resolved_win,7.112,12.5616,7.112,resolved_win
sig_1985_ACGL,ACGL,2026-03-02T20:51:56.356558,2,,resolved_loss,-0.4824,-5.858,-0.4824,resolved_loss
sig_1986_ACIC,ACIC,2026-03-02T20:51:56.356558,2,,resolved_loss,-0.4764,-0.3898,-0.4764,resolved_loss
sig_1987_COP,COP,2026-03-02T20:51:56.356558,2,,resolved_win,2.9532,-1.1347,2.9532,resolved_win
sig_1988_OXY,OXY,2026-03-02T20:51:56.356558,2,,resolved_loss,-1.0585,1.2223,-1.0585,resolved_loss
sig_1989_VLO,VLO,2026-03-02T20:51:56.356558,2,,resolved_loss,-1.0123,0.0344,-1.0123,resolved_loss
sig_1990_MPC,MPC,2026-03-02T20:51:56.356558,2,,resolved_loss,-1.2956,2.7298,-1.2956,resolved_loss
sig_1991_FANG,FANG,2026-03-02T20:51:56.356558,2,,resolved_loss,-1.452,2.3467,-1.452,resolved_loss
sig_1992_EQT,EQT,2026-03-02T20:51:56.356558,2,,resolved_loss,-0.716,0.9848,-0.716,resolved_loss
sig_1993_AR,AR,2026-03-02T20:51:56.356558,3,,resolved_loss,-1.1461,5.0911,-1.1461,resolved_loss
sig_1994_MTDR,MTDR,2026-03-02T20:51:56.356558,3,,resolved_loss,-1.2098,3.7988,-1.2098,resolved_loss
sig_1995_CHRD,CHRD,2026-03-02T20:51:56.356558,3,,resolved_loss,-0.9481,7.1037,-0.9481,resolved_loss
sig_1996_GPOR,GPOR,2026-03-02T20:51:56.356558,2,,resolved_loss,-0.9616,-5.7219,-0.9616,resolved_loss
sig_1997_NOG,NOG,2026-03-02T20:51:56.356558,2,,resolved_loss,-2.375,0.5965,-2.375,resolved_loss
sig_1998_LMT,LMT,2026-03-02T20:51:56.356558,2,,resolved_loss,-1.1646,-2.2973,-1.1646,resolved_loss
sig_1999_NOC,NOC,2026-03-02T20:51:56.356558,3,,resolved_loss,-0.6784,-2.1816,-0.6784,resolved_loss
sig_2000_HII,HII,2026-03-02T20:51:56.356558,2,,resolved_loss,-0.791,-5.6288,-0.791,resolved_loss
sig_2001_PL,PL,2026-03-02T20:51:56.356558,2,,resolved_loss,-2.0214,-1.5256,-2.0214,resolved_loss
sig_2002_GILT,GILT,2026-03-02T20:51:56.356558,2,,resolved_loss,-1.338,2.1524,-1.338,resolved_loss
sig_2003_MRCY,MRCY,2026-03-02T20:51:56.356558,3,,resolved_loss,-1.5701,-2.2266,-1.5701,resolved_loss
sig_2004_SATS,SATS,2026-03-02T20:51:56.356558,3,,resolved_loss,-2.0165,-7.2562,-2.0165,resolved_loss
sig_2005_IRDM,IRDM,2026-03-02T20:51:56.356558,2,,resolved_loss,-1.0582,-1.9384,-1.0582,resolved_loss
sig_2006_ABBV,ABBV,2026-03-02T20:51:56.356558,2,,resolved_loss,-0.521,-3.2786,-0.521,resolved_loss
sig_2007_NLY,NLY,2026-03-02T20:51:56.356558,2,,resolved_loss,-0.5125,-7.8178,-0.5125,resolved_loss
sig_2008_AIP,AIP,2026-03-02T20:51:56.356558,3,,resolved_loss,-1.4085,-14.6714,-1.4085,resolved_loss
sig_2009_ADAM,ADAM,2026-03-02T20:51:56.356558,2,,resolved_loss,-0.5883,-6.3039,-0.5883,resolved_loss
sig_2010_AME,AME,2026-03-02T20:51:56.356558,2,,resolved_loss,-0.5144,-6.7851,-0.5144,resolved_loss
sig_2011_OCUL,OCUL,2026-03-02T20:51:56.356558,3,,resolved_loss,-2.5428,-8.0906,-2.5428,resolved_loss
sig_2012_LMAT,LMAT,2026-03-02T20:51:56.356558,2,,resolved_loss,-1.1238,1.323,-1.1238,resolved_loss
sig_2013_GFS,GFS,2026-03-02T20:51:56.356558,2,,resolved_loss,-0.9472,-4.5143,-0.9472,resolved_loss
sig_2014_TSEM,TSEM,2026-03-02T20:51:56.356558,2,,resolved_loss,-2.1175,-16.1297,-2.1175,resolved_loss
sig_2015_SMTC,SMTC,2026-03-02T20:51:56.356558,2,,resolved_loss,-1.2711,-10.5578,-1.2711,resolved_loss
sig_2016_VIAV,VIAV,2026-03-02T20:51:56.356558,2,,resolved_loss,-1.513,-16.5287,-1.513,resolved_loss
sig_2017_HOLX,HOLX,2026-03-02T20:51:56.356558,2,,open,,,,
sig_2018_ASND,ASND,2026-03-02T20:51:56.356558,3,,resolved_loss,-1.3815,0.1336,-1.3815,resolved_loss
sig_2019_IBRX,IBRX,2026-03-02T20:51:56.356558,2,,resolved_loss,-3.0538,-18.0805,-3.0538,resolved_loss
sig_2020_IMVT,IMVT,2026-03-02T20:51:56.356558,2,,resolved_loss,-1.0969,-5.0171,-1.0969,resolved_loss
sig_2021_CELC,CELC,2026-03-02T20:51:56.356558,2,,resolved_loss,-1.2664,3.3619,-1.2664,resolved_loss
sig_2022_TMDX,TMDX,2026-03-02T20:51:56.356558,2,,resolved_loss,-1.4647,-8.6119,-1.4647,resolved_loss
sig_2023_CINF,CINF,2026-03-02T20:51:56.356558,2,,resolved_loss,-0.4546,-4.1492,-0.4546,resolved_loss
sig_2024_PFG,PFG,2026-03-02T20:51:56.356558,2,,resolved_loss,-0.6656,-7.3508,-0.6656,resolved_loss
sig_2025_BGC,BGC,2026-03-02T20:51:56.356558,2,,resolved_loss,-0.6616,-3.4873,-0.6616,resolved_loss
sig_2026_CTAS,CTAS,2026-03-02T20:51:56.356558,2,,resolved_loss,-0.3466,-0.8588,-0.3466,resolved_loss
sig_2027_RGLD,RGLD,2026-03-02T20:51:56.356558,2,,resolved_loss,-0.8704,-7.0597,-0.8704,resolved_loss
sig_2028_DRS,DRS,2026-03-02T20:51:56.356558,3,,resolved_loss,-1.1288,3.4972,-1.1288,resolved_loss
sig_2029_NXST,NXST,2026-03-02T20:51:56.356558,2,,resolved_loss,-0.7366,-1.0951,-0.7366,resolved_loss
sig_2030_LSTR,LSTR,2026-03-02T20:51:56.356558,2,,resolved_loss,-0.817,-7.0913,-0.817,resolved_loss
sig_2031_TXG,TXG,2026-03-02T20:51:56.356558,2,,resolved_loss,-1.5125,-9.637,-1.5125,resolved_loss
sig_2032_NN,NN,2026-03-02T20:51:56.356558,2,,resolved_loss,-1.4176,-2.5399,-1.4176,resolved_loss
sig_2033_SBGI,SBGI,2026-03-02T20:51:56.356558,3,,resolved_loss,-1.3003,-9.1225,-1.3003,resolved_loss
sig_2034_ATLX,ATLX,2026-03-02T20:51:56.356558,2,,resolved_loss,-1.7921,-10.5735,-1.7921,resolved_loss
sig_2035_SIRI,SIRI,2026-03-02T20:51:56.356558,2,,resolved_loss,-0.5681,-2.3685,-0.5681,resolved_loss
sig_2036_GLNG,GLNG,2026-03-02T20:51:56.356558,2,,resolved_loss,-1.3281,-1.3257,-1.3281,resolved_loss
sig_2037_IEP,IEP,2026-03-02T20:51:56.356558,2,,resolved_loss,-0.615,-12.2261,-0.615,resolved_loss
sig_2038_FTDR,FTDR,2026-03-02T20:51:56.356558,2,,resolved_loss,-1.0802,-1.7905,-1.0802,resolved_loss
sig_2039_SBLK,SBLK,2026-03-02T20:51:56.356558,2,,resolved_loss,-0.7264,-11.6409,-0.7264,resolved_loss
sig_2040_EXE,EXE,2026-03-02T20:51:56.356558,2,,resolved_loss,-0.7588,-0.7759,-0.7588,resolved_loss
sig_2041_NESR,NESR,2026-03-02T20:51:56.356558,2,,resolved_loss,-1.2185,-15.7595,-1.2185,resolved_loss
sig_2042_CELH,CELH,2026-03-02T20:51:56.356558,2,,resolved_loss,-1.5735,-12.6286,-1.5735,resolved_loss
sig_2043_CALM,CALM,2026-03-02T20:51:56.356558,2,,resolved_loss,-0.6281,-0.1979,-0.6281,resolved_loss
sig_2044_ARKO,ARKO,2026-03-02T20:51:56.356558,2,,resolved_loss,-2.1514,-7.0144,-2.1514,resolved_loss
sig_2045_LAMR,LAMR,2026-03-02T20:51:56.356558,2,,resolved_loss,-0.5327,-3.2554,-0.5327,resolved_loss
sig_2046_STRA,STRA,2026-03-02T20:51:56.356558,2,,resolved_loss,-0.9981,-3.0961,-0.9981,resolved_loss
sig_2047_ROKU,ROKU,2026-03-02T20:51:56.356558,2,,resolved_loss,-0.8783,2.2978,-0.8783,resolved_loss
sig_2048_DGII,DGII,2026-03-02T20:51:56.356558,2,,resolved_loss,-0.8135,-1.4683,-0.8135,resolved_loss
sig_2049_LTRX,LTRX,2026-03-02T20:51:56.356558,2,,resolved_loss,-1.0612,2.0408,-1.0612,resolved_loss
sig_2050_CDZI,CDZI,2026-03-02T20:51:56.356558,2,,resolved_loss,-1.1872,-4.2922,-1.1872,resolved_loss
sig_2051_IDCC,IDCC,2026-03-03T17:37:27.268704,1,,resolved_loss,-1.2849,-2.7222,-1.2849,resolved_loss
sig_2052_NOVT,NOVT,2026-03-03T17:37:27.268704,1,,resolved_loss,-2.434,-9.992,-2.434,resolved_loss
sig_2053_RUN,RUN,2026-03-03T17:37:27.268704,0,,resolved_loss,-4.3811,3.3603,-4.3811,resolved_loss
sig_2054_QS,QS,2026-03-03T17:37:27.268704,0,,resolved_loss,-2.6415,2.9434,-2.6415,resolved_loss
sig_2055_EOSE,EOSE,2026-03-03T17:37:27.268704,0,,resolved_loss,-6.0359,4.5677,-6.0359,resolved_loss
sig_2056_FLNC,FLNC,2026-03-03T17:37:27.268704,0,,resolved_win,10.3353,16.6955,10.3353,resolved_win
sig_2057_ENVX,ENVX,2026-03-03T17:37:27.268704,1,,resolved_loss,-3.3948,-4.1707,-3.3948,resolved_loss
sig_2058_CTLP,CTLP,2026-03-03T17:37:27.268704,2,,resolved_loss,-0.8138,1.2925,-0.8138,resolved_loss
sig_2059_MVST,MVST,2026-03-03T17:37:27.268704,1,,resolved_loss,-2.8302,-1.4151,-2.8302,resolved_loss
sig_2060_SLDP,SLDP,2026-03-03T17:37:27.268704,1,,resolved_loss,-3.1579,-2.5564,-3.1579,resolved_loss
sig_2061_APPS,APPS,2026-03-03T17:37:27.268704,2,,resolved_loss,-2.8708,-7.6555,-2.8708,resolved_loss
sig_2062_ACTG,ACTG,2026-03-03T17:37:27.268704,1,,resolved_loss,-1.827,1.0962,-1.827,resolved_loss
sig_2063_BYRN,BYRN,2026-03-03T17:37:27.268704,1,,resolved_loss,-3.6058,-17.0673,-3.6058,resolved_loss
sig_2064_NEOV,NEOV,2026-03-03T17:37:27.268704,1,,resolved_loss,-4.6338,10.9118,-4.6338,resolved_loss
sig_2065_JYNT,JYNT,2026-03-03T17:37:27.268704,1,,resolved_win,5.4697,1.7836,5.4697,resolved_win
sig_2066_NVX,NVX,2026-03-03T17:37:27.268704,1,,resolved_loss,-4.1065,-2.9783,-4.1065,resolved_loss
sig_2067_ULBI,ULBI,2026-03-03T17:37:27.268704,1,,resolved_loss,-3.232,0.2677,-3.232,resolved_loss
sig_2068_CBAT,CBAT,2026-03-03T17:37:27.268704,1,,resolved_loss,-2,3,-2,resolved_loss
sig_2069_ELBM,ELBM,2026-03-03T17:37:27.268704,1,,resolved_loss,-1.8095,1.6973,-1.8095,resolved_loss
sig_2070_VHC,VHC,2026-03-03T17:37:27.268704,2,,resolved_win,16.3435,12.3961,16.3435,resolved_win
sig_2071_ZEO,ZEO,2026-03-03T17:37:27.268704,1,,resolved_loss,-6,-3,-6,resolved_loss
sig_2072_RMCO,RMCO,2026-03-03T17:37:27.268704,1,,resolved_loss,-4.0404,3.912,-4.0404,resolved_loss
sig_2073_REFR,REFR,2026-03-03T17:37:27.268704,2,,resolved_loss,-6.7961,-9.7087,-6.7961,resolved_loss
sig_2074_FLUX,FLUX,2026-03-03T17:37:27.268704,1,,resolved_loss,-3.3784,0.6757,-3.3784,resolved_loss
sig_2075_STI,STI,2026-03-03T17:37:27.268704,2,,resolved_loss,-4.2857,-6.1905,-4.2857,resolved_loss
sig_2076_DFLI,DFLI,2026-03-03T17:37:27.268704,1,,resolved_win,11.4173,5.1181,11.4173,resolved_win
sig_2077_AMOD,AMOD,2026-03-03T17:37:27.268704,1,,resolved_win,11.9105,-4.6763,11.9105,resolved_win
sig_2078_LASE,LASE,2026-03-03T17:37:27.268704,1,,resolved_win,13.6979,15.3222,13.6979,resolved_win
sig_2079_CAPT,CAPT,2026-03-03T17:37:27.268704,1,,resolved_win,9.9976,5.8421,9.9976,resolved_win
sig_2080_XELB,XELB,2026-03-03T17:37:27.268704,1,,resolved_win,16.8932,-3.5279,16.8932,resolved_win
sig_2081_GAUZ,GAUZ,2026-03-03T17:37:27.268704,2,,resolved_loss,-6.6276,-8.4584,-6.6276,resolved_loss
sig_2082_TURB,TURB,2026-03-03T17:37:27.268704,2,,resolved_win,43.833,92.7028,43.833,resolved_win
sig_2083_XPON,XPON,2026-03-03T17:37:27.268704,1,,resolved_win,8.5076,11.6528,8.5076,resolved_win
sig_2084_ELPW,ELPW,2026-03-03T17:37:27.268704,2,,resolved_win,43.472,7245.7674,43.472,resolved_win
sig_2085_POLA,POLA,2026-03-03T17:37:27.268704,1,,resolved_win,15.6794,6.6202,15.6794,resolved_win
sig_2086_GILD,GILD,2026-03-03T17:56:22.591766,1,,resolved_loss,-1.1663,0.1703,-1.1663,resolved_loss
sig_2087_ISRG,ISRG,2026-03-03T17:56:22.591766,1,,resolved_win,2.9616,-0.699,2.9616,resolved_win
sig_2088_VRTX,VRTX,2026-03-03T17:56:22.591766,1,,resolved_loss,-1.1802,5.6746,-1.1802,resolved_loss
sig_2089_SNY,SNY,2026-03-03T17:56:22.591766,1,,resolved_loss,-0.9835,-9.9559,-0.9835,resolved_loss
sig_2090_REGN,REGN,2026-03-03T17:56:22.591766,1,,resolved_loss,-1.2558,-0.7578,-1.2558,resolved_loss
sig_2091_ARGX,ARGX,2026-03-03T17:56:22.591766,1,,resolved_loss,-1.2783,-1.3978,-1.2783,resolved_loss
sig_2092_IDXX,IDXX,2026-03-03T17:56:22.591766,1,,resolved_loss,-1.4778,-5.5486,-1.4778,resolved_loss
sig_2093_ALNY,ALNY,2026-03-03T17:56:22.591766,1,,resolved_loss,-1.5107,0.5223,-1.5107,resolved_loss
sig_2094_ONC,ONC,2026-03-03T17:56:22.591766,0,,resolved_loss,-1.7478,2.547,-1.7478,resolved_loss
sig_2095_GEHC,GEHC,2026-03-03T17:56:22.591766,1,,resolved_loss,-1.5198,-6.3696,-1.5198,resolved_loss
sig_2096_INSM,INSM,2026-03-03T17:56:22.591766,1,,resolved_loss,-1.8692,-2.8418,-1.8692,resolved_loss
sig_2097_NTRA,NTRA,2026-03-03T17:56:22.591766,2,,resolved_loss,-2.584,-3.5487,-2.584,resolved_loss
sig_2098_BIIB,BIIB,2026-03-03T17:56:22.591766,1,,resolved_win,3.518,2.6841,3.518,resolved_win
sig_2099_DXCM,DXCM,2026-03-03T17:56:22.591766,1,,resolved_loss,-0.6748,-6.6382,-0.6748,resolved_loss
sig_2100_BNTX,BNTX,2026-03-03T17:56:22.591766,2,,resolved_loss,-2.2823,-17.4717,-2.2823,resolved_loss
sig_2101_RPRX,RPRX,2026-03-03T17:56:22.591766,1,,resolved_loss,-0.5483,-3.4844,-0.5483,resolved_loss
sig_2102_UTHR,UTHR,2026-03-03T17:56:22.591766,1,,resolved_loss,-1.3206,6.0076,-1.3206,resolved_loss
sig_2103_INCY,INCY,2026-03-03T17:56:22.591766,1,,resolved_loss,-1.4,-2.4666,-1.4,resolved_loss
sig_2104_RVMD,RVMD,2026-03-03T17:56:22.591766,1,,resolved_loss,-1.084,-3.0166,-1.084,resolved_loss
sig_2105_EXAS,EXAS,2026-03-03T17:56:22.591766,1,,open,,,,
sig_2106_MRNA,MRNA,2026-03-03T17:56:22.591766,1,,resolved_win,6.7451,11.5326,6.7451,resolved_win
sig_2107_ROIV,ROIV,2026-03-03T17:56:22.591766,1,,resolved_win,4.4545,7.1235,4.4545,resolved_win
sig_2108_GMAB,GMAB,2026-03-03T17:56:22.591766,0,,resolved_loss,-1.701,1.1944,-1.701,resolved_loss
sig_2109_VTRS,VTRS,2026-03-03T17:56:22.591766,1,,resolved_loss,-1.7661,-6.8487,-1.7661,resolved_loss
sig_2110_ILMN,ILMN,2026-03-03T17:56:22.591766,1,,resolved_loss,-1.8276,-5.6524,-1.8276,resolved_loss
sig_2111_PODD,PODD,2026-03-03T17:56:22.591766,1,,resolved_loss,-1.4966,-0.5742,-1.4966,resolved_loss
sig_2112_HOLX,HOLX,2026-03-03T17:56:22.591766,1,,open,,,,
sig_2113_COO,COO,2026-03-03T17:56:22.591766,1,,resolved_loss,-0.7258,-10.0025,-0.7258,resolved_loss
sig_2114_RGC,RGC,2026-03-03T17:56:22.591766,1,,resolved_win,11.2931,5.6466,11.2931,resolved_win
sig_2115_ASND,ASND,2026-03-03T17:56:22.591766,2,,resolved_loss,-1.6277,-1.3858,-1.6277,resolved_loss
sig_2116_ALGN,ALGN,2026-03-03T17:56:22.591766,1,,resolved_loss,-1.9996,-7.182,-1.9996,resolved_loss
sig_2117_IONS,IONS,2026-03-03T17:56:22.591766,1,,resolved_loss,-1.6611,-5.1464,-1.6611,resolved_loss
sig_2118_BBIO,BBIO,2026-03-03T17:56:22.591766,1,,resolved_win,5.963,14.5146,5.963,resolved_win
sig_2119_GH,GH,2026-03-03T17:56:22.591766,1,,resolved_loss,-2.4672,-1.2118,-2.4672,resolved_loss
sig_2120_NBIX,NBIX,2026-03-03T17:56:22.591766,2,,resolved_loss,-1.5702,-1.4943,-1.5702,resolved_loss
sig_2121_MEDP,MEDP,2026-03-03T17:56:22.591766,2,,resolved_win,4.0783,2.4044,4.0783,resolved_win
sig_2122_BMRN,BMRN,2026-03-03T17:56:22.591766,1,,resolved_win,4.143,3.1772,4.143,resolved_win
sig_2123_ENSG,ENSG,2026-03-03T17:56:22.591766,1,,resolved_loss,-1.3395,-0.4456,-1.3395,resolved_loss
sig_2124_SMMT,SMMT,2026-03-03T17:56:22.591766,1,,resolved_loss,-2.4294,7.2226,-2.4294,resolved_loss
sig_2125_EXEL,EXEL,2026-03-03T17:56:22.591766,1,,resolved_win,5.2554,1.8752,5.2554,resolved_win
sig_2126_JAZZ,JAZZ,2026-03-03T17:56:22.591766,1,,resolved_loss,-0.7692,-0.3404,-0.7692,resolved_loss
sig_2127_ABVX,ABVX,2026-03-03T17:56:22.591766,2,,resolved_loss,-2.6458,2.8689,-2.6458,resolved_loss
sig_2128_MDGL,MDGL,2026-03-03T17:56:22.591766,1,,resolved_win,4.7853,1.7432,4.7853,resolved_win
sig_2129_MASI,MASI,2026-03-03T17:56:22.591766,0,,resolved_loss,-0.0735,0.012,-0.0735,resolved_loss
sig_2130_HSIC,HSIC,2026-03-03T17:56:22.591766,1,,resolved_loss,-0.7966,-5.0411,-0.7966,resolved_loss
sig_2131_AXSM,AXSM,2026-03-03T17:56:22.591766,1,,resolved_loss,-1.6506,0.2048,-1.6506,resolved_loss
sig_2132_TECH,TECH,2026-03-03T17:56:22.591766,1,,resolved_loss,-2.0489,-5.6591,-2.0489,resolved_loss
sig_2133_ARWR,ARWR,2026-03-03T17:56:22.591766,2,,resolved_loss,-1.5706,-11.0243,-1.5706,resolved_loss
sig_2134_IBRX,IBRX,2026-03-03T17:56:22.591766,1,,resolved_loss,-3.1098,-22.1574,-3.1098,resolved_loss
sig_2135_PRAX,PRAX,2026-03-03T17:56:22.591766,1,,resolved_loss,-2.8949,-4.2512,-2.8949,resolved_loss
sig_2136_HALO,HALO,2026-03-03T17:56:22.591766,1,,resolved_win,3.836,-0.7174,3.836,resolved_win
sig_2137_CYTK,CYTK,2026-03-03T17:56:22.591766,1,,resolved_loss,-1.7083,5.4533,-1.7083,resolved_loss
sig_2138_PCVX,PCVX,2026-03-03T17:56:22.591766,1,,resolved_loss,-1.4833,-2.9333,-1.4833,resolved_loss
sig_2139_ICLR,ICLR,2026-03-03T17:56:22.591766,2,,resolved_win,5.4072,0.2633,5.4072,resolved_win
sig_2140_KRYS,KRYS,2026-03-03T17:56:22.591766,1,,resolved_loss,-2.4851,-1.8459,-2.4851,resolved_loss
sig_2141_RGEN,RGEN,2026-03-03T17:56:22.591766,0,,resolved_loss,-2.0868,0.0575,-2.0868,resolved_loss
sig_2142_BTSG,BTSG,2026-03-03T17:56:22.591766,2,,resolved_loss,-1.6135,1.8352,-1.6135,resolved_loss
sig_2143_NUVL,NUVL,2026-03-03T17:56:22.591766,1,,resolved_loss,-2.0058,0.7935,-2.0058,resolved_loss
sig_2144_KYMR,KYMR,2026-03-03T17:56:22.591766,1,,resolved_loss,-1.3925,-4.2454,-1.3925,resolved_loss
sig_2145_BLTE,BLTE,2026-03-03T17:56:22.591766,1,,resolved_loss,-3.6123,-1.9442,-3.6123,resolved_loss
sig_2146_RYTM,RYTM,2026-03-03T17:56:22.591766,1,,resolved_loss,-3.2716,2.4565,-3.2716,resolved_loss
sig_2147_GRFS,GRFS,2026-03-03T17:56:22.591766,2,,resolved_loss,-1.7483,-4.4289,-1.7483,resolved_loss
sig_2148_COGT,COGT,2026-03-03T17:56:22.591766,1,,resolved_loss,-2.1466,-0.9586,-2.1466,resolved_loss
sig_2149_PTCT,PTCT,2026-03-03T17:56:22.591766,0,,resolved_loss,-2.137,6.9412,-2.137,resolved_loss
sig_2150_OPCH,OPCH,2026-03-03T17:56:22.591766,1,,resolved_loss,-1.5729,-3.9728,-1.5729,resolved_loss
sig_2151_RDNT,RDNT,2026-03-03T17:56:22.591766,1,,resolved_loss,-3.1195,-14.7143,-3.1195,resolved_loss
sig_2152_IMVT,IMVT,2026-03-03T17:56:22.591766,1,,resolved_loss,-1.4498,-4.3866,-1.4498,resolved_loss
sig_2153_MIRM,MIRM,2026-03-03T17:56:22.591766,1,,resolved_loss,-2.017,0.2204,-2.017,resolved_loss
sig_2154_ALKS,ALKS,2026-03-03T17:56:22.591766,1,,resolved_loss,-1.5984,-7.6257,-1.5984,resolved_loss
sig_2155_PTGX,PTGX,2026-03-03T17:56:22.591766,1,,resolved_loss,-1.3384,5.1748,-1.3384,resolved_loss
sig_2156_CRSP,CRSP,2026-03-03T17:56:22.591766,1,,resolved_loss,-1.797,-9.6355,-1.797,resolved_loss
sig_2157_SHC,SHC,2026-03-03T17:56:22.591766,0,,resolved_loss,-1.3401,-10.2744,-1.3401,resolved_loss
sig_2158_LNTH,LNTH,2026-03-03T17:56:22.591766,0,,resolved_loss,-1.4624,7.7003,-1.4624,resolved_loss
sig_2159_SRRK,SRRK,2026-03-03T17:56:22.591766,2,,resolved_loss,-4.9528,-3.988,-4.9528,resolved_loss
sig_2160_MMSI,MMSI,2026-03-03T17:56:22.591766,1,,resolved_loss,-1.3015,-6.5689,-1.3015,resolved_loss
sig_2161_IRTC,IRTC,2026-03-03T17:56:22.591766,1,,resolved_loss,-2.7096,-3.9449,-2.7096,resolved_loss
sig_2162_CELC,CELC,2026-03-03T17:56:22.591766,1,,resolved_win,5.5808,9.557,5.5808,resolved_win
sig_2163_TGTX,TGTX,2026-03-03T17:56:22.591766,1,,resolved_loss,-2.0139,1.6319,-2.0139,resolved_loss
sig_2164_APGE,APGE,2026-03-03T17:56:22.591766,1,,resolved_win,8.5069,10.5456,8.5069,resolved_win
sig_2165_CGON,CGON,2026-03-03T17:56:22.591766,2,,resolved_win,6.0849,6.0005,6.0849,resolved_win
sig_2166_GPCR,GPCR,2026-03-03T17:56:22.591766,1,,resolved_loss,-2.732,-8.5885,-2.732,resolved_loss
sig_2167_TMDX,TMDX,2026-03-03T17:56:22.591766,2,,resolved_loss,-2.0825,-9.4714,-2.0825,resolved_loss
sig_2168_AMRX,AMRX,2026-03-03T17:56:22.591766,1,,resolved_loss,-1.8741,0.075,-1.8741,resolved_loss
sig_2169_CRNX,CRNX,2026-03-03T17:56:22.591766,1,,resolved_loss,-2.3014,-7.5724,-2.3014,resolved_loss
sig_2170_FOLD,FOLD,2026-03-03T17:56:22.591766,1,,resolved_loss,-0.1046,0.1046,-0.1046,resolved_loss
sig_2171_INDV,INDV,2026-03-03T17:56:22.591766,1,,resolved_loss,-2.1188,7.0305,-2.1188,resolved_loss
sig_2172_ALHC,ALHC,2026-03-03T17:56:22.591766,2,,resolved_loss,-2.6709,-3.312,-2.6709,resolved_loss
sig_2173_NAMS,NAMS,2026-03-03T17:56:22.591766,1,,resolved_loss,-3.4834,-0.5249,-3.4834,resolved_loss
sig_2174_TERN,TERN,2026-03-03T17:56:22.591766,1,,resolved_loss,-1.6338,8.8179,-1.6338,resolved_loss
sig_2175_ACAD,ACAD,2026-03-03T17:56:22.591766,1,,resolved_loss,-2.1787,0.2223,-2.1787,resolved_loss
sig_2176_ICUI,ICUI,2026-03-03T17:56:22.591766,1,,resolved_loss,-2.2448,-5.9388,-2.2448,resolved_loss
sig_2177_ERAS,ERAS,2026-03-03T17:56:22.591766,0,,resolved_win,6.8214,9.564,6.8214,resolved_win
sig_2178_ADMA,ADMA,2026-03-03T17:56:22.591766,2,,resolved_loss,-2.1225,-4.0024,-2.1225,resolved_loss
sig_2179_LIVN,LIVN,2026-03-03T17:56:22.591766,1,,resolved_loss,-1.0248,-8.0202,-1.0248,resolved_loss
sig_2180_ACLX,ACLX,2026-03-03T17:56:22.591766,0,,resolved_win,0.4642,0.1839,0.4642,resolved_win
sig_2181_GILD,GILD,2026-03-03T21:30:02.570080,1,,resolved_loss,-0.9877,-0.0669,-0.9877,resolved_loss
sig_2182_ISRG,ISRG,2026-03-03T21:30:02.570080,1,,resolved_loss,-0.9871,-2.324,-0.9871,resolved_loss
sig_2183_VRTX,VRTX,2026-03-03T21:30:02.570080,1,,resolved_loss,-0.5737,5.2835,-0.5737,resolved_loss
sig_2184_SNY,SNY,2026-03-03T21:30:02.570080,1,,resolved_loss,-1.0221,-10.3628,-1.0221,resolved_loss
sig_2185_REGN,REGN,2026-03-03T21:30:02.570080,1,,resolved_loss,-1.296,0.6067,-1.296,resolved_loss
sig_2186_ARGX,ARGX,2026-03-03T21:30:02.570080,1,,resolved_loss,-1.1755,-0.7774,-1.1755,resolved_loss
sig_2187_IDXX,IDXX,2026-03-03T21:30:02.570080,1,,resolved_loss,-1.1564,-5.7849,-1.1564,resolved_loss
sig_2188_ALNY,ALNY,2026-03-03T21:30:02.570080,1,,resolved_loss,-1.2433,1.2119,-1.2433,resolved_loss
sig_2189_ONC,ONC,2026-03-03T21:30:02.570080,1,,resolved_loss,-1.5586,2.8042,-1.5586,resolved_loss
sig_2190_GEHC,GEHC,2026-03-03T21:30:02.570080,1,,resolved_loss,-1.2929,-6.9449,-1.2929,resolved_loss
sig_2191_INSM,INSM,2026-03-03T21:30:02.570080,1,,resolved_loss,-1.3746,-2.1096,-1.3746,resolved_loss
sig_2192_NTRA,NTRA,2026-03-03T21:30:02.570080,3,,resolved_loss,-2.1155,-3.9075,-2.1155,resolved_loss
sig_2193_BIIB,BIIB,2026-03-03T21:30:02.570080,1,,resolved_win,3.2123,2.4079,3.2123,resolved_win
sig_2194_DXCM,DXCM,2026-03-03T21:30:02.570080,1,,resolved_loss,-0.5339,-7.2005,-0.5339,resolved_loss
sig_2195_BNTX,BNTX,2026-03-03T21:30:02.570080,2,,resolved_loss,-1.7365,-16.7593,-1.7365,resolved_loss
sig_2196_RPRX,RPRX,2026-03-03T21:30:02.570080,1,,resolved_loss,-0.5055,-3.6064,-0.5055,resolved_loss
sig_2197_UTHR,UTHR,2026-03-03T21:30:02.570080,2,,resolved_loss,-1.047,7.4737,-1.047,resolved_loss
sig_2198_INCY,INCY,2026-03-03T21:30:02.570080,1,,resolved_loss,-1.2343,-2.0504,-1.2343,resolved_loss
sig_2199_RVMD,RVMD,2026-03-03T21:30:02.570080,1,,resolved_loss,-1.6232,-1.5535,-1.6232,resolved_loss
sig_2200_EXAS,EXAS,2026-03-03T21:30:02.570080,2,,open,,,,
sig_2201_MRNA,MRNA,2026-03-03T21:30:02.570080,1,,resolved_win,5.5661,10.2798,5.5661,resolved_win
sig_2202_ROIV,ROIV,2026-03-03T21:30:02.570080,1,,resolved_win,3.8793,6.681,3.8793,resolved_win
sig_2203_GMAB,GMAB,2026-03-03T21:30:02.570080,1,,resolved_loss,-1.2649,1.0481,-1.2649,resolved_loss
sig_2204_VTRS,VTRS,2026-03-03T21:30:02.570080,1,,resolved_loss,-1.5106,-6.1608,-1.5106,resolved_loss
sig_2205_ILMN,ILMN,2026-03-03T21:30:02.570080,1,,resolved_loss,-1.4733,-5.6233,-1.4733,resolved_loss
sig_2206_PODD,PODD,2026-03-03T21:30:02.570080,1,,resolved_loss,-1.1123,-1.4886,-1.1123,resolved_loss
sig_2207_HOLX,HOLX,2026-03-03T21:30:02.570080,1,,open,,,,
sig_2208_COO,COO,2026-03-03T21:30:02.570080,1,,resolved_loss,-0.5757,-10.7473,-0.5757,resolved_loss
sig_2209_RGC,RGC,2026-03-03T21:30:02.570080,2,,resolved_win,8.9883,2.4666,8.9883,resolved_win
sig_2210_ASND,ASND,2026-03-03T21:30:02.570080,3,,resolved_loss,-1.4683,0.6107,-1.4683,resolved_loss
sig_2211_ALGN,ALGN,2026-03-03T21:30:02.570080,1,,resolved_loss,-1.3304,-7.2379,-1.3304,resolved_loss
sig_2212_IONS,IONS,2026-03-03T21:30:02.570080,1,,resolved_loss,-1.3979,-3.8505,-1.3979,resolved_loss
sig_2213_BBIO,BBIO,2026-03-03T21:30:02.570080,1,,resolved_win,5.0519,15.1712,5.0519,resolved_win
sig_2214_GH,GH,2026-03-03T21:30:02.570080,1,,resolved_loss,-2.3261,-3.0014,-2.3261,resolved_loss
sig_2215_NBIX,NBIX,2026-03-03T21:30:02.570080,2,,resolved_loss,-1.219,-1.059,-1.219,resolved_loss
sig_2216_MEDP,MEDP,2026-03-03T21:30:02.570080,2,,resolved_win,3.7217,0.303,3.7217,resolved_win
sig_2217_BMRN,BMRN,2026-03-03T21:30:02.570080,1,,resolved_win,3.698,4.0055,3.698,resolved_win
sig_2218_ENSG,ENSG,2026-03-03T21:30:02.570080,1,,resolved_loss,-0.863,-1.7062,-0.863,resolved_loss
sig_2219_SMMT,SMMT,2026-03-03T21:30:02.570080,1,,resolved_loss,-2.0516,8.0741,-2.0516,resolved_loss
sig_2220_EXEL,EXEL,2026-03-03T21:30:02.570080,2,,resolved_win,4.001,1.35,4.001,resolved_win
sig_2221_JAZZ,JAZZ,2026-03-03T21:30:02.570080,1,,resolved_loss,-0.6856,-0.4178,-0.6856,resolved_loss
sig_2222_ABVX,ABVX,2026-03-03T21:30:02.570080,2,,resolved_win,5.0521,3.6318,5.0521,resolved_win
sig_2223_MDGL,MDGL,2026-03-03T21:30:02.570080,1,,resolved_loss,-1.6466,1.3655,-1.6466,resolved_loss
sig_2224_MASI,MASI,2026-03-03T21:30:02.570080,1,,resolved_win,0.2566,0.057,0.2566,resolved_win
sig_2225_HSIC,HSIC,2026-03-03T21:30:02.570080,1,,resolved_loss,-0.6421,-4.8812,-0.6421,resolved_loss
sig_2226_AXSM,AXSM,2026-03-03T21:30:02.570080,1,,resolved_loss,-1.4682,1.3341,-1.4682,resolved_loss
sig_2227_TECH,TECH,2026-03-03T21:30:02.570080,1,,resolved_loss,-1.8596,-7.5045,-1.8596,resolved_loss
sig_2228_ARWR,ARWR,2026-03-03T21:30:02.570080,2,,resolved_loss,-1.4511,-7.6299,-1.4511,resolved_loss
sig_2229_IBRX,IBRX,2026-03-03T21:30:02.570080,1,,resolved_loss,-2.4975,-19.98,-2.4975,resolved_loss
sig_2230_PRAX,PRAX,2026-03-03T21:30:02.570080,1,,resolved_loss,-2.2196,-2.8092,-2.2196,resolved_loss
sig_2231_HALO,HALO,2026-03-03T21:30:02.570080,1,,resolved_loss,-1.1812,-2.3192,-1.1812,resolved_loss
sig_2232_CYTK,CYTK,2026-03-03T21:30:02.570080,1,,resolved_loss,-1.5152,5.7312,-1.5152,resolved_loss
sig_2233_PCVX,PCVX,2026-03-03T21:30:02.570080,1,,resolved_win,3.7334,-2.7144,3.7334,resolved_win
sig_2234_ICLR,ICLR,2026-03-03T21:30:02.570080,2,,resolved_loss,-1.8757,-1.9676,-1.8757,resolved_loss
sig_2235_KRYS,KRYS,2026-03-03T21:30:02.570080,1,,resolved_loss,-1.8691,-1.0198,-1.8691,resolved_loss
sig_2236_RGEN,RGEN,2026-03-03T21:30:02.570080,0,,resolved_loss,-1.7799,-1.0159,-1.7799,resolved_loss
sig_2237_BTSG,BTSG,2026-03-03T21:30:02.570080,2,,resolved_win,3.937,1.7224,3.937,resolved_win
sig_2238_NUVL,NUVL,2026-03-03T21:30:02.570080,1,,resolved_loss,-1.628,2.1374,-1.628,resolved_loss
sig_2239_KYMR,KYMR,2026-03-03T21:30:02.570080,1,,resolved_loss,-1.2849,-2.0951,-1.2849,resolved_loss
sig_2240_BLTE,BLTE,2026-03-03T21:30:02.570080,2,,resolved_loss,-3.6784,3.3991,-3.6784,resolved_loss
sig_2241_RYTM,RYTM,2026-03-03T21:30:02.570080,2,,resolved_loss,-2.5587,3.9218,-2.5587,resolved_loss
sig_2242_GRFS,GRFS,2026-03-03T21:30:02.570080,2,,resolved_loss,-1.3873,-5.2023,-1.3873,resolved_loss
sig_2243_COGT,COGT,2026-03-03T21:30:02.570080,1,,resolved_loss,-1.9339,-1.4773,-1.9339,resolved_loss
sig_2244_PTCT,PTCT,2026-03-03T21:30:02.570080,0,,resolved_loss,-1.7557,6.5258,-1.7557,resolved_loss
sig_2245_OPCH,OPCH,2026-03-03T21:30:02.570080,1,,resolved_loss,-1.2504,-5.0657,-1.2504,resolved_loss
sig_2246_RDNT,RDNT,2026-03-03T21:30:02.570080,2,,resolved_loss,-1.4625,-16.0734,-1.4625,resolved_loss
sig_2247_IMVT,IMVT,2026-03-03T21:30:02.570080,1,,resolved_loss,-1.1787,-3.7605,-1.1787,resolved_loss
sig_2248_MIRM,MIRM,2026-03-03T21:30:02.570080,1,,resolved_win,5.1942,3.5767,5.1942,resolved_win
sig_2249_ALKS,ALKS,2026-03-03T21:30:02.570080,2,,resolved_loss,-1.9863,-5,-1.9863,resolved_loss
sig_2250_PTGX,PTGX,2026-03-03T21:30:02.570080,1,,resolved_win,3.5969,6.4261,3.5969,resolved_win
sig_2251_CRSP,CRSP,2026-03-03T21:30:02.570080,1,,resolved_loss,-1.4831,-9.0295,-1.4831,resolved_loss
sig_2252_SHC,SHC,2026-03-03T21:30:02.570080,0,,resolved_loss,-1.0835,-10.3888,-1.0835,resolved_loss
sig_2253_LNTH,LNTH,2026-03-03T21:30:02.570080,2,,resolved_loss,-1.2045,5.5154,-1.2045,resolved_loss
sig_2254_SRRK,SRRK,2026-03-03T21:30:02.570080,2,,resolved_loss,-4.2901,0.8445,-4.2901,resolved_loss
sig_2255_MMSI,MMSI,2026-03-03T21:30:02.570080,1,,resolved_loss,-1.0293,-6.8173,-1.0293,resolved_loss
sig_2256_IRTC,IRTC,2026-03-03T21:30:02.570080,1,,resolved_win,5.6174,-4.2349,5.6174,resolved_win
sig_2257_CELC,CELC,2026-03-03T21:30:02.570080,1,,resolved_win,4.3746,9.1078,4.3746,resolved_win
sig_2258_TGTX,TGTX,2026-03-03T21:30:02.570080,2,,resolved_loss,-1.8352,1.3504,-1.8352,resolved_loss
sig_2259_APGE,APGE,2026-03-03T21:30:02.570080,2,,resolved_win,8.2166,9.9971,8.2166,resolved_win
sig_2260_CGON,CGON,2026-03-03T21:30:02.570080,3,,resolved_win,4.876,3.8017,4.876,resolved_win
sig_2261_GPCR,GPCR,2026-03-03T21:30:02.570080,2,,resolved_loss,-2.8721,-7.6166,-2.8721,resolved_loss
sig_2262_TMDX,TMDX,2026-03-03T21:30:02.570080,3,,resolved_loss,-1.6486,-11.5878,-1.6486,resolved_loss
sig_2263_AMRX,AMRX,2026-03-03T21:30:02.570080,1,,resolved_loss,-1.4645,0.2629,-1.4645,resolved_loss
sig_2264_CRNX,CRNX,2026-03-03T21:30:02.570080,1,,resolved_loss,-2.0429,-6.9507,-2.0429,resolved_loss
sig_2265_FOLD,FOLD,2026-03-03T21:30:02.570080,1,,resolved_loss,-0.1046,0.1046,-0.1046,resolved_loss
sig_2266_INDV,INDV,2026-03-03T21:30:02.570080,1,,resolved_win,3.9171,7.9314,3.9171,resolved_win
sig_2267_ALHC,ALHC,2026-03-03T21:30:02.570080,2,,resolved_loss,-2.3861,-1.8438,-2.3861,resolved_loss
sig_2268_NAMS,NAMS,2026-03-03T21:30:02.570080,2,,resolved_loss,-2.9126,2.9126,-2.9126,resolved_loss
sig_2269_TERN,TERN,2026-03-03T21:30:02.570080,1,,resolved_loss,-1.3725,9.0537,-1.3725,resolved_loss
sig_2270_ACAD,ACAD,2026-03-03T21:30:02.570080,1,,resolved_loss,-2,0.1778,-2,resolved_loss
sig_2271_ICUI,ICUI,2026-03-03T21:30:02.570080,1,,resolved_loss,-1.4571,-7.2434,-1.4571,resolved_loss
sig_2272_ERAS,ERAS,2026-03-03T21:30:02.570080,0,,resolved_win,5.6363,10.4573,5.6363,resolved_win
sig_2273_ADMA,ADMA,2026-03-03T21:30:02.570080,3,,resolved_loss,-1.6473,-3.4167,-1.6473,resolved_loss
sig_2274_LIVN,LIVN,2026-03-03T21:30:02.570080,2,,resolved_loss,-0.8333,-9.4591,-0.8333,resolved_loss
sig_2275_ACLX,ACLX,2026-03-03T21:30:02.570080,1,,resolved_win,0.4471,0.2717,0.4471,resolved_win
sig_2276_HON,HON,2026-03-03T21:54:32.370455,2,,resolved_loss,-1.0743,-1.8801,-1.0743,resolved_loss
sig_2277_ADP,ADP,2026-03-03T21:54:32.370455,2,,resolved_loss,-0.9202,-0.3104,-0.9202,resolved_loss
sig_2278_CTAS,CTAS,2026-03-03T21:54:32.370455,2,,resolved_loss,-0.4564,-2.8884,-0.4564,resolved_loss
sig_2279_CSX,CSX,2026-03-03T21:54:32.370455,0,,resolved_loss,-0.4686,-4.4401,-0.4686,resolved_loss
sig_2280_TER,TER,2026-03-03T21:54:32.370455,1,,resolved_loss,-2.291,-1.1746,-2.291,resolved_loss
sig_2281_ODFL,ODFL,2026-03-03T21:54:32.370455,2,,resolved_win,2.5054,-6.3366,2.5054,resolved_win
sig_2282_PYPL,PYPL,2026-03-03T21:54:32.370455,1,,resolved_loss,-1.5733,-3.2929,-1.5733,resolved_loss
sig_2283_RKLB,RKLB,2026-03-03T21:54:32.370455,1,,resolved_loss,-3.6524,-1.655,-3.6524,resolved_loss
sig_2284_AXON,AXON,2026-03-03T21:54:32.370455,2,,resolved_loss,-1.2382,-8.4807,-1.2382,resolved_loss
sig_2285_ESLT,ESLT,2026-03-03T21:54:32.370455,2,,resolved_win,3.4299,6.4155,3.4299,resolved_win
sig_2286_PAYX,PAYX,2026-03-03T21:54:32.370455,2,,resolved_loss,-1.0567,-1.745,-1.0567,resolved_loss
sig_2287_SYM,SYM,2026-03-03T21:54:32.370455,1,,resolved_loss,-2.0144,-5.2071,-2.0144,resolved_loss
sig_2288_FTAI,FTAI,2026-03-03T21:54:32.370455,1,,resolved_loss,-2.4743,-3.9673,-2.4743,resolved_loss
sig_2289_STLD,STLD,2026-03-03T21:54:32.370455,1,,resolved_loss,-1.3926,-8.0225,-1.3926,resolved_loss
sig_2290_VRSK,VRSK,2026-03-03T21:54:32.370455,2,,resolved_loss,-0.7194,-5.879,-0.7194,resolved_loss
sig_2291_FOXA,FOXA,2026-03-03T21:54:32.370455,2,,resolved_win,2.5288,1.4301,2.5288,resolved_win
sig_2292_RGLD,RGLD,2026-03-03T21:54:32.370455,2,,resolved_loss,-2.0315,0.0369,-2.0315,resolved_loss
sig_2293_FWONK,FWONK,2026-03-03T21:54:32.370455,2,,resolved_loss,-1.5657,-3.1201,-1.5657,resolved_loss
sig_2294_CHRW,CHRW,2026-03-03T21:54:32.370455,1,,resolved_loss,-1.5,-9.3468,-1.5,resolved_loss
sig_2295_FOX,FOX,2026-03-03T21:54:32.370455,2,,resolved_win,2.5024,1.3945,2.5024,resolved_win
sig_2296_JBHT,JBHT,2026-03-03T21:54:32.370455,1,,resolved_loss,-1.1479,-6.6715,-1.1479,resolved_loss
sig_2297_FWONA,FWONA,2026-03-03T21:54:32.370455,1,,resolved_loss,-1.2761,-4.3926,-1.2761,resolved_loss
sig_2298_ENTG,ENTG,2026-03-03T21:54:32.370455,1,,resolved_loss,-2.1849,-7.8725,-2.1849,resolved_loss
sig_2299_LI,LI,2026-03-03T21:54:32.370455,2,,resolved_loss,-1.1137,4.1032,-1.1137,resolved_loss
sig_2300_RIVN,RIVN,2026-03-03T21:54:32.370455,1,,resolved_loss,-2.4245,9.5655,-2.4245,resolved_loss
sig_2301_NXT,NXT,2026-03-03T21:54:32.370455,1,,resolved_win,5.8266,12.3148,5.8266,resolved_win
sig_2302_MKSI,MKSI,2026-03-03T21:54:32.370455,1,,resolved_loss,-2.0636,-3.2201,-2.0636,resolved_loss
sig_2303_KTOS,KTOS,2026-03-03T21:54:32.370455,2,,resolved_loss,-3.5084,0.0337,-3.5084,resolved_loss
sig_2304_NDSN,NDSN,2026-03-03T21:54:32.370455,1,,resolved_loss,-0.9708,-5.4889,-0.9708,resolved_loss
sig_2305_TRMB,TRMB,2026-03-03T21:54:32.370455,2,,resolved_loss,-1.2281,-0.3179,-1.2281,resolved_loss
sig_2306_LECO,LECO,2026-03-03T21:54:32.370455,1,,resolved_loss,-1.1763,-5.3233,-1.1763,resolved_loss
sig_2307_STRL,STRL,2026-03-03T21:54:32.370455,1,,resolved_loss,-2.7026,-0.8744,-2.7026,resolved_loss
sig_2308_AVAV,AVAV,2026-03-03T21:54:32.370455,2,,resolved_loss,-4.8758,-2.9351,-4.8758,resolved_loss
sig_2309_ZBRA,ZBRA,2026-03-03T21:54:32.370455,1,,resolved_win,4.6417,-5.7156,4.6417,resolved_win
sig_2310_PSKY,PSKY,2026-03-03T21:54:32.370455,2,,resolved_loss,-1.4458,-17.4549,-1.4458,resolved_loss
sig_2311_SAIA,SAIA,2026-03-03T21:54:32.370455,2,,resolved_win,3.1936,-14.0564,3.1936,resolved_win
sig_2312_DRS,DRS,2026-03-03T21:54:32.370455,3,,resolved_loss,-0.9888,1.6318,-0.9888,resolved_loss
sig_2313_IESC,IESC,2026-03-03T21:54:32.370455,1,,resolved_loss,-2.9048,-7.9529,-2.9048,resolved_loss
sig_2314_CGNX,CGNX,2026-03-03T21:54:32.370455,1,,resolved_loss,-1.5109,-5.7785,-1.5109,resolved_loss
sig_2315_AAON,AAON,2026-03-03T21:54:32.370455,2,,resolved_loss,-3.0529,-5.2002,-3.0529,resolved_loss
sig_2316_MIDD,MIDD,2026-03-03T21:54:32.370455,1,,resolved_loss,-1.1961,-7.238,-1.1961,resolved_loss
sig_2317_VFS,VFS,2026-03-03T21:54:32.370455,1,,resolved_loss,-0.7924,-0.1585,-0.7924,resolved_loss
sig_2318_ROAD,ROAD,2026-03-03T21:54:32.370455,1,,resolved_loss,-1.5596,-9.439,-1.5596,resolved_loss
sig_2319_NXST,NXST,2026-03-03T21:54:32.370455,1,,resolved_loss,-0.8661,-0.471,-0.8661,resolved_loss
sig_2320_SSRM,SSRM,2026-03-03T21:54:32.370455,1,,resolved_win,5.4615,6.9478,5.4615,resolved_win
sig_2321_BRKR,BRKR,2026-03-03T21:54:32.370455,1,,resolved_loss,-1.5788,-6.9388,-1.5788,resolved_loss
sig_2322_BCPC,BCPC,2026-03-03T21:54:32.370455,1,,resolved_loss,-0.5792,-5.2405,-0.5792,resolved_loss
sig_2323_LSTR,LSTR,2026-03-03T21:54:32.370455,2,,resolved_loss,-0.7103,-7.2254,-0.7103,resolved_loss
sig_2324_CENX,CENX,2026-03-03T21:54:32.370455,1,,resolved_loss,-3.1008,1.2668,-3.1008,resolved_loss
sig_2325_ITRI,ITRI,2026-03-03T21:54:32.370455,1,,resolved_loss,-1.3728,-0.9897,-1.3728,resolved_loss
sig_2326_MYRG,MYRG,2026-03-03T21:54:32.370455,2,,resolved_loss,-2.5972,-0.6729,-2.5972,resolved_loss
sig_2327_WSC,WSC,2026-03-03T21:54:32.370455,1,,resolved_loss,-1.8651,-7.1419,-1.8651,resolved_loss
sig_2328_MEOH,MEOH,2026-03-03T21:54:32.370455,3,,resolved_win,3.8936,-1.575,3.8936,resolved_win
sig_2329_HSAI,HSAI,2026-03-03T21:54:32.370455,2,,resolved_loss,-2.1583,0.8793,-2.1583,resolved_loss
sig_2330_LUNR,LUNR,2026-03-03T21:54:32.370455,3,,resolved_loss,-2.5289,-2.8037,-2.5289,resolved_loss
sig_2331_WDFC,WDFC,2026-03-03T21:54:32.370455,1,,resolved_loss,-1.308,-6.522,-1.308,resolved_loss
sig_2332_USLM,USLM,2026-03-03T21:54:32.370455,3,,resolved_loss,-1.2582,-5.4471,-1.2582,resolved_loss
sig_2333_LCID,LCID,2026-03-03T21:54:32.370455,2,,resolved_loss,-2.7187,1.2358,-2.7187,resolved_loss
sig_2334_POWWP,POWWP,2026-03-03T21:54:32.370455,2,,resolved_loss,-1.0204,-2.4209,-1.0204,resolved_loss
sig_2335_CECO,CECO,2026-03-03T21:54:32.370455,2,,resolved_loss,-2.2891,0.3138,-2.2891,resolved_loss
sig_2336_ATRO,ATRO,2026-03-03T21:54:32.370455,2,,resolved_loss,-2.5804,-3.2023,-2.5804,resolved_loss
sig_2337_HUBG,HUBG,2026-03-03T21:54:32.370455,2,,resolved_loss,-1.5957,-12.2247,-1.5957,resolved_loss
sig_2338_FTAIN,FTAIN,2026-03-03T21:54:32.370455,1,,resolved_loss,-0.4571,-3.6948,-0.4571,resolved_loss
sig_2339_TXG,TXG,2026-03-03T21:54:32.370455,1,,resolved_loss,-1.7234,-9.589,-1.7234,resolved_loss
sig_2340_ARCB,ARCB,2026-03-03T21:54:32.370455,1,,resolved_loss,-1.577,-10.5919,-1.577,resolved_loss
sig_2341_DXPE,DXPE,2026-03-03T21:54:32.370455,1,,resolved_win,4.6688,-0.4264,4.6688,resolved_win
sig_2342_NN,NN,2026-03-03T21:54:32.370455,3,,resolved_loss,-1.7595,-4.2229,-1.7595,resolved_loss
sig_2343_ANDE,ANDE,2026-03-03T21:54:32.370455,1,,resolved_loss,-1.0221,1.3796,-1.0221,resolved_loss
sig_2344_WERN,WERN,2026-03-03T21:54:32.370455,1,,resolved_loss,-1.477,-10.2365,-1.477,resolved_loss
sig_2345_KALU,KALU,2026-03-03T21:54:32.370455,1,,resolved_loss,-1.771,-6.168,-1.771,resolved_loss
sig_2346_NWL,NWL,2026-03-03T21:54:32.370455,1,,resolved_loss,-1.7143,-5.2101,-1.7143,resolved_loss
sig_2347_PSIX,PSIX,2026-03-03T21:54:32.370455,2,,resolved_loss,-5.8766,-13.7229,-5.8766,resolved_loss
sig_2348_IOSP,IOSP,2026-03-03T21:54:32.370455,1,,resolved_loss,-0.9692,-8.6073,-0.9692,resolved_loss
sig_2349_PCT,PCT,2026-03-03T21:54:32.370455,1,,resolved_loss,-3.3969,-3.0655,-3.3969,resolved_loss
sig_2350_ROCK,ROCK,2026-03-03T21:54:32.370455,1,,resolved_loss,-1.7792,-5.3832,-1.7792,resolved_loss
sig_2351_TRS,TRS,2026-03-03T21:54:32.370455,2,,resolved_win,3.0256,-0.6955,3.0256,resolved_win
sig_2352_COHU,COHU,2026-03-03T21:54:32.370455,1,,resolved_loss,-1.8957,-3.1144,-1.8957,resolved_loss
sig_2353_XPEL,XPEL,2026-03-03T21:54:32.370455,0,,resolved_loss,-1.6922,-10.0139,-1.6922,resolved_loss
sig_2354_ASTE,ASTE,2026-03-03T21:54:32.370455,2,,resolved_loss,-0.9847,-6.8285,-0.9847,resolved_loss
sig_2355_PSNY,PSNY,2026-03-03T21:54:32.370455,1,,resolved_loss,-4.8343,-7.4959,-4.8343,resolved_loss
sig_2356_PLPC,PLPC,2026-03-03T21:54:32.370455,1,,resolved_loss,-1.7579,5.3589,-1.7579,resolved_loss
sig_2357_EYPT,EYPT,2026-03-03T21:54:32.370455,2,,resolved_loss,-1.4146,-15.9956,-1.4146,resolved_loss
sig_2358_ALNT,ALNT,2026-03-03T21:54:32.370455,1,,resolved_loss,-2.1606,1.9012,-2.1606,resolved_loss
sig_2359_GLDD,GLDD,2026-03-03T21:54:32.370455,2,,open,,,,
sig_2360_MRTN,MRTN,2026-03-03T21:54:32.370455,1,,resolved_loss,-1.1834,-8.2369,-1.1834,resolved_loss
sig_2361_OUST,OUST,2026-03-03T21:54:32.370455,3,,resolved_loss,-5.5223,2.9452,-5.5223,resolved_loss
sig_2362_TSAT,TSAT,2026-03-03T21:54:32.370455,2,,resolved_win,6.0883,4.1137,6.0883,resolved_win
sig_2363_AEHR,AEHR,2026-03-03T21:54:32.370455,2,,resolved_loss,-3.9942,0.9625,-3.9942,resolved_loss
sig_2364_SBGI,SBGI,2026-03-03T21:54:32.370455,2,,resolved_loss,-1.2435,-8.1017,-1.2435,resolved_loss
sig_2365_GPRE,GPRE,2026-03-03T21:54:32.370455,1,,resolved_win,5.8583,3.6785,5.8583,resolved_win
sig_2366_RR,RR,2026-03-03T21:54:32.370455,1,,resolved_loss,-3.5343,2.7027,-3.5343,resolved_loss
sig_2367_HTLD,HTLD,2026-03-03T21:54:32.370455,1,,resolved_win,3.5422,-9.0841,3.5422,resolved_win
sig_2368_EH,EH,2026-03-03T21:54:32.370455,2,,resolved_win,4.3243,8.1982,4.3243,resolved_win
sig_2369_FWRD,FWRD,2026-03-03T21:54:32.370455,1,,resolved_loss,-2.069,-10.5882,-2.069,resolved_loss
sig_2370_SWIM,SWIM,2026-03-03T21:54:32.370455,2,,resolved_win,5.6545,-1.6266,5.6545,resolved_win
sig_2371_STKL,STKL,2026-03-03T21:54:32.370455,0,,resolved_loss,-0.3101,-0.155,-0.3101,resolved_loss
sig_2372_LOT,LOT,2026-03-03T21:54:32.370455,2,,resolved_win,11.215,11.215,11.215,resolved_win
sig_2373_TRNS,TRNS,2026-03-03T21:54:32.370455,1,,resolved_loss,-1.3561,-9.4927,-1.3561,resolved_loss
sig_2374_NWPX,NWPX,2026-03-03T21:54:32.370455,2,,resolved_loss,-0.9017,-6.4229,-0.9017,resolved_loss
sig_2375_KRNT,KRNT,2026-03-03T21:54:32.370455,1,,resolved_win,4.077,-7.4157,4.077,resolved_win
sig_2376_TATT,TATT,2026-03-03T21:54:32.370455,1,,resolved_win,3.7844,3.4809,3.7844,resolved_win
sig_2377_MBUU,MBUU,2026-03-03T21:54:32.370455,2,,resolved_loss,-2.5213,-3.8561,-2.5213,resolved_loss
sig_2378_ASPI,ASPI,2026-03-03T21:54:32.370455,1,,resolved_loss,-2.9384,14.5024,-2.9384,resolved_loss
sig_2379_CTKB,CTKB,2026-03-03T21:54:32.370455,3,,resolved_loss,-2.4775,-4.7297,-2.4775,resolved_loss
sig_2380_CMCO,CMCO,2026-03-03T21:54:32.370455,1,,resolved_loss,-1.621,-11.5374,-1.621,resolved_loss
sig_2381_SWBI,SWBI,2026-03-03T21:54:32.370455,1,,resolved_loss,-1.2648,17.8634,-1.2648,resolved_loss
sig_2382_ASTL,ASTL,2026-03-03T21:54:32.370455,1,,resolved_loss,-2.2801,-6.6232,-2.2801,resolved_loss
sig_2383_MLAB,MLAB,2026-03-03T21:54:32.370455,2,,resolved_loss,-2.1792,-19.9339,-2.1792,resolved_loss
sig_2384_KRT,KRT,2026-03-03T21:54:32.370455,1,,resolved_loss,-1.7977,-8.1248,-1.7977,resolved_loss
sig_2385_PACB,PACB,2026-03-03T21:54:32.370455,2,,resolved_loss,-3.9474,-9.8684,-3.9474,resolved_loss
sig_2386_FEIM,FEIM,2026-03-03T21:54:32.370455,2,,resolved_win,4.6473,0.2592,4.6473,resolved_win
sig_2387_LWLG,LWLG,2026-03-03T21:54:32.370455,2,,resolved_loss,-2.9608,-16.7144,-2.9608,resolved_loss
sig_2388_GEVO,GEVO,2026-03-03T21:54:32.370455,3,,resolved_win,6.9892,23.6559,6.9892,resolved_win
sig_2389_ULH,ULH,2026-03-03T21:54:32.370455,2,,resolved_loss,-2.13,-16.6938,-2.13,resolved_loss
sig_2390_LAB,LAB,2026-03-03T21:54:32.370455,1,,resolved_win,10.0478,-5.2632,10.0478,resolved_win
sig_2391_PKOH,PKOH,2026-03-03T21:54:32.370455,1,,resolved_win,8.1586,-3.5824,8.1586,resolved_win
sig_2392_MCFT,MCFT,2026-03-03T21:54:32.370455,1,,resolved_loss,-1.7266,-8.0261,-1.7266,resolved_loss
sig_2393_OFLX,OFLX,2026-03-03T21:54:32.370455,1,,resolved_loss,-2.6837,-22.0526,-2.6837,resolved_loss
sig_2394_FWDI,FWDI,2026-03-03T21:54:32.370455,2,,resolved_win,6.9714,16.3429,6.9714,resolved_win
sig_2395_ADUR,ADUR,2026-03-03T21:54:32.370455,2,,resolved_win,9.1787,6.7633,9.1787,resolved_win
sig_2396_NAUT,NAUT,2026-03-03T21:54:32.370455,2,,resolved_win,10.7438,0.4132,10.7438,resolved_win
sig_2397_CHSCP,CHSCP,2026-03-03T21:54:32.370455,1,,resolved_loss,-0.9145,-1.3792,-0.9145,resolved_loss
sig_2398_SSP,SSP,2026-03-03T21:54:32.370455,2,,resolved_win,5.9637,12.6184,5.9637,resolved_win
sig_2399_FSTR,FSTR,2026-03-03T21:54:32.370455,2,,resolved_loss,-3.2557,-9.0329,-3.2557,resolved_loss
sig_2400_CHSCO,CHSCO,2026-03-03T21:54:32.370455,2,,resolved_loss,-0.2668,-0.9223,-0.2668,resolved_loss
sig_2401_CHSCL,CHSCL,2026-03-03T21:54:32.370455,1,,resolved_loss,-0.2725,-1.3946,-0.2725,resolved_loss
sig_2402_CHSCN,CHSCN,2026-03-03T21:54:32.370455,2,,resolved_loss,-0.3918,-1.8983,-0.3918,resolved_loss
sig_2403_CHSCM,CHSCM,2026-03-03T21:54:32.370455,2,,resolved_loss,-0.4176,-2.3688,-0.4176,resolved_loss
sig_2404_TAYD,TAYD,2026-03-03T21:54:32.370455,1,,resolved_loss,-2.7857,-5.6168,-2.7857,resolved_loss
sig_2405_PPIH,PPIH,2026-03-03T21:54:32.370455,1,,resolved_loss,-2.5471,-6.3123,-2.5471,resolved_loss
sig_2406_NIU,NIU,2026-03-03T21:54:32.370455,2,,resolved_win,4.3236,12.4128,4.3236,resolved_win
sig_2407_QTRX,QTRX,2026-03-03T21:54:32.370455,2,,resolved_loss,-5.8824,-14.4075,-5.8824,resolved_loss
sig_2408_IONR,IONR,2026-03-03T21:54:32.370455,2,,resolved_loss,-5.102,-4.8469,-5.102,resolved_loss
sig_2409_RAIL,RAIL,2026-03-03T21:54:32.370455,1,,resolved_loss,-2.7286,-26.1799,-2.7286,resolved_loss
sig_2410_PAMT,PAMT,2026-03-03T21:54:32.370455,2,,resolved_loss,-2.8,-5.8,-2.8,resolved_loss
sig_2411_PESI,PESI,2026-03-03T21:54:32.370455,1,,resolved_loss,-2.0253,-4.5302,-2.0253,resolved_loss
sig_2412_TWIN,TWIN,2026-03-03T21:54:32.370455,2,,resolved_win,4.2745,-8.1411,4.2745,resolved_win
sig_2413_POWW,POWW,2026-03-03T21:54:32.370455,2,,resolved_win,4.1363,-1.2165,4.1363,resolved_win
sig_2414_MASS,MASS,2026-03-03T21:54:32.370455,2,,resolved_loss,-5.0874,-0.4769,-5.0874,resolved_loss
sig_2415_ESOA,ESOA,2026-03-03T21:54:32.370455,1,,resolved_loss,-1.1652,-5.5614,-1.1652,resolved_loss
sig_2416_AZ,AZ,2026-03-03T21:54:32.370455,1,,resolved_win,6.705,4.023,6.705,resolved_win
sig_2417_SND,SND,2026-03-03T21:54:32.370455,1,,resolved_loss,-2.3199,-8.0877,-2.3199,resolved_loss
sig_2418_QSI,QSI,2026-03-03T21:54:32.370455,2,,resolved_loss,-3.4729,9.1176,-3.4729,resolved_loss
sig_2419_CBUS,CBUS,2026-03-03T21:54:32.370455,1,,resolved_loss,-1.7297,12.7553,-1.7297,resolved_loss
sig_2420_AIRJ,AIRJ,2026-03-03T21:54:32.370455,2,,resolved_loss,-2.1472,6.135,-2.1472,resolved_loss
sig_2421_GDC,GDC,2026-03-03T21:54:32.370455,1,,resolved_win,15.0215,13.0186,15.0215,resolved_win
sig_2422_ALTO,ALTO,2026-03-03T21:54:32.370455,1,,resolved_loss,-2.8791,76.5835,-2.8791,resolved_loss
sig_2423_DPRO,DPRO,2026-03-03T21:54:32.370455,2,,resolved_loss,-3.7956,-6.2774,-3.7956,resolved_loss
sig_2424_FLX,FLX,2026-03-03T21:54:32.370455,1,,resolved_win,16.5134,4.6868,16.5134,resolved_win
sig_2425_BOOM,BOOM,2026-03-03T21:54:32.370455,1,,resolved_loss,-2.1467,-8.4079,-2.1467,resolved_loss
sig_2426_SMID,SMID,2026-03-03T21:54:32.370455,2,,resolved_loss,-1.6896,-10.7356,-1.6896,resolved_loss
sig_2427_RPID,RPID,2026-03-03T21:54:32.370455,1,,resolved_loss,-1.4151,-2.5943,-1.4151,resolved_loss
sig_2428_ATLX,ATLX,2026-03-03T21:54:32.370455,1,,resolved_loss,-2.0244,6.0418,-2.0244,resolved_loss
sig_2429_BNC,BNC,2026-03-03T21:54:32.370455,1,,resolved_win,6.1798,6.4607,6.1798,resolved_win
sig_2430_ACNT,ACNT,2026-03-03T21:54:32.370455,2,,resolved_loss,-1.5526,-25.2444,-1.5526,resolved_loss
sig_2431_ATLN,ATLN,2026-03-03T21:54:32.370455,2,,resolved_loss,-4.3584,7.7915,-4.3584,resolved_loss
sig_2432_CODA,CODA,2026-03-03T21:54:32.370455,1,,resolved_loss,-2.4284,21.4933,-2.4284,resolved_loss
sig_2433_ARQ,ARQ,2026-03-03T21:54:32.370455,1,,resolved_loss,-2.0057,-53.0086,-2.0057,resolved_loss
sig_2434_BAER,BAER,2026-03-03T21:54:32.370455,1,,resolved_loss,-2.7027,-16.8399,-2.7027,resolved_loss
sig_2435_FRD,FRD,2026-03-03T21:54:32.370455,1,,resolved_win,4.3502,-4.6522,4.3502,resolved_win
sig_2436_LBGJ,LBGJ,2026-03-03T21:54:32.370455,1,,resolved_win,43.0031,9603.7794,43.0031,resolved_win
sig_2437_SHIM,SHIM,2026-03-03T21:54:32.370455,1,,resolved_loss,-2.5748,-21.3897,-2.5748,resolved_loss
sig_2438_KEQU,KEQU,2026-03-03T21:54:32.370455,1,,resolved_loss,-1.9818,-1.8184,-1.9818,resolved_loss
sig_2439_GEOS,GEOS,2026-03-03T21:54:32.370455,2,,resolved_win,8.2751,24.1828,8.2751,resolved_win
sig_2440_SEER,SEER,2026-03-03T21:54:32.370455,1,,resolved_win,4.4199,-2.2099,4.4199,resolved_win
sig_2441_FORR,FORR,2026-03-03T21:54:32.370455,2,,resolved_win,5.1613,2.2581,5.1613,resolved_win
sig_2442_LGO,LGO,2026-03-03T21:54:32.370455,2,,resolved_loss,-2.0649,-7.9646,-2.0649,resolved_loss
sig_2443_HURC,HURC,2026-03-03T21:54:32.370455,2,,resolved_loss,-2.0432,-11.2518,-2.0432,resolved_loss
sig_2444_CRGO,CRGO,2026-03-03T21:54:32.370455,1,,resolved_win,12.5984,-4.7244,12.5984,resolved_win
sig_2445_CDXS,CDXS,2026-03-03T21:54:32.370455,1,,resolved_win,9.8454,26.1188,9.8454,resolved_win
sig_2446_LNZA,LNZA,2026-03-03T21:54:32.370455,2,,resolved_loss,-5.9013,-3.1116,-5.9013,resolved_loss
sig_2447_ZJK,ZJK,2026-03-03T21:54:32.370455,1,,resolved_win,11.039,26.8182,11.039,resolved_win
sig_2448_VMAR,VMAR,2026-03-03T21:54:32.370455,1,,resolved_loss,-5.668,-2.834,-5.668,resolved_loss
sig_2449_AMTX,AMTX,2026-03-03T21:54:32.370455,1,,resolved_loss,-2.1277,11.3475,-2.1277,resolved_loss
sig_2450_WRAP,WRAP,2026-03-03T21:54:32.370455,1,,resolved_win,5.5185,-4.1844,5.5185,resolved_win
sig_2451_FFAI,FFAI,2026-03-03T21:54:32.370455,1,,resolved_loss,-4.3478,-10.8696,-4.3478,resolved_loss
sig_2452_KNDI,KNDI,2026-03-03T21:54:32.370455,2,,resolved_loss,-2.0202,-5.0505,-2.0202,resolved_loss
sig_2453_NTIC,NTIC,2026-03-03T21:54:32.370455,2,,resolved_loss,-5.7778,-3.7778,-5.7778,resolved_loss
sig_2454_HOVR,HOVR,2026-03-03T21:54:32.370455,2,,resolved_loss,-3.7037,-1.0582,-3.7037,resolved_loss
sig_2455_NNBR,NNBR,2026-03-03T21:54:32.370455,2,,resolved_win,6.6667,-13.3333,6.6667,resolved_win
sig_2456_HLP,HLP,2026-03-03T21:54:32.370455,1,,resolved_loss,-2.8302,-1.8868,-2.8302,resolved_loss
sig_2457_SFWL,SFWL,2026-03-03T21:54:32.370455,3,,resolved_loss,-2.4631,-5.4187,-2.4631,resolved_loss
sig_2458_MIND,MIND,2026-03-03T21:54:32.370455,1,,resolved_loss,-2.8205,11.2821,-2.8205,resolved_loss
sig_2459_FEAM,FEAM,2026-03-03T21:54:32.370455,1,,resolved_loss,-3.6649,2.0942,-3.6649,resolved_loss
sig_2460_SYPR,SYPR,2026-03-03T21:54:32.370455,3,,resolved_win,8.6207,5.1724,8.6207,resolved_win
sig_2461_ZTEK,ZTEK,2026-03-03T21:54:32.370455,3,,resolved_loss,-6.7019,1.0729,-6.7019,resolved_loss
sig_2462_LOOP,LOOP,2026-03-03T21:54:32.370455,2,,resolved_loss,-1.5385,1.5385,-1.5385,resolved_loss
sig_2463_XCH,XCH,2026-03-03T21:54:32.370455,3,,resolved_loss,-7.6923,23.0769,-7.6923,resolved_loss
sig_2464_YIBO,YIBO,2026-03-03T21:54:32.370455,1,,resolved_loss,-5.102,2.0408,-5.102,resolved_loss
sig_2465_VGAS,VGAS,2026-03-03T21:54:32.370455,1,,resolved_loss,-5.4422,-4.7619,-5.4422,resolved_loss
sig_2466_DSWL,DSWL,2026-03-03T21:54:32.370455,1,,resolved_loss,-4.0936,-3.5088,-4.0936,resolved_loss
sig_2467_CSTE,CSTE,2026-03-03T21:54:32.370455,1,,resolved_loss,-9.0164,-38.5246,-9.0164,resolved_loss
sig_2468_MOB,MOB,2026-03-03T21:54:32.370455,2,,resolved_loss,-6.5878,1.0135,-6.5878,resolved_loss
sig_2469_PSIG,PSIG,2026-03-03T21:54:32.370455,2,,resolved_loss,-1.5723,-8.1761,-1.5723,resolved_loss
sig_2470_FTEK,FTEK,2026-03-03T21:54:32.370455,2,,resolved_loss,-5.036,-7.1942,-5.036,resolved_loss
sig_2471_PRPO,PRPO,2026-03-03T21:54:32.370455,3,,resolved_win,7.5475,6.1061,7.5475,resolved_win
sig_2472_GGR,GGR,2026-03-03T21:54:32.370455,1,,resolved_win,10.3555,24.8841,10.3555,resolved_win
sig_2473_PPSI,PPSI,2026-03-03T21:54:32.370455,2,,resolved_loss,-2.6499,-3.7657,-2.6499,resolved_loss
sig_2474_AIIO,AIIO,2026-03-03T21:54:32.370455,2,,resolved_win,13.7044,1491.8612,13.7044,resolved_win
sig_2475_SAFX,SAFX,2026-03-03T21:54:32.370455,1,,resolved_win,14.6288,56.1135,14.6288,resolved_win
sig_2476_TPCS,TPCS,2026-03-03T21:54:32.370455,0,,resolved_loss,-2.1164,-1.0582,-2.1164,resolved_loss
sig_2477_BIOX,BIOX,2026-03-03T21:54:32.370455,3,,resolved_loss,-7.5123,-0.906,-7.5123,resolved_loss
sig_2478_WPRT,WPRT,2026-03-03T21:54:32.370455,1,,resolved_win,5.9701,2.4876,5.9701,resolved_win
sig_2479_SDST,SDST,2026-03-03T21:54:32.370455,1,,resolved_loss,-2.6627,-1.4793,-2.6627,resolved_loss
sig_2480_CLIR,CLIR,2026-03-03T21:54:32.370455,1,,resolved_win,7.2727,936.3636,7.2727,resolved_win
sig_2482_DAIO,DAIO,2026-03-03T21:54:32.370455,1,,resolved_loss,-5.5507,-4.0976,-5.5507,resolved_loss
sig_2483_HBIO,HBIO,2026-03-03T21:54:32.370455,1,,resolved_win,6.082,837.058,6.082,resolved_win
sig_2484_NCEW,NCEW,2026-03-03T21:54:32.370455,1,,resolved_win,14.3373,0.241,14.3373,resolved_win
sig_2485_PRZO,PRZO,2026-03-03T21:54:32.370455,3,,resolved_loss,-2.963,-11.8518,-2.963,resolved_loss
sig_2486_KITT,KITT,2026-03-03T21:54:32.370455,1,,resolved_win,7.0423,1049.2958,7.0423,resolved_win
sig_2487_ORGN,ORGN,2026-03-03T21:54:32.370455,2,,resolved_win,6.6499,2534.8807,6.6499,resolved_win
sig_2488_ZKIN,ZKIN,2026-03-03T21:54:32.370455,2,,resolved_win,28.56,52.6649,28.56,resolved_win
sig_2489_REE,REE,2026-03-03T21:54:32.370455,2,,resolved_win,24.6106,8.118,24.6106,resolved_win
sig_2490_TOMZ,TOMZ,2026-03-03T21:54:32.370455,2,,resolved_loss,-7.0811,4.1333,-7.0811,resolved_loss
sig_2491_HUDI,HUDI,2026-03-03T21:54:32.370455,2,,resolved_loss,-4.1379,2.7586,-4.1379,resolved_loss
sig_2492_GTEC,GTEC,2026-03-03T21:54:32.370455,1,,resolved_win,9.0175,-4.4415,9.0175,resolved_win
sig_2493_RVSN,RVSN,2026-03-03T21:54:32.370455,1,,resolved_loss,-6.2225,6.9767,-6.2225,resolved_loss
sig_2494_ENGS,ENGS,2026-03-03T21:54:32.370455,1,,resolved_loss,-3.9548,-4.4068,-3.9548,resolved_loss
sig_2495_ARTW,ARTW,2026-03-03T21:54:32.370455,1,,resolved_win,7.0485,2.2026,7.0485,resolved_win
sig_2496_SNES,SNES,2026-03-03T21:54:32.370455,1,,resolved_loss,-5.2133,-6.1611,-5.2133,resolved_loss
sig_2497_BNGO,BNGO,2026-03-03T21:54:32.370455,1,,resolved_loss,-2.6786,0.8929,-2.6786,resolved_loss
sig_2498_FGI,FGI,2026-03-03T21:54:32.370455,1,,resolved_loss,-9.662,-11.1785,-9.662,resolved_loss
sig_2499_CENN,CENN,2026-03-03T21:54:32.370455,2,,resolved_win,6.4774,5942.5909,6.4774,resolved_win
sig_2500_WETO,WETO,2026-03-03T21:54:32.370455,3,,resolved_win,34.1991,0.2165,34.1991,resolved_win
sig_2501_SKYQ,SKYQ,2026-03-03T21:54:32.370455,2,,resolved_win,22.7679,525,22.7679,resolved_win
sig_2502_GURE,GURE,2026-03-03T21:54:32.370455,2,,resolved_win,36.3149,-0.2254,36.3149,resolved_win
sig_2503_INHD,INHD,2026-03-03T21:54:32.370455,1,,resolved_win,5.7692,2034.6155,5.7692,resolved_win
sig_2504_WKHS,WKHS,2026-03-03T21:54:32.370455,3,,resolved_loss,-3.3479,1.6012,-3.3479,resolved_loss
sig_2505_YHGJ,YHGJ,2026-03-03T21:54:32.370455,2,,resolved_win,29.1045,22.3881,29.1045,resolved_win
sig_2506_JYD,JYD,2026-03-03T21:54:32.370455,2,,resolved_win,23.4568,13.9918,23.4568,resolved_win
sig_2507_HXHX,HXHX,2026-03-03T21:54:32.370455,1,,resolved_loss,-2.42,-9.2506,-2.42,resolved_loss
sig_2508_INLF,INLF,2026-03-03T21:54:32.370455,1,,resolved_win,20.3585,1334.0589,20.3585,resolved_win
sig_2509_MNTS,MNTS,2026-03-03T21:54:32.370455,2,,resolved_loss,-4.388,-6.4665,-4.388,resolved_loss
sig_2510_VEEE,VEEE,2026-03-03T21:54:32.370455,1,,resolved_win,30.4893,3223.9649,30.4893,resolved_win
sig_2511_CNEY,CNEY,2026-03-03T21:54:32.370455,2,,resolved_loss,-7.177,-16.1723,-7.177,resolved_loss
sig_2512_SKK,SKK,2026-03-03T21:54:32.370455,2,,resolved_win,9.3077,784.3988,9.3077,resolved_win
sig_2513_FCUV,FCUV,2026-03-03T21:54:32.370455,1,,resolved_loss,-7.3469,14,-7.3469,resolved_loss
sig_2514_EVGN,EVGN,2026-03-03T21:54:32.370455,1,,resolved_loss,-4.1342,-5.3325,-4.1342,resolved_loss
sig_2515_GLXG,GLXG,2026-03-03T21:54:32.370455,1,,expired_win,9.5571,-10.4895,9.5571,expired_win
sig_2516_DXST,DXST,2026-03-03T21:54:32.370455,1,,resolved_win,9.0909,11990.9096,9.0909,resolved_win
sig_2517_ASTC,ASTC,2026-03-03T21:54:32.370455,0,,resolved_loss,-3.4351,-4.1985,-3.4351,resolved_loss
sig_2518_AEHL,AEHL,2026-03-03T21:54:32.370455,2,,resolved_win,40.9534,474.0646,40.9534,resolved_win
sig_2519_HIHO,HIHO,2026-03-03T21:54:32.370455,3,,resolved_loss,-8.9888,-4.4944,-8.9888,resolved_loss
sig_2520_FLYE,FLYE,2026-03-03T21:54:32.370455,1,,resolved_win,13.0435,10.8696,13.0435,resolved_win
sig_2521_GWAV,GWAV,2026-03-03T21:54:32.370455,2,,resolved_loss,-5.0938,5.63,-5.0938,resolved_loss
sig_2522_CDTG,CDTG,2026-03-03T21:54:32.370455,3,,resolved_win,21.9048,3280.9524,21.9048,resolved_win
sig_2523_SGLY,SGLY,2026-03-03T21:54:32.370455,2,,resolved_loss,-3.1477,-5.569,-3.1477,resolved_loss
sig_2524_NITO,NITO,2026-03-03T21:54:32.370455,1,,open,,,,
sig_2525_GVH,GVH,2026-03-03T21:54:32.370455,2,,resolved_loss,-5.0847,-0.8475,-5.0847,resolved_loss
sig_2526_MTEN,MTEN,2026-03-03T21:54:32.370455,0,,resolved_win,10.4575,6.5359,10.4575,resolved_win
sig_2527_AREB,AREB,2026-03-03T21:54:32.370455,0,,resolved_win,25.7862,10032.7743,25.7862,resolved_win
sig_2528_RETO,RETO,2026-03-03T21:54:32.370455,3,,resolved_win,26.5487,261.0619,26.5487,resolved_win
sig_2529_NVVE,NVVE,2026-03-03T21:54:32.370455,1,,resolved_win,13.2075,-21.2264,13.2075,resolved_win
sig_2530_TANH,TANH,2026-03-03T21:54:32.370455,1,,resolved_win,24.4245,-5.3129,24.4245,resolved_win
sig_2531_BNRG,BNRG,2026-03-03T21:54:32.370455,1,,resolved_win,10.9244,248.7395,10.9244,resolved_win
sig_2532_DTCK,DTCK,2026-03-03T21:54:32.370455,2,,open,,,,
sl_shortlist_20260403_1231.csv_GILD,GILD,2026-04-02 19:45,1,,resolved_loss,-0.8446,-0.5153,-0.8446,resolved_loss
sl_shortlist_20260403_1231.csv_ISRG,ISRG,2026-04-02 19:45,1,,resolved_win,2.7364,-0.3185,2.7364,resolved_win
sl_shortlist_20260403_1231.csv_VRTX,VRTX,2026-04-02 19:45,1,,resolved_loss,-0.9867,-0.5834,-0.9867,resolved_loss
sl_shortlist_20260403_1231.csv_SNY,SNY,2026-04-02 19:45,1,,resolved_loss,-0.3134,-7.4336,-0.3134,resolved_loss
sl_shortlist_20260403_1231.csv_REGN,REGN,2026-04-02 19:45,2,,resolved_loss,-0.8716,-1.8491,-0.8716,resolved_loss
sl_shortlist_20260403_1231.csv_MDLN,MDLN,2026-04-02 19:45,2,,resolved_loss,-0.7115,2.9927,-0.7115,resolved_loss
sl_shortlist_20260403_1231.csv_ARGX,ARGX,2026-04-02 19:45,2,,resolved_loss,-1.0258,7.0912,-1.0258,resolved_loss
sl_shortlist_20260403_1231.csv_IDXX,IDXX,2026-04-02 19:45,3,,resolved_win,3.1662,-1.1344,3.1662,resolved_win
sl_shortlist_20260403_1231.csv_ALNY,ALNY,2026-04-02 19:45,1,,resolved_win,3.3276,1.0224,3.3276,resolved_win
sl_shortlist_20260403_1231.csv_ONC,ONC,2026-04-02 19:45,2,,resolved_loss,-0.4957,-0.3347,-0.4957,resolved_loss
sl_shortlist_20260403_1231.csv_GEHC,GEHC,2026-04-02 19:45,2,,resolved_loss,-1.0805,4.0375,-1.0805,resolved_loss
sl_shortlist_20260403_1231.csv_INSM,INSM,2026-04-02 19:45,2,,resolved_loss,-0.9353,-4.744,-0.9353,resolved_loss
sl_shortlist_20260403_1231.csv_NTRA,NTRA,2026-04-02 19:45,2,,resolved_loss,-1.1521,-7.3397,-1.1521,resolved_loss
sl_shortlist_20260403_1231.csv_BIIB,BIIB,2026-04-02 19:45,2,,resolved_loss,-1.2967,-2.4807,-1.2967,resolved_loss
sl_shortlist_20260403_1231.csv_DXCM,DXCM,2026-04-02 19:45,1,,resolved_win,2.9416,2.9095,2.9416,resolved_win
sl_shortlist_20260403_1231.csv_BNTX,BNTX,2026-04-02 19:45,2,,resolved_loss,-1.0358,4.6747,-1.0358,resolved_loss
sl_shortlist_20260403_1231.csv_RPRX,RPRX,2026-04-02 19:45,1,,resolved_loss,-0.3913,-1.773,-0.3913,resolved_loss
sl_shortlist_20260403_1231.csv_BTSGU,BTSGU,2026-04-02 19:00,1,,resolved_win,3.705,4.3109,3.705,resolved_win
sl_shortlist_20260403_1231.csv_UTHR,UTHR,2026-04-02 19:45,2,,resolved_loss,-1.0871,1.2306,-1.0871,resolved_loss
sl_shortlist_20260403_1231.csv_INCY,INCY,2026-04-02 19:45,2,,resolved_loss,-0.907,0.1564,-0.907,resolved_loss
sl_shortlist_20260403_1231.csv_RVMD,RVMD,2026-04-02 19:45,2,,resolved_loss,-0.7366,-2.6942,-0.7366,resolved_loss
sl_shortlist_20260403_1231.csv_EXAS,EXAS,2026-03-20 19:45,1,,open,,,,
sl_shortlist_20260403_1231.csv_MRNA,MRNA,2026-04-02 19:45,1,,resolved_loss,-2.3175,3.5983,-2.3175,resolved_loss
sl_shortlist_20260403_1231.csv_ROIV,ROIV,2026-04-02 19:45,1,,resolved_loss,-1.4472,-0.4236,-1.4472,resolved_loss
sl_shortlist_20260403_1231.csv_GMAB,GMAB,2026-04-02 19:45,2,,resolved_loss,-0.8721,2.6526,-0.8721,resolved_loss
sl_shortlist_20260403_1231.csv_VTRS,VTRS,2026-04-02 19:45,2,,resolved_loss,-0.9304,-0.4704,-0.9304,resolved_loss
sl_shortlist_20260403_1231.csv_ILMN,ILMN,2026-04-02 19:45,2,,resolved_loss,-0.7701,-4.9666,-0.7701,resolved_loss
sl_shortlist_20260403_1231.csv_PODD,PODD,2026-04-02 19:45,0,,resolved_loss,-1.1939,-3.6405,-1.1939,resolved_loss
sl_shortlist_20260403_1231.csv_HOLX,HOLX,2026-04-02 19:45,2,,watching,,,,
sl_shortlist_20260403_1231.csv_COO,COO,2026-04-02 19:45,2,,resolved_loss,-1.0687,1.4677,-1.0687,resolved_loss
sl_shortlist_20260403_1231.csv_RGC,RGC,2026-04-02 19:45,3,,resolved_loss,-4.1269,-6.7163,-4.1269,resolved_loss
sl_shortlist_20260403_1231.csv_ASND,ASND,2026-04-02 19:45,3,,resolved_loss,-0.9256,4.4754,-0.9256,resolved_loss
sl_shortlist_20260403_1231.csv_ALGN,ALGN,2026-04-02 19:45,1,,resolved_loss,-1.5591,1.4829,-1.5591,resolved_loss
sl_shortlist_20260403_1231.csv_IONS,IONS,2026-04-02 19:45,2,,resolved_loss,-1.1362,0.4812,-1.1362,resolved_loss
sl_shortlist_20260403_1231.csv_BBIO,BBIO,2026-04-02 19:45,1,,resolved_loss,-0.9369,2.0174,-0.9369,resolved_loss
sl_shortlist_20260403_1231.csv_GH,GH,2026-04-02 19:45,2,,resolved_loss,-1.7688,-16.2493,-1.7688,resolved_loss
sl_shortlist_20260403_1231.csv_NBIX,NBIX,2026-04-02 19:45,2,,resolved_loss,-0.9347,-2.0518,-0.9347,resolved_loss
sl_shortlist_20260403_1231.csv_MEDP,MEDP,2026-04-02 19:45,2,,resolved_loss,-0.8405,-1.0049,-0.8405,resolved_loss
sl_shortlist_20260403_1231.csv_BMRN,BMRN,2026-04-02 19:45,2,,resolved_win,3.2967,-1.7654,3.2967,resolved_win
sl_shortlist_20260403_1231.csv_ENSG,ENSG,2026-04-02 19:45,1,,resolved_loss,-1.0223,1.2206,-1.0223,resolved_loss
sl_shortlist_20260403_1231.csv_SMMT,SMMT,2026-04-02 19:45,3,,resolved_loss,-1.1103,1.575,-1.1103,resolved_loss
sl_shortlist_20260403_1231.csv_EXEL,EXEL,2026-04-02 19:45,2,,resolved_loss,-0.4559,0.9118,-0.4559,resolved_loss
sl_shortlist_20260403_1231.csv_JAZZ,JAZZ,2026-04-02 19:45,1,,resolved_loss,-1.0275,3.9225,-1.0275,resolved_loss
sl_shortlist_20260403_1231.csv_ABVX,ABVX,2026-04-02 19:45,2,,resolved_loss,-1.2744,6.4562,-1.2744,resolved_loss
sl_shortlist_20260403_1231.csv_MDGL,MDGL,2026-04-02 19:45,1,,resolved_loss,-1.0295,-4.9882,-1.0295,resolved_loss
sl_shortlist_20260403_1231.csv_MASI,MASI,2026-04-02 19:45,0,,resolved_loss,-0.112,-0.1512,-0.112,resolved_loss
sl_shortlist_20260403_1231.csv_HSIC,HSIC,2026-04-02 19:45,2,,resolved_win,2.5429,1.9072,2.5429,resolved_win
sl_shortlist_20260403_1231.csv_AXSM,AXSM,2026-04-02 19:45,2,,resolved_loss,-0.7774,5.697,-0.7774,resolved_loss
sl_shortlist_20260403_1231.csv_TECH,TECH,2026-04-02 19:45,2,,resolved_loss,-1.374,4.3429,-1.374,resolved_loss
sl_shortlist_20260407_1223.csv_ARWR,ARWR,2026-04-06 19:45,1,,resolved_loss,-0.9815,4.3514,-0.9815,resolved_loss
sl_shortlist_20260407_1223.csv_IBRX,IBRX,2026-04-06 19:45,1,,resolved_loss,-2.6678,2.8256,-2.6678,resolved_loss
sl_shortlist_20260407_1223.csv_PRAX,PRAX,2026-04-06 19:45,2,,resolved_loss,-1.2061,2.2251,-1.2061,resolved_loss
sl_shortlist_20260407_1223.csv_HALO,HALO,2026-04-06 19:45,1,,resolved_loss,-1.1094,6.149,-1.1094,resolved_loss
sl_shortlist_20260407_1223.csv_CYTK,CYTK,2026-04-06 19:45,1,,resolved_loss,-0.7696,2.6936,-0.7696,resolved_loss
sl_shortlist_20260407_1223.csv_PCVX,PCVX,2026-04-06 19:45,2,,resolved_loss,-0.936,3.2091,-0.936,resolved_loss
sl_shortlist_20260407_1223.csv_ICLR,ICLR,2026-04-06 19:45,1,,resolved_loss,-1.7235,0.6475,-1.7235,resolved_loss
sl_shortlist_20260407_1223.csv_KRYS,KRYS,2026-04-06 19:45,2,,resolved_loss,-0.6798,2.1312,-0.6798,resolved_loss
sl_shortlist_20260407_1223.csv_RGEN,RGEN,2026-04-06 19:45,2,,resolved_loss,-1.2743,4.8405,-1.2743,resolved_loss
sl_shortlist_20260407_1223.csv_BTSG,BTSG,2026-04-06 19:45,2,,resolved_loss,-0.7584,5.7918,-0.7584,resolved_loss
sl_shortlist_20260407_1223.csv_NUVL,NUVL,2026-04-06 19:45,2,,resolved_loss,-1.0507,-0.0482,-1.0507,resolved_loss
sl_shortlist_20260407_1223.csv_KYMR,KYMR,2026-04-06 19:45,2,,resolved_loss,-0.8785,3.7015,-0.8785,resolved_loss
sl_shortlist_20260407_1223.csv_BLTE,BLTE,2026-04-06 19:45,3,,resolved_loss,-1.5814,0.686,-1.5814,resolved_loss
sl_shortlist_20260407_1223.csv_RYTM,RYTM,2026-04-06 19:45,2,,resolved_loss,-1.6331,-0.161,-1.6331,resolved_loss
sl_shortlist_20260407_1223.csv_GRFS,GRFS,2026-04-06 19:45,2,,resolved_loss,-0.7893,1.5179,-0.7893,resolved_loss
sl_shortlist_20260407_1223.csv_COGT,COGT,2026-04-06 19:45,1,,resolved_loss,-1.4685,3.1347,-1.4685,resolved_loss
sl_shortlist_20260407_1223.csv_PTCT,PTCT,2026-04-06 19:45,2,,resolved_win,2.4819,2.2061,2.4819,resolved_win
sl_shortlist_20260407_1223.csv_OPCH,OPCH,2026-04-06 19:45,2,,resolved_win,2.3625,4.3463,2.3625,resolved_win
sl_shortlist_20260407_1223.csv_CAI,CAI,2026-04-06 19:45,2,,resolved_loss,-1.735,0.5783,-1.735,resolved_loss
sl_shortlist_20260407_1223.csv_RDNT,RDNT,2026-04-06 19:45,1,,resolved_loss,-1.453,2.125,-1.453,resolved_loss
sl_shortlist_20260407_1223.csv_IMVT,IMVT,2026-04-06 19:45,2,,resolved_loss,-1.8065,0.843,-1.8065,resolved_loss
sl_shortlist_20260407_1223.csv_MIRM,MIRM,2026-04-06 19:45,2,,resolved_loss,-0.6024,0.2181,-0.6024,resolved_loss
sl_shortlist_20260407_1223.csv_ALKS,ALKS,2026-04-06 19:45,1,,resolved_loss,-0.6749,-0.9683,-0.6749,resolved_loss
sl_shortlist_20260407_1223.csv_PTGX,PTGX,2026-04-06 19:45,1,,resolved_loss,-1.389,-5.2258,-1.389,resolved_loss
sl_shortlist_20260407_1223.csv_CRSP,CRSP,2026-04-06 19:45,2,,resolved_loss,-1.5266,11.6019,-1.5266,resolved_loss
sl_shortlist_20260407_1223.csv_SHC,SHC,2026-04-06 19:45,2,,resolved_loss,-1.076,5.5817,-1.076,resolved_loss
sl_shortlist_20260407_1223.csv_LNTH,LNTH,2026-04-06 19:45,1,,resolved_win,2.7152,7.6447,2.7152,resolved_win
sl_shortlist_20260407_1223.csv_SRRK,SRRK,2026-04-06 19:45,1,,resolved_loss,-1.0656,1.4754,-1.0656,resolved_loss
sl_shortlist_20260407_1223.csv_MMSI,MMSI,2026-04-06 19:45,1,,resolved_loss,-0.8256,4.0395,-0.8256,resolved_loss
sl_shortlist_20260407_1223.csv_IRTC,IRTC,2026-04-06 19:45,1,,resolved_loss,-1.5438,2.738,-1.5438,resolved_loss
sl_shortlist_20260407_1223.csv_CELC,CELC,2026-04-06 19:45,3,,resolved_loss,-0.9801,5.3645,-0.9801,resolved_loss
sl_shortlist_20260407_1223.csv_TGTX,TGTX,2026-04-06 19:45,1,,resolved_loss,-1.038,0.2076,-1.038,resolved_loss
sl_shortlist_20260407_1223.csv_APGE,APGE,2026-04-06 19:45,1,,resolved_loss,-0.9042,3.2005,-0.9042,resolved_loss
sl_shortlist_20260407_1223.csv_CGON,CGON,2026-04-06 19:45,1,,resolved_win,3.4901,0.1183,3.4901,resolved_win
sl_shortlist_20260407_1223.csv_GPCR,GPCR,2026-04-06 19:45,2,,resolved_loss,-2.3337,4.6287,-2.3337,resolved_loss
sl_shortlist_20260407_1223.csv_TMDX,TMDX,2026-04-06 19:45,1,,resolved_win,4.5168,8.2506,4.5168,resolved_win
sl_shortlist_20260407_1223.csv_AMRX,AMRX,2026-04-06 19:45,1,,resolved_loss,-0.89,3.8026,-0.89,resolved_loss
sl_shortlist_20260407_1223.csv_CRNX,CRNX,2026-04-06 19:45,2,,resolved_loss,-1.5646,2.5192,-1.5646,resolved_loss
sl_shortlist_20260407_1223.csv_FOLD,FOLD,2026-04-06 19:45,1,,resolved_win,0.2768,0.0692,0.2768,resolved_win
sl_shortlist_20260407_1223.csv_INDV,INDV,2026-04-06 19:45,2,,resolved_loss,-1.1502,3.8449,-1.1502,resolved_loss
sl_shortlist_20260407_1223.csv_ALHC,ALHC,2026-04-06 19:45,2,,resolved_win,3.4298,12.433,3.4298,resolved_win
sl_shortlist_20260407_1223.csv_NAMS,NAMS,2026-04-06 19:45,3,,resolved_loss,-1.143,6.2427,-1.143,resolved_loss
sl_shortlist_20260407_1223.csv_TERN,TERN,2026-04-06 19:45,1,,resolved_loss,-0.0663,-0.3126,-0.0663,resolved_loss
sl_shortlist_20260407_1223.csv_ACAD,ACAD,2026-04-06 19:45,2,,resolved_loss,-0.8957,-3.8961,-0.8957,resolved_loss
sl_shortlist_20260407_1223.csv_BLLN,BLLN,2026-04-06 19:45,3,,resolved_win,6.6519,-8.1573,6.6519,resolved_win
sl_shortlist_20260407_1223.csv_ICUI,ICUI,2026-04-06 19:45,1,,resolved_loss,-1.0326,5.1468,-1.0326,resolved_loss
sl_shortlist_20260407_1223.csv_ERAS,ERAS,2026-04-06 19:45,2,,resolved_loss,-1.5187,-4.7313,-1.5187,resolved_loss
sl_shortlist_20260407_1223.csv_ADMA,ADMA,2026-04-06 19:45,0,,resolved_loss,-1.6164,11.8534,-1.6164,resolved_loss
sl_shortlist_20260407_1223.csv_LIVN,LIVN,2026-04-06 19:45,1,,resolved_loss,-1.1498,1.7168,-1.1498,resolved_loss
sl_shortlist_20260407_1223.csv_ACLX,ACLX,2026-04-06 19:45,0,,resolved_win,0.1221,0.1569,0.1221,resolved_win
sl_shortlist_20260416_1758.csv_TXN,TXN,2026-04-16 17:45,1,,resolved_win,1.7849,25.932,1.7849,resolved_win
sl_shortlist_20260416_1758.csv_KLAC,KLAC,2026-04-16 17:45,1,,resolved_loss,-0.7984,-89.4645,-0.7984,resolved_loss
sl_shortlist_20260416_1758.csv_ADI,ADI,2026-04-16 17:45,1,,resolved_win,1.5634,13.9703,1.5634,resolved_win
sl_shortlist_20260416_1758.csv_SHOP,SHOP,2026-04-16 17:45,2,,resolved_win,3.3474,-2.839,3.3474,resolved_win
sl_shortlist_20260416_1758.csv_QCOM,QCOM,2026-04-16 17:45,2,,resolved_win,2.1462,-0.72,2.1462,resolved_win
sl_shortlist_20260416_1758.csv_PDD,PDD,2026-04-16 17:45,2,,resolved_win,2.7384,-6.3864,2.7384,resolved_win
sl_shortlist_20260416_1758.csv_APP,APP,2026-04-16 17:45,2,,resolved_win,4.5041,-2.9593,4.5041,resolved_win
sl_shortlist_20260416_1758.csv_ARM,ARM,2026-04-16 17:45,2,,resolved_win,3.7943,25.7243,3.7943,resolved_win
sl_shortlist_20260416_1758.csv_PANW,PANW,2026-04-16 17:45,2,,resolved_loss,-0.7759,3.9785,-0.7759,resolved_loss
sl_shortlist_20260416_1758.csv_ADBE,ADBE,2026-04-16 17:45,2,,resolved_loss,-1.0902,-3.6818,-1.0902,resolved_loss
sl_shortlist_20260416_1758.csv_INTU,INTU,2026-04-16 17:45,1,,resolved_win,3.7845,-1.1859,3.7845,resolved_win
sl_shortlist_20260416_1758.csv_CRWD,CRWD,2026-04-16 17:45,2,,resolved_win,3.2044,6.9081,3.2044,resolved_win
sl_shortlist_20260416_1758.csv_WDC,WDC,2026-04-16 17:45,1,,resolved_win,4.1921,12.6306,4.1921,resolved_win
sl_shortlist_20260416_1758.csv_SNDK,SNDK,2026-04-16 17:45,1,,resolved_win,4.9734,3.9643,4.9734,resolved_win
sl_shortlist_20260416_1758.csv_STX,STX,2026-04-16 17:45,1,,resolved_win,3.9826,12.2977,3.9826,resolved_win
sl_shortlist_20260416_1758.csv_SNPS,SNPS,2026-04-16 17:45,2,,resolved_win,2.4594,3.529,2.4594,resolved_win
sl_shortlist_20260416_1758.csv_CDNS,CDNS,2026-04-16 17:45,2,,resolved_win,2.5966,2.7928,2.5966,resolved_win
sl_shortlist_20260416_1758.csv_DASH,DASH,2026-04-16 17:45,2,,resolved_win,3.0157,-2.237,3.0157,resolved_win
sl_shortlist_20260416_1758.csv_NTES,NTES,2026-04-16 17:45,2,,resolved_loss,-0.4314,-7.8936,-0.4314,resolved_loss
sl_shortlist_20260416_1758.csv_MRVL,MRVL,2026-04-16 17:45,0,,resolved_win,3.4982,23.4877,3.4982,resolved_win
sl_shortlist_20260416_1758.csv_FTNT,FTNT,2026-04-16 17:45,1,,resolved_win,3.0162,1.0624,3.0162,resolved_win
sl_shortlist_20260416_1758.csv_NXPI,NXPI,2026-04-16 17:45,2,,resolved_win,1.8611,13.0508,1.8611,resolved_win
sl_shortlist_20260416_1758.csv_MPWR,MPWR,2026-04-16 17:45,0,,resolved_win,2.3258,13.9772,2.3258,resolved_win
sl_shortlist_20260416_1758.csv_FER,FER,2026-04-16 17:45,1,,resolved_win,1.0249,-1.4777,1.0249,resolved_win
sl_shortlist_20260416_1758.csv_ADSK,ADSK,2026-04-16 17:45,2,,resolved_win,2.8026,-4.3204,2.8026,resolved_win
sl_shortlist_20260416_1758.csv_BIDU,BIDU,2026-04-16 17:45,3,,resolved_loss,-0.8753,-2.8498,-0.8753,resolved_loss
sl_shortlist_20260416_1758.csv_CRWV,CRWV,2026-04-16 17:45,0,,resolved_loss,-1.5021,0.2134,-1.5021,resolved_loss
sl_shortlist_20260416_1758.csv_MCHP,MCHP,2026-04-16 17:45,1,,resolved_win,2.4158,17.7688,2.4158,resolved_win
sl_shortlist_20260416_1758.csv_DDOG,DDOG,2026-04-16 17:45,2,,resolved_win,4.5608,2.8475,4.5608,resolved_win
sl_shortlist_20260416_1758.csv_ERIC,ERIC,2026-04-16 17:45,1,,resolved_loss,-0.7063,-5.941,-0.7063,resolved_loss
sl_shortlist_20260416_1758.csv_MSTR,MSTR,2026-04-16 17:45,2,,resolved_win,4.2622,19.5301,4.2622,resolved_win
sl_shortlist_20260416_1758.csv_MCHPP,MCHPP,2026-04-16 16:30,1,,resolved_win,2.0078,14.4099,2.0078,resolved_win
sl_shortlist_20260416_1758.csv_WDAY,WDAY,2026-04-16 17:45,2,,resolved_loss,-1.5708,-8.5639,-1.5708,resolved_loss
sl_shortlist_20260416_1758.csv_ROP,ROP,2026-04-16 17:45,2,,resolved_loss,-0.4893,-0.0027,-0.4893,resolved_loss
sl_shortlist_20260416_1758.csv_CTSH,CTSH,2026-04-16 17:45,2,,resolved_loss,-0.8216,-10.0983,-0.8216,resolved_loss
sl_shortlist_20260416_1758.csv_STRF,STRF,2026-04-16 17:45,2,,resolved_win,1.3653,1.2136,1.3653,resolved_win
sl_shortlist_20260416_1758.csv_STRC,STRC,2026-04-16 17:45,1,,resolved_loss,-0.1361,-0.5235,-0.1361,resolved_loss
sl_shortlist_20260416_1758.csv_MDB,MDB,2026-04-16 17:45,2,,resolved_win,4.609,3.5817,4.609,resolved_win
sl_shortlist_20260416_1758.csv_ON,ON,2026-04-16 17:45,2,,resolved_win,4.4058,24.1493,4.4058,resolved_win
sl_shortlist_20260416_1758.csv_ZM,ZM,2026-04-16 17:45,2,,resolved_win,3.2582,3.9977,3.2582,resolved_win
sl_shortlist_20260416_1758.csv_FSLR,FSLR,2026-04-16 17:45,1,,resolved_loss,-1.9506,3.4266,-1.9506,resolved_loss
sl_shortlist_20260416_1758.csv_GFS,GFS,2026-04-16 17:45,2,,resolved_win,3.9251,23.8728,3.9251,resolved_win
sl_shortlist_20260416_1758.csv_ZS,ZS,2026-04-16 17:45,2,,resolved_win,4.732,-0.7538,4.732,resolved_win
sl_shortlist_20260416_1758.csv_FLEX,FLEX,2026-04-16 17:45,1,,resolved_win,2.6249,10.7289,2.6249,resolved_win
sl_shortlist_20260416_1758.csv_NBIS,NBIS,2026-04-16 17:45,0,,resolved_loss,-1.6769,-3.1566,-1.6769,resolved_loss
sl_shortlist_20260416_1758.csv_STRK,STRK,2026-04-16 17:45,2,,resolved_win,2.9398,4.5872,2.9398,resolved_win
sl_shortlist_20260416_1758.csv_CRDO,CRDO,2026-04-16 17:45,1,,resolved_loss,-1.988,17.4675,-1.988,resolved_loss
sl_shortlist_20260416_1758.csv_STRD,STRD,2026-04-16 17:45,1,,resolved_win,0.9067,2.2076,0.9067,resolved_win
sl_shortlist_20260416_1758.csv_ALAB,ALAB,2026-04-16 17:45,0,,resolved_win,5.05,17.4994,5.05,resolved_win
sl_shortlist_20260416_1758.csv_NTAP,NTAP,2026-04-16 17:45,2,,resolved_win,2.1994,5.0286,2.1994,resolved_win
sl_shortlist_20260418_1227.csv_AAPL,AAPL,2026-04-17 19:45,3,,resolved_loss,-0.4275,0.2315,-0.4275,resolved_loss
sl_shortlist_20260418_1227.csv_MSFT,MSFT,2026-04-17 19:45,2,,resolved_loss,-0.5726,0.2608,-0.5726,resolved_loss
sl_shortlist_20260418_1227.csv_GOOGL,GOOGL,2026-04-17 19:45,1,,resolved_loss,-0.4128,0.7565,-0.4128,resolved_loss
sl_shortlist_20260418_1227.csv_GOOG,GOOG,2026-04-17 19:45,1,,resolved_loss,-0.4038,0.8353,-0.4038,resolved_loss
sl_shortlist_20260418_1227.csv_META,META,2026-04-17 19:45,2,,resolved_loss,-0.5692,-1.9892,-0.5692,resolved_loss
sl_shortlist_20260418_1227.csv_AMZN,AMZN,2026-04-17 19:45,0,,resolved_loss,-0.4951,5.3978,-0.4951,resolved_loss
sl_shortlist_20260418_1227.csv_NVDA,NVDA,2026-04-17 19:45,1,,resolved_loss,-0.4364,3.1627,-0.4364,resolved_loss
sl_shortlist_20260418_1227.csv_TSLA,TSLA,2026-04-17 19:45,3,,resolved_loss,-0.891,-6.08,-0.891,resolved_loss
sl_shortlist_20260418_1227.csv_ADBE,ADBE,2026-04-17 19:45,3,,resolved_win,2.913,0.4173,2.913,resolved_win
sl_shortlist_20260418_1227.csv_CRM,CRM,2026-04-17 19:45,3,,resolved_win,2.9757,-2.4369,2.9757,resolved_win
sl_shortlist_20260418_1227.csv_ORCL,ORCL,2026-04-17 19:45,3,,resolved_win,3.1733,-1.014,3.1733,resolved_win
sl_shortlist_20260418_1227.csv_INTC,INTC,2026-04-17 19:45,0,,resolved_loss,-1.0585,20.5051,-1.0585,resolved_loss
sl_shortlist_20260418_1227.csv_AMD,AMD,2026-04-17 19:45,1,,resolved_win,2.5083,24.9856,2.5083,resolved_win
sl_shortlist_20260418_1227.csv_AVGO,AVGO,2026-04-17 19:45,1,,resolved_loss,-0.5117,4.0128,-0.5117,resolved_loss
sl_shortlist_20260418_1227.csv_QCOM,QCOM,2026-04-17 19:45,2,,resolved_loss,-0.7635,8.8777,-0.7635,resolved_loss
sl_shortlist_20260418_1227.csv_TXN,TXN,2026-04-17 19:45,2,,resolved_win,1.7101,19.9856,1.7101,resolved_win
sl_shortlist_20260418_1227.csv_MU,MU,2026-04-17 19:45,1,,resolved_loss,-0.9978,9.1644,-0.9978,resolved_loss
sl_shortlist_20260418_1227.csv_AMAT,AMAT,2026-04-17 19:45,1,,resolved_loss,-0.718,4.9306,-0.718,resolved_loss
sl_shortlist_20260418_1227.csv_LRCX,LRCX,2026-04-17 19:45,1,,resolved_loss,-0.7211,0.0523,-0.7211,resolved_loss
sl_shortlist_20260418_1227.csv_KLAC,KLAC,2026-04-17 19:45,1,,resolved_loss,-0.6705,-89.2107,-0.6705,resolved_loss
sl_shortlist_20260418_1227.csv_SNPS,SNPS,2026-04-17 19:45,2,,resolved_win,2.2884,11.38,2.2884,resolved_win
sl_shortlist_20260418_1227.csv_CDNS,CDNS,2026-04-17 19:45,2,,resolved_win,2.1379,7.0214,2.1379,resolved_win
sl_shortlist_20260418_1227.csv_MRVL,MRVL,2026-04-17 19:45,0,,resolved_win,2.8627,17.5911,2.8627,resolved_win
sl_shortlist_20260418_1227.csv_ADI,ADI,2026-04-17 19:45,2,,resolved_win,2.1103,7.2592,2.1103,resolved_win
sl_shortlist_20260418_1227.csv_NXPI,NXPI,2026-04-17 19:45,3,,resolved_win,2.3515,12.9658,2.3515,resolved_win
sl_shortlist_20260418_1227.csv_MCHP,MCHP,2026-04-17 19:45,2,,resolved_loss,-0.8003,13.0505,-0.8003,resolved_loss
sl_shortlist_20260418_1227.csv_ON,ON,2026-04-17 19:45,2,,resolved_win,2.9763,18.5685,2.9763,resolved_win
sl_shortlist_20260418_1227.csv_SWKS,SWKS,2026-04-17 19:45,2,,resolved_loss,-0.7628,6.9702,-0.7628,resolved_loss
sl_shortlist_20260418_1227.csv_QRVO,QRVO,2026-04-17 19:45,2,,resolved_loss,-0.5495,7.217,-0.5495,resolved_loss
sl_shortlist_20260418_1227.csv_MPWR,MPWR,2026-04-17 19:45,1,,resolved_loss,-0.7207,11.1194,-0.7207,resolved_loss
sl_shortlist_20260504_1953.csv_TXN,TXN,2026-05-04 16:45,0,,resolved_loss,-0.734,6.1003,-0.734,resolved_loss
sl_shortlist_20260504_1953.csv_KLAC,KLAC,2026-05-04 16:45,1,,resolved_loss,-1.8379,-89.0956,-1.8379,resolved_loss
sl_shortlist_20260504_1953.csv_ADI,ADI,2026-05-04 16:45,1,,resolved_win,2.1013,6.9852,2.1013,resolved_win
sl_shortlist_20260504_1953.csv_SHOP,SHOP,2026-05-04 16:45,2,,resolved_loss,-1.0994,-19.4754,-1.0994,resolved_loss
sl_shortlist_20260504_1953.csv_QCOM,QCOM,2026-05-04 16:45,1,,resolved_win,4.6136,40.9715,4.6136,resolved_win
sl_shortlist_20260504_1953.csv_PDD,PDD,2026-05-04 16:45,1,,resolved_loss,-0.919,0.8884,-0.919,resolved_loss
sl_shortlist_20260504_1953.csv_APP,APP,2026-05-04 16:45,2,,resolved_loss,-1.3717,1.4268,-1.3717,resolved_loss
sl_shortlist_20260504_1953.csv_ARM,ARM,2026-05-04 16:45,1,,resolved_win,5.4798,5.455,5.4798,resolved_win
sl_shortlist_20260504_1953.csv_PANW,PANW,2026-05-04 16:45,2,,resolved_loss,-0.8882,15.0194,-0.8882,resolved_loss
sl_shortlist_20260504_1953.csv_ADBE,ADBE,2026-05-04 16:45,2,,resolved_loss,-1.4316,-2.9224,-1.4316,resolved_loss
sl_shortlist_20260504_1953.csv_INTU,INTU,2026-05-04 16:45,2,,resolved_loss,-1.6975,-3.3852,-1.6975,resolved_loss
sl_shortlist_20260504_1953.csv_CRWD,CRWD,2026-05-04 16:45,2,,resolved_loss,-1.0258,15.6476,-1.0258,resolved_loss
sl_shortlist_20260504_1953.csv_WDC,WDC,2026-05-04 16:45,1,,resolved_win,6.7014,16.3402,6.7014,resolved_win
sl_shortlist_20260504_1953.csv_SNDK,SNDK,2026-05-04 16:45,1,,resolved_win,7.1266,25.0273,7.1266,resolved_win
sl_shortlist_20260504_1953.csv_STX,STX,2026-05-04 16:45,1,,resolved_win,5.4126,13.3073,5.4126,resolved_win
sl_shortlist_20260504_1953.csv_SNPS,SNPS,2026-05-04 16:45,1,,resolved_win,2.4857,4.6158,2.4857,resolved_win
sl_shortlist_20260504_1953.csv_CDNS,CDNS,2026-05-04 16:45,2,,resolved_win,2.3714,4.559,2.3714,resolved_win
sl_shortlist_20260504_1953.csv_DASH,DASH,2026-05-04 16:45,1,,resolved_loss,-1.549,-9.4034,-1.549,resolved_loss
sl_shortlist_20260504_1953.csv_NTES,NTES,2026-05-04 16:45,2,,resolved_loss,-0.8488,-0.4453,-0.8488,resolved_loss
sl_shortlist_20260504_1953.csv_MRVL,MRVL,2026-05-04 16:45,0,,resolved_win,3.713,4.5884,3.713,resolved_win
sl_shortlist_20260504_1953.csv_FTNT,FTNT,2026-05-04 16:45,2,,resolved_loss,-0.7681,30.3965,-0.7681,resolved_loss
sl_shortlist_20260504_1953.csv_NXPI,NXPI,2026-05-04 16:45,0,,resolved_win,2.5289,5.2109,2.5289,resolved_win
sl_shortlist_20260504_1953.csv_MPWR,MPWR,2026-05-04 16:45,1,,resolved_win,4.3995,6.0836,4.3995,resolved_win
sl_shortlist_20260504_1953.csv_FER,FER,2026-05-04 16:45,1,,resolved_win,2.0652,2.3312,2.0652,resolved_win
sl_shortlist_20260504_1953.csv_ADSK,ADSK,2026-05-04 16:45,2,,resolved_loss,-0.8471,-4.5468,-0.8471,resolved_loss
sl_shortlist_20260504_1953.csv_BIDU,BIDU,2026-05-04 16:45,1,,resolved_loss,-0.7307,13.9307,-0.7307,resolved_loss
sl_shortlist_20260504_1953.csv_CRWV,CRWV,2026-05-04 16:45,2,,resolved_loss,-1.9072,-9.2276,-1.9072,resolved_loss
sl_shortlist_20260504_1953.csv_MCHP,MCHP,2026-05-04 16:45,0,,resolved_win,2.5506,3.8527,2.5506,resolved_win
sl_shortlist_20260504_1953.csv_DDOG,DDOG,2026-05-04 16:45,1,,resolved_loss,-1.522,39.3388,-1.522,resolved_loss
sl_shortlist_20260504_1953.csv_ERIC,ERIC,2026-05-04 16:45,1,,resolved_win,3.0538,7.4409,3.0538,resolved_win
sl_shortlist_20260504_1953.csv_MSTR,MSTR,2026-05-04 16:45,2,,resolved_loss,-1.7108,6.4197,-1.7108,resolved_loss
sl_shortlist_20260504_1953.csv_MCHPP,MCHPP,2026-05-04 16:45,0,,resolved_win,2.1147,2.7041,2.1147,resolved_win
sl_shortlist_20260504_1953.csv_WDAY,WDAY,2026-05-04 16:45,2,,resolved_loss,-1.9042,-6.0144,-1.9042,resolved_loss
sl_shortlist_20260504_1953.csv_ROP,ROP,2026-05-04 16:45,1,,resolved_loss,-0.8902,-7.3725,-0.8902,resolved_loss
sl_shortlist_20260504_1953.csv_CTSH,CTSH,2026-05-04 16:45,0,,resolved_loss,-1.3953,-5.2226,-1.3953,resolved_loss
sl_shortlist_20260504_1953.csv_STRF,STRF,2026-05-04 16:45,2,,resolved_win,1.0229,0.4072,1.0229,resolved_win
sl_shortlist_20260504_1953.csv_STRC,STRC,2026-05-04 16:45,1,,resolved_loss,-0.03,-0.8985,-0.03,resolved_loss
sl_shortlist_20260504_1953.csv_MDB,MDB,2026-05-04 16:45,2,,resolved_loss,-2.4273,11.4031,-2.4273,resolved_loss
sl_shortlist_20260504_1953.csv_ON,ON,2026-05-04 16:45,0,,resolved_win,3.3003,5.3335,3.3003,resolved_win
sl_shortlist_20260504_1953.csv_ZM,ZM,2026-05-04 16:45,1,,resolved_loss,-1.1768,0.1508,-1.1768,resolved_loss
sl_shortlist_20260504_1953.csv_FSLR,FSLR,2026-05-04 16:45,2,,resolved_win,5.4487,12.4789,5.4487,resolved_win
sl_shortlist_20260504_1953.csv_GFS,GFS,2026-05-04 16:45,1,,resolved_win,4.404,11.3851,4.404,resolved_win
sl_shortlist_20260504_1953.csv_ZS,ZS,2026-05-04 16:45,2,,resolved_loss,-2.0468,5.2797,-2.0468,resolved_loss
sl_shortlist_20260504_1953.csv_FLEX,FLEX,2026-05-04 16:45,0,,resolved_win,3.2585,58.0972,3.2585,resolved_win
sl_shortlist_20260504_1953.csv_NBIS,NBIS,2026-05-04 16:45,1,,resolved_win,8.9995,7.6002,8.9995,resolved_win
sl_shortlist_20260504_1953.csv_STRK,STRK,2026-05-04 16:45,2,,resolved_loss,-1.005,-0.4827,-1.005,resolved_loss
sl_shortlist_20260504_1953.csv_CRDO,CRDO,2026-05-04 16:45,1,,resolved_win,7.6812,16.2946,7.6812,resolved_win
sl_shortlist_20260504_1953.csv_STRD,STRD,2026-05-04 16:45,1,,resolved_loss,-0.5334,-0.4618,-0.5334,resolved_loss
sl_shortlist_20260504_1953.csv_ALAB,ALAB,2026-05-04 16:45,1,,resolved_win,6.3191,3.2517,6.3191,resolved_win
sl_shortlist_20260504_1953.csv_NTAP,NTAP,2026-05-04 16:45,1,,resolved_win,2.4107,6.6975,2.4107,resolved_win
sl_shortlist_20260505_1917.csv_TXN,TXN,2026-05-05 16:00,0,,resolved_win,2.275,5.0072,2.275,resolved_win
sl_shortlist_20260505_1917.csv_KLAC,KLAC,2026-05-05 16:00,1,,resolved_loss,-1.7081,-89.7408,-1.7081,resolved_loss
sl_shortlist_20260505_1917.csv_ADI,ADI,2026-05-05 16:00,1,,resolved_win,2.1145,3.8625,2.1145,resolved_win
sl_shortlist_20260505_1917.csv_SHOP,SHOP,2026-05-05 16:15,2,,resolved_loss,-3.8538,-9.2529,-3.8538,resolved_loss
sl_shortlist_20260505_1917.csv_QCOM,QCOM,2026-05-05 16:00,2,,resolved_win,5.9269,14.0395,5.9269,resolved_win
sl_shortlist_20260505_1917.csv_PDD,PDD,2026-05-05 16:15,1,,resolved_win,2.0006,-1.1989,2.0006,resolved_win
sl_shortlist_20260505_1917.csv_APP,APP,2026-05-05 16:15,2,,resolved_loss,-1.1705,3.6986,-1.1705,resolved_loss
sl_shortlist_20260505_1917.csv_ARM,ARM,2026-05-05 16:15,1,,resolved_win,4.992,0.1879,4.992,resolved_win
sl_shortlist_20260505_1917.csv_PANW,PANW,2026-05-05 16:15,1,,resolved_loss,-0.8701,17.9883,-0.8701,resolved_loss
sl_shortlist_20260505_1917.csv_ADBE,ADBE,2026-05-05 16:00,2,,resolved_loss,-1.5228,-4.8648,-1.5228,resolved_loss
sl_shortlist_20260505_1917.csv_INTU,INTU,2026-05-05 16:15,1,,resolved_loss,-1.8544,-0.9629,-1.8544,resolved_loss
sl_shortlist_20260505_1917.csv_CRWD,CRWD,2026-05-05 16:15,2,,resolved_loss,-0.9579,14.7365,-0.9579,resolved_loss
sl_shortlist_20260505_1917.csv_WDC,WDC,2026-05-05 16:15,1,,resolved_loss,-1.7381,2.4868,-1.7381,resolved_loss
sl_shortlist_20260505_1917.csv_SNDK,SNDK,2026-05-05 16:15,1,,resolved_loss,-2.0859,3.0532,-2.0859,resolved_loss
sl_shortlist_20260505_1917.csv_STX,STX,2026-05-05 16:15,1,,resolved_loss,-1.5239,4.2779,-1.5239,resolved_loss
sl_shortlist_20260505_1917.csv_SNPS,SNPS,2026-05-05 16:00,2,,resolved_loss,-0.8126,1.2169,-0.8126,resolved_loss
sl_shortlist_20260505_1917.csv_CDNS,CDNS,2026-05-05 16:00,2,,resolved_loss,-0.7461,1.965,-0.7461,resolved_loss
sl_shortlist_20260505_1917.csv_DASH,DASH,2026-05-05 16:15,1,,resolved_win,4.637,-6.6049,4.637,resolved_win
sl_shortlist_20260505_1917.csv_NTES,NTES,2026-05-05 16:15,1,,resolved_win,1.6082,0.5737,1.6082,resolved_win
sl_shortlist_20260505_1917.csv_MRVL,MRVL,2026-05-05 16:00,1,,resolved_loss,-1.3976,-4.2045,-1.3976,resolved_loss
sl_shortlist_20260505_1917.csv_FTNT,FTNT,2026-05-05 16:15,2,,resolved_loss,-0.6648,27.2219,-0.6648,resolved_loss
sl_shortlist_20260505_1917.csv_NXPI,NXPI,2026-05-05 16:00,0,,resolved_win,2.3183,-0.5677,2.3183,resolved_win
sl_shortlist_20260505_1917.csv_MPWR,MPWR,2026-05-05 16:00,1,,resolved_win,3.8679,0.7372,3.8679,resolved_win
sl_shortlist_20260505_1917.csv_FER,FER,2026-05-05 16:15,1,,resolved_win,2.0003,-1.7968,2.0003,resolved_win
sl_shortlist_20260505_1917.csv_ADSK,ADSK,2026-05-05 16:15,2,,resolved_loss,-0.7376,-4.8146,-0.7376,resolved_loss
sl_shortlist_20260505_1917.csv_BIDU,BIDU,2026-05-05 16:15,1,,resolved_win,2.0617,10.5458,2.0617,resolved_win
sl_shortlist_20260505_1917.csv_CRWV,CRWV,2026-05-05 16:15,2,,resolved_win,4.7697,-16.1609,4.7697,resolved_win
sl_shortlist_20260505_1917.csv_MCHP,MCHP,2026-05-05 16:00,1,,resolved_win,2.8583,-1.642,2.8583,resolved_win
sl_shortlist_20260505_1917.csv_DDOG,DDOG,2026-05-05 16:15,2,,resolved_loss,-1.2346,37.1331,-1.2346,resolved_loss
sl_shortlist_20260505_1917.csv_ERIC,ERIC,2026-05-05 16:15,2,,resolved_loss,-0.6706,3.3529,-0.6706,resolved_loss
sl_shortlist_20260505_1917.csv_MSTR,MSTR,2026-05-05 16:15,2,,resolved_loss,-1.4276,-0.6518,-1.4276,resolved_loss
sl_shortlist_20260505_1917.csv_MCHPP,MCHPP,2026-05-05 15:45,2,,resolved_win,1.9676,-1.2401,1.9676,resolved_win
sl_shortlist_20260505_1917.csv_WDAY,WDAY,2026-05-05 16:15,1,,resolved_loss,-1.7213,-5.4745,-1.7213,resolved_loss
sl_shortlist_20260505_1917.csv_ROP,ROP,2026-05-05 16:15,1,,resolved_loss,-0.8339,-8.7416,-0.8339,resolved_loss
sl_shortlist_20260505_1917.csv_CTSH,CTSH,2026-05-05 16:15,0,,resolved_loss,-1.2877,-7.5386,-1.2877,resolved_loss
sl_shortlist_20260505_1917.csv_STRF,STRF,2026-05-05 16:00,1,,resolved_loss,-0.2782,-0.0001,-0.2782,resolved_loss
sl_shortlist_20260505_1917.csv_STRC,STRC,2026-05-05 16:15,1,,resolved_loss,-0.0299,-0.9084,-0.0299,resolved_loss
sl_shortlist_20260505_1917.csv_MDB,MDB,2026-05-05 16:15,1,,resolved_loss,-2.0327,16.4234,-2.0327,resolved_loss
sl_shortlist_20260505_1917.csv_ON,ON,2026-05-05 16:00,0,,resolved_loss,-2.0756,1.452,-2.0756,resolved_loss
sl_shortlist_20260505_1917.csv_ZM,ZM,2026-05-05 16:15,1,,resolved_loss,-0.9555,-5.4024,-0.9555,resolved_loss
sl_shortlist_20260505_1917.csv_FSLR,FSLR,2026-05-05 16:15,2,,resolved_loss,-1.3863,4.8624,-1.3863,resolved_loss
sl_shortlist_20260505_1917.csv_GFS,GFS,2026-05-05 16:15,1,,resolved_win,6.4043,1.7774,6.4043,resolved_win
sl_shortlist_20260505_1917.csv_ZS,ZS,2026-05-05 16:15,2,,resolved_loss,-1.9366,3.6887,-1.9366,resolved_loss
sl_shortlist_20260505_1917.csv_FLEX,FLEX,2026-05-05 16:15,1,,resolved_win,2.6471,47.3212,2.6471,resolved_win
sl_shortlist_20260505_1917.csv_NBIS,NBIS,2026-05-05 16:15,2,,resolved_win,7.138,1.4673,7.138,resolved_win
sl_shortlist_20260505_1917.csv_STRK,STRK,2026-05-05 16:15,1,,resolved_loss,-0.6283,-0.5257,-0.6283,resolved_loss
sl_shortlist_20260505_1917.csv_CRDO,CRDO,2026-05-05 16:15,2,,resolved_loss,-1.8326,1.5054,-1.8326,resolved_loss
sl_shortlist_20260505_1917.csv_STRD,STRD,2026-05-05 16:00,1,,resolved_loss,-0.7979,0.7194,-0.7979,resolved_loss
sl_shortlist_20260505_1917.csv_ALAB,ALAB,2026-05-05 16:15,1,,resolved_loss,-1.79,-6.6533,-1.79,resolved_loss
sl_shortlist_20260505_1917.csv_NTAP,NTAP,2026-05-05 16:15,2,,resolved_loss,-0.5801,2.1623,-0.5801,resolved_loss
sl_shortlist_20260506_1717.csv_AAPL,AAPL,2026-05-06 14:15,2,,resolved_win,2.0456,4.3285,2.0456,resolved_win
sl_shortlist_20260506_1717.csv_MSFT,MSFT,2026-05-06 14:15,1,,resolved_win,2.7645,-1.9487,2.7645,resolved_win
sl_shortlist_20260506_1717.csv_GOOGL,GOOGL,2026-05-06 14:15,1,,resolved_loss,-0.7175,1.8386,-0.7175,resolved_loss
sl_shortlist_20260506_1717.csv_GOOG,GOOG,2026-05-06 14:15,1,,resolved_loss,-0.7112,1.8373,-0.7112,resolved_loss
sl_shortlist_20260506_1717.csv_META,META,2026-05-06 14:15,1,,resolved_loss,-1.3052,0.1814,-1.3052,resolved_loss
sl_shortlist_20260506_1717.csv_AMZN,AMZN,2026-05-06 14:15,0,,resolved_loss,-0.6165,-1.1617,-0.6165,resolved_loss
sl_shortlist_20260506_1717.csv_NVDA,NVDA,2026-05-06 14:15,1,,resolved_win,4.1348,9.9844,4.1348,resolved_win
sl_shortlist_20260506_1717.csv_TSLA,TSLA,2026-05-06 14:15,2,,resolved_win,3.2199,13.0701,3.2199,resolved_win
sl_shortlist_20260506_1717.csv_ADBE,ADBE,2026-05-06 14:15,1,,resolved_loss,-1.6268,-6.1053,-1.6268,resolved_loss
sl_shortlist_20260506_1717.csv_CRM,CRM,2026-05-06 14:15,1,,resolved_loss,-1.5759,-10.5754,-1.5759,resolved_loss
sl_shortlist_20260506_1717.csv_ORCL,ORCL,2026-05-06 14:15,2,,resolved_win,3.994,1.3242,3.994,resolved_win
sl_shortlist_20260506_1717.csv_INTC,INTC,2026-05-06 14:15,0,,resolved_win,6.7209,11.1275,6.7209,resolved_win
sl_shortlist_20260506_1717.csv_AMD,AMD,2026-05-06 14:15,1,,resolved_win,10.189,9.1551,10.189,resolved_win
sl_shortlist_20260506_1717.csv_AVGO,AVGO,2026-05-06 14:15,1,,resolved_loss,-1.295,-1.2334,-1.295,resolved_loss
sl_shortlist_20260506_1717.csv_QCOM,QCOM,2026-05-06 14:15,1,,resolved_win,6.7245,11.5763,6.7245,resolved_win
sl_shortlist_20260506_1717.csv_TXN,TXN,2026-05-06 14:15,0,,resolved_loss,-0.9229,7.705,-0.9229,resolved_loss
sl_shortlist_20260506_1717.csv_MU,MU,2026-05-06 14:15,1,,resolved_win,6.5766,26.4086,6.5766,resolved_win
sl_shortlist_20260506_1717.csv_AMAT,AMAT,2026-05-06 14:15,2,,resolved_loss,-1.2313,3.4562,-1.2313,resolved_loss
sl_shortlist_20260506_1717.csv_LRCX,LRCX,2026-05-06 14:15,2,,resolved_loss,-1.5008,1.2301,-1.5008,resolved_loss
sl_shortlist_20260506_1717.csv_KLAC,KLAC,2026-05-06 14:15,1,,resolved_loss,-1.9574,-89.5535,-1.9574,resolved_loss
sl_shortlist_20260506_1717.csv_SNPS,SNPS,2026-05-06 14:15,1,,resolved_win,2.8207,1.0938,2.8207,resolved_win
sl_shortlist_20260506_1717.csv_CDNS,CDNS,2026-05-06 14:15,1,,resolved_win,2.5928,0.5759,2.5928,resolved_win
sl_shortlist_20260506_1717.csv_MRVL,MRVL,2026-05-06 14:15,0,,resolved_loss,-2.282,6.3023,-2.282,resolved_loss
sl_shortlist_20260506_1717.csv_ADI,ADI,2026-05-06 14:15,0,,resolved_win,2.2506,5.9481,2.2506,resolved_win
sl_shortlist_20260506_1717.csv_NXPI,NXPI,2026-05-06 14:15,0,,resolved_win,2.7538,1.3277,2.7538,resolved_win
sl_shortlist_20260506_1717.csv_MCHP,MCHP,2026-05-06 14:15,0,,resolved_win,3.2111,-2.8304,3.2111,resolved_win
sl_shortlist_20260506_1717.csv_ON,ON,2026-05-06 14:15,0,,resolved_loss,-1.9366,14.3266,-1.9366,resolved_loss
sl_shortlist_20260506_1717.csv_SWKS,SWKS,2026-05-06 14:15,1,,resolved_win,8.6652,7.6028,8.6652,resolved_win
sl_shortlist_20260506_1717.csv_QRVO,QRVO,2026-05-06 14:15,1,,resolved_win,5.7759,4.7684,5.7759,resolved_win
sl_shortlist_20260506_1717.csv_MPWR,MPWR,2026-05-06 14:15,1,,resolved_loss,-1.5161,3.3516,-1.5161,resolved_loss
sl_shortlist_20260508_2117.csv_AAPL,AAPL,2026-05-08 18:15,58,,resolved_loss,-0.4493,2.5779,-0.4493,resolved_loss
sl_shortlist_20260508_2117.csv_MSFT,MSFT,2026-05-08 18:15,25,,resolved_loss,-0.8037,1.3136,-0.8037,resolved_loss
sl_shortlist_20260508_2117.csv_GOOGL,GOOGL,2026-05-08 18:15,49,,resolved_loss,-0.4262,-0.5883,-0.4262,resolved_loss
sl_shortlist_20260508_2117.csv_GOOG,GOOG,2026-05-08 18:15,47,,resolved_loss,-0.4199,-0.6515,-0.4199,resolved_loss
sl_shortlist_20260508_2117.csv_META,META,2026-05-08 18:15,11,,resolved_loss,-0.7714,0.5961,-0.7714,resolved_loss
sl_shortlist_20260508_2117.csv_AMZN,AMZN,2026-05-08 18:15,44,,resolved_loss,-0.4479,-3.0287,-0.4479,resolved_loss
sl_shortlist_20260508_2117.csv_NVDA,NVDA,2026-05-08 18:15,73,,resolved_win,2.3791,4.5759,2.3791,resolved_win
sl_shortlist_20260508_2117.csv_TSLA,TSLA,2026-05-08 18:15,51,,resolved_win,2.8376,-0.8989,2.8376,resolved_win
sl_shortlist_20260508_2117.csv_ADBE,ADBE,2026-05-08 18:15,16,,resolved_loss,-1.1352,-1.7187,-1.1352,resolved_loss
sl_shortlist_20260508_2117.csv_CRM,CRM,2026-05-08 18:15,11,,resolved_loss,-1.271,-4.3692,-1.271,resolved_loss
sl_shortlist_20260508_2117.csv_ORCL,ORCL,2026-05-08 18:15,47,,resolved_loss,-1.159,-1.4858,-1.159,resolved_loss
sl_shortlist_20260508_2117.csv_INTC,INTC,2026-05-08 18:15,71,,resolved_loss,-2.4455,-12.501,-2.4455,resolved_loss
sl_shortlist_20260508_2117.csv_AMD,AMD,2026-05-08 18:15,64,,resolved_win,4.4803,-4.8997,4.4803,resolved_win
sl_shortlist_20260508_2117.csv_AVGO,AVGO,2026-05-08 18:15,55,,resolved_loss,-1.1935,-0.5927,-1.1935,resolved_loss
sl_shortlist_20260508_2117.csv_QCOM,QCOM,2026-05-08 18:15,49,,resolved_win,7.2281,-7.3718,7.2281,resolved_win
sl_shortlist_20260508_2117.csv_TXN,TXN,2026-05-08 18:15,47,,resolved_win,2.0667,4.6277,2.0667,resolved_win
sl_shortlist_20260508_2117.csv_MU,MU,2026-05-08 18:15,64,,resolved_win,5.6884,-0.478,5.6884,resolved_win
sl_shortlist_20260508_2117.csv_AMAT,AMAT,2026-05-08 18:15,58,,resolved_loss,-0.8484,-0.012,-0.8484,resolved_loss
sl_shortlist_20260508_2117.csv_LRCX,LRCX,2026-05-08 18:15,60,,resolved_loss,-0.9554,-3.7083,-0.9554,resolved_loss
sl_shortlist_20260508_2117.csv_KLAC,KLAC,2026-05-08 18:15,56,,resolved_loss,-1.694,-90.4352,-1.694,resolved_loss
sl_shortlist_20260508_2117.csv_SNPS,SNPS,2026-05-08 18:15,44,,resolved_loss,-0.704,-2.8314,-0.704,resolved_loss
sl_shortlist_20260508_2117.csv_CDNS,CDNS,2026-05-08 18:15,46,,resolved_loss,-0.6652,-4.7496,-0.6652,resolved_loss
sl_shortlist_20260508_2117.csv_MRVL,MRVL,2026-05-08 18:15,56,,resolved_loss,-1.5466,5.2228,-1.5466,resolved_loss
sl_shortlist_20260508_2117.csv_ADI,ADI,2026-05-08 18:15,55,,resolved_loss,-0.6672,-0.0721,-0.6672,resolved_loss
sl_shortlist_20260508_2117.csv_NXPI,NXPI,2026-05-08 18:15,47,,resolved_win,2.517,-1.6465,2.517,resolved_win
sl_shortlist_20260508_2117.csv_MCHP,MCHP,2026-05-08 18:15,47,,resolved_loss,-1.3996,-4.2488,-1.3996,resolved_loss
sl_shortlist_20260508_2117.csv_ON,ON,2026-05-08 18:15,49,,resolved_win,3.1782,10.6102,3.1782,resolved_win
sl_shortlist_20260508_2117.csv_SWKS,SWKS,2026-05-08 18:15,42,,resolved_win,3.5628,2.5659,3.5628,resolved_win
sl_shortlist_20260508_2117.csv_QRVO,QRVO,2026-05-08 18:15,40,,resolved_win,2.439,2.5057,2.439,resolved_win
sl_shortlist_20260508_2117.csv_MPWR,MPWR,2026-05-08 18:15,55,,resolved_win,3.89,-3.0626,3.89,resolved_win
sl_shortlist_20260508_2117.csv_ALGM,ALGM,2026-05-08 18:15,51,,resolved_loss,-1.516,-10.5068,-1.516,resolved_loss
sl_shortlist_20260508_2117.csv_ACLS,ACLS,2026-05-08 18:15,56,,resolved_loss,-1.8535,-5.3838,-1.8535,resolved_loss
sl_shortlist_20260508_2117.csv_AMKR,AMKR,2026-05-08 18:15,55,,resolved_loss,-1.6385,-7.8897,-1.6385,resolved_loss
sl_shortlist_20260508_2117.csv_CAMT,CAMT,2026-05-08 18:15,62,,resolved_win,3.3623,-16.8806,3.3623,resolved_win
sl_shortlist_20260508_2117.csv_AOSL,AOSL,2026-05-08 18:15,51,,resolved_loss,-3.209,1.4088,-3.209,resolved_loss
sl_shortlist_20260508_2117.csv_ACMR,ACMR,2026-05-08 18:15,62,,resolved_win,5.9179,6.7393,5.9179,resolved_win
sl_shortlist_20260508_2117.csv_AEHR,AEHR,2026-05-08 18:15,56,,resolved_win,13.4058,4.0468,13.4058,resolved_win
sl_shortlist_20260508_2117.csv_ARM,ARM,2026-05-08 18:15,51,,resolved_loss,-1.5418,-2.7231,-1.5418,resolved_loss
sl_shortlist_20260508_2117.csv_CRUS,CRUS,2026-05-08 18:15,58,,resolved_loss,-2.1437,-7.2155,-2.1437,resolved_loss
sl_shortlist_20260508_2117.csv_DIOD,DIOD,2026-05-08 18:15,49,,resolved_loss,-1.6055,-11.0162,-1.6055,resolved_loss
sl_shortlist_20260508_2117.csv_FORM,FORM,2026-05-08 18:15,56,,resolved_win,5.8421,-15.2095,5.8421,resolved_win
sl_shortlist_20260508_2117.csv_MKSI,MKSI,2026-05-08 18:15,55,,resolved_loss,-1.4678,-4.3776,-1.4678,resolved_loss
sl_shortlist_20260508_2117.csv_NOW,NOW,2026-05-08 18:15,20,,resolved_loss,-1.4417,3.7875,-1.4417,resolved_loss
sl_shortlist_20260508_2117.csv_SNOW,SNOW,2026-05-08 18:15,27,,resolved_loss,-2.3207,3.8172,-2.3207,resolved_loss
sl_shortlist_20260508_2117.csv_DDOG,DDOG,2026-05-08 18:15,58,,resolved_win,6.1009,6.1366,6.1009,resolved_win
sl_shortlist_20260508_2117.csv_NET,NET,2026-05-08 18:15,49,,resolved_loss,-4.3505,-0.5812,-4.3505,resolved_loss
sl_shortlist_20260508_2117.csv_ZS,ZS,2026-05-08 18:15,35,,resolved_loss,-1.1548,6.2756,-1.1548,resolved_loss
sl_shortlist_20260508_2117.csv_CRWD,CRWD,2026-05-08 18:15,44,,resolved_win,3.0395,13.1409,3.0395,resolved_win
sl_shortlist_20260508_2117.csv_OKTA,OKTA,2026-05-08 18:15,35,,resolved_loss,-0.9874,-0.9395,-0.9874,resolved_loss
sl_shortlist_20260508_2117.csv_PANW,PANW,2026-05-08 18:15,55,,resolved_win,2.8128,18.0706,2.8128,resolved_win
sl_shortlist_20260511_1738.csv_AAPL,AAPL,2026-05-11 14:30,51,,resolved_win,1.7177,1.9127,1.7177,resolved_win
sl_shortlist_20260511_1738.csv_MSFT,MSFT,2026-05-11 14:30,23,,resolved_loss,-1.1064,2.9963,-1.1064,resolved_loss
sl_shortlist_20260511_1738.csv_GOOGL,GOOGL,2026-05-11 14:30,44,,resolved_loss,-0.6651,0.7014,-0.6651,resolved_loss
sl_shortlist_20260511_1738.csv_GOOG,GOOG,2026-05-11 14:30,42,,resolved_loss,-0.6373,0.5537,-0.6373,resolved_loss
sl_shortlist_20260511_1738.csv_META,META,2026-05-11 14:30,9,,resolved_loss,-0.9283,1.4145,-0.9283,resolved_loss
sl_shortlist_20260511_1738.csv_AMZN,AMZN,2026-05-11 14:30,46,,resolved_loss,-0.7646,-2.6357,-0.7646,resolved_loss
sl_shortlist_20260511_1738.csv_NVDA,NVDA,2026-05-11 14:30,64,,resolved_loss,-1.0438,1.8886,-1.0438,resolved_loss
sl_shortlist_20260511_1738.csv_TSLA,TSLA,2026-05-11 14:30,40,,resolved_win,3.4233,-1.8529,3.4233,resolved_win
sl_shortlist_20260511_1738.csv_ADBE,ADBE,2026-05-11 14:30,11,,resolved_loss,-1.5561,2.7066,-1.5561,resolved_loss
sl_shortlist_20260511_1738.csv_CRM,CRM,2026-05-11 14:30,7,,resolved_loss,-1.4253,-0.3296,-1.4253,resolved_loss
sl_shortlist_20260511_1738.csv_ORCL,ORCL,2026-05-11 14:30,42,,resolved_loss,-1.2366,-3.6479,-1.2366,resolved_loss
sl_shortlist_20260511_1738.csv_INTC,INTC,2026-05-11 14:30,56,,resolved_loss,-2.9583,-14.3242,-2.9583,resolved_loss
sl_shortlist_20260511_1738.csv_AMD,AMD,2026-05-11 14:30,67,,resolved_loss,-1.8624,-7.8141,-1.8624,resolved_loss
sl_shortlist_20260511_1738.csv_AVGO,AVGO,2026-05-11 14:30,53,,resolved_loss,-1.5842,-1.1141,-1.5842,resolved_loss
sl_shortlist_20260511_1738.csv_QCOM,QCOM,2026-05-11 14:30,56,,resolved_loss,-3.4879,-14.8931,-3.4879,resolved_loss
sl_shortlist_20260511_1738.csv_TXN,TXN,2026-05-11 14:30,51,,resolved_win,3.4483,3.4483,3.4483,resolved_win
sl_shortlist_20260511_1738.csv_MU,MU,2026-05-11 14:30,67,,resolved_loss,-2.8714,-13.1387,-2.8714,resolved_loss
sl_shortlist_20260511_1738.csv_AMAT,AMAT,2026-05-11 14:30,62,,resolved_loss,-1.0198,-6.9053,-1.0198,resolved_loss
sl_shortlist_20260511_1738.csv_LRCX,LRCX,2026-05-11 14:30,60,,resolved_loss,-1.2114,-6.2055,-1.2114,resolved_loss
sl_shortlist_20260511_1738.csv_KLAC,KLAC,2026-05-11 14:30,58,,resolved_loss,-1.9272,-90.693,-1.9272,resolved_loss
sl_shortlist_20260511_1738.csv_SNPS,SNPS,2026-05-11 14:30,40,,resolved_loss,-0.823,-3.0216,-0.823,resolved_loss
sl_shortlist_20260511_1738.csv_CDNS,CDNS,2026-05-11 14:30,35,,resolved_loss,-0.8962,-3.8503,-0.8962,resolved_loss
sl_shortlist_20260511_1738.csv_MRVL,MRVL,2026-05-11 14:30,56,,resolved_loss,-2.4306,0.1482,-2.4306,resolved_loss
sl_shortlist_20260511_1738.csv_ADI,ADI,2026-05-11 14:30,53,,resolved_loss,-0.8305,0.7765,-0.8305,resolved_loss
sl_shortlist_20260511_1738.csv_NXPI,NXPI,2026-05-11 14:30,44,,resolved_win,3.1434,-0.3417,3.1434,resolved_win
sl_shortlist_20260511_1738.csv_MCHP,MCHP,2026-05-11 14:30,51,,resolved_loss,-1.6076,-5.4917,-1.6076,resolved_loss
sl_shortlist_20260511_1738.csv_ON,ON,2026-05-11 14:30,51,,resolved_loss,-1.3371,5.2616,-1.3371,resolved_loss
sl_shortlist_20260511_1738.csv_SWKS,SWKS,2026-05-11 14:30,46,,resolved_loss,-1.3179,2.1291,-1.3179,resolved_loss
sl_shortlist_20260511_1738.csv_QRVO,QRVO,2026-05-11 14:30,46,,resolved_loss,-0.8919,2.469,-0.8919,resolved_loss
sl_shortlist_20260511_1738.csv_MPWR,MPWR,2026-05-11 14:30,56,,resolved_loss,-1.7228,-8.3836,-1.7228,resolved_loss
sl_shortlist_20260511_1738.csv_ALGM,ALGM,2026-05-11 14:30,49,,resolved_loss,-2.0434,-11.9838,-2.0434,resolved_loss
sl_shortlist_20260511_1738.csv_ACLS,ACLS,2026-05-11 14:30,51,,resolved_loss,-1.9625,-10.8727,-1.9625,resolved_loss
sl_shortlist_20260511_1738.csv_AMKR,AMKR,2026-05-11 14:30,58,,resolved_loss,-2.0664,-14.3428,-2.0664,resolved_loss
sl_shortlist_20260511_1738.csv_CAMT,CAMT,2026-05-11 14:30,64,,resolved_loss,-1.3631,-25.7709,-1.3631,resolved_loss
sl_shortlist_20260511_1738.csv_AOSL,AOSL,2026-05-11 14:30,55,,resolved_loss,-4.6301,-1.959,-4.6301,resolved_loss
sl_shortlist_20260511_1738.csv_ACMR,ACMR,2026-05-11 14:30,62,,resolved_loss,-2.0758,2.1727,-2.0758,resolved_loss
sl_shortlist_20260511_1738.csv_AEHR,AEHR,2026-05-11 14:30,58,,resolved_loss,-5.9455,-19.2092,-5.9455,resolved_loss
sl_shortlist_20260511_1738.csv_ARM,ARM,2026-05-11 14:30,49,,resolved_loss,-3.5468,2.7586,-3.5468,resolved_loss
sl_shortlist_20260511_1738.csv_CRUS,CRUS,2026-05-11 14:30,60,,resolved_loss,-2.4123,-7.6116,-2.4123,resolved_loss
sl_shortlist_20260511_1738.csv_DIOD,DIOD,2026-05-11 14:30,49,,resolved_loss,-2.8362,-12.9509,-2.8362,resolved_loss
sl_shortlist_20260511_1738.csv_FORM,FORM,2026-05-11 14:30,55,,resolved_loss,-4.9554,-20.6193,-4.9554,resolved_loss
sl_shortlist_20260511_1738.csv_MKSI,MKSI,2026-05-11 14:30,56,,resolved_loss,-1.5785,-6.5301,-1.5785,resolved_loss
sl_shortlist_20260511_1738.csv_NOW,NOW,2026-05-11 14:30,24,,resolved_loss,-2.3208,12.157,-2.3208,resolved_loss
sl_shortlist_20260511_1738.csv_SNOW,SNOW,2026-05-11 14:30,24,,resolved_loss,-2.5783,8.5813,-2.5783,resolved_loss
sl_shortlist_20260511_1738.csv_DDOG,DDOG,2026-05-11 14:30,53,,resolved_win,6.7975,5.6541,6.7975,resolved_win
sl_shortlist_20260511_1738.csv_NET,NET,2026-05-11 14:30,33,,resolved_loss,-4.2457,2.3982,-4.2457,resolved_loss
sl_shortlist_20260511_1738.csv_ZS,ZS,2026-05-11 14:30,27,,resolved_loss,-1.3198,17.0374,-1.3198,resolved_loss
sl_shortlist_20260511_1738.csv_CRWD,CRWD,2026-05-11 14:30,44,,resolved_win,3.3634,17.1616,3.3634,resolved_win
sl_shortlist_20260511_1738.csv_OKTA,OKTA,2026-05-11 14:30,33,,resolved_loss,-1.19,5.6952,-1.19,resolved_loss
sl_shortlist_20260511_1738.csv_PANW,PANW,2026-05-11 14:30,55,,resolved_win,3.2019,18.3035,3.2019,resolved_win
sig_8cd57be3b74f,AAPL,2026-05-12T20:04:14.434744+00:00,0,,resolved_win,,,,
sig_2816ff30d1a6,WEST,2026-05-12T20:04:55.340152+00:00,82,,expired,,,,
sig_0d9f9776108b,ESOA,2026-05-12T20:04:55.340191+00:00,80,,resolved_loss,,,,
sig_3fb7bd484120,PSIG,2026-05-12T20:04:55.340204+00:00,78,,expired,,,,
sig_b380b0b89dda,EQPT,2026-05-12T20:04:55.340209+00:00,78,,expired,,,,
sig_ebfe22d257d9,TUSK,2026-05-12T20:04:55.340215+00:00,78,,resolved_win,,,,
sig_1a9986f93583,AMPG,2026-05-12T20:04:55.340220+00:00,77,,resolved_loss,,,,
sig_4308d3acba4b,NVDA,2026-05-12T20:04:55.340226+00:00,76,,expired,,,,
sig_69906fe54f39,LUNR,2026-05-12T20:04:55.340233+00:00,75,,resolved_win,,,,
sig_ca7a77b50533,GILT,2026-05-12T20:04:55.340239+00:00,75,,resolved_loss,,,,
sig_9da69fb6e9de,NAMS,2026-05-12T20:04:55.340244+00:00,75,,resolved_loss,,,,
sig_b0f76350ce0b,TFSL,2026-05-12T20:04:55.340251+00:00,75,,resolved_loss,,,,
sig_dbaacfece7dc,PTCT,2026-05-12T20:04:55.340268+00:00,73,,resolved_loss,,,,
sig_e64b9ed7bf5f,ACHV,2026-05-12T20:04:55.340274+00:00,73,,expired,,,,
sig_4b0eb5a94df1,RKLB,2026-05-12T20:04:55.340281+00:00,73,,expired,,,,
sig_4b70cf70fcfa,NXT,2026-05-12T20:04:55.340287+00:00,73,,resolved_win,,,,
sig_ffdddeb96c80,NESR,2026-05-12T20:04:55.340294+00:00,73,,expired,,,,
sig_5988c63b8d8b,LINC,2026-05-12T20:04:55.340300+00:00,73,,expired,,,,
sig_597d87c90787,BWEN,2026-05-12T20:04:55.340306+00:00,73,,expired,,,,
sig_ea1ccd419d0a,CLFD,2026-05-12T20:04:55.340313+00:00,73,,resolved_loss,,,,
sig_bddc94382ec6,OSCR,2026-05-12T20:04:55.340325+00:00,71,,expired,,,,
sig_1e3423038ec9,VICR,2026-05-12T20:04:55.340331+00:00,71,,expired,,,,
sig_194a8ef6fb46,MCW,2026-05-12T20:04:55.340337+00:00,71,,expired,,,,
sig_d69ff6ee0148,PRTH,2026-05-12T20:04:55.340343+00:00,71,,resolved_loss,,,,
sig_323e71853a5a,NOVT,2026-05-12T20:04:55.340349+00:00,71,,resolved_loss,,,,
sig_e8ed43618b8f,LIVN,2026-05-12T20:04:55.340368+00:00,69,,expired,,,,
sig_97ed83b7bee3,ATRO,2026-05-12T20:04:55.340375+00:00,69,,expired,,,,
sig_c352721728cf,CDNL,2026-05-12T20:04:55.340382+00:00,69,,resolved_loss,,,,
sig_4fa34ea66856,LITE,2026-05-12T20:04:55.340390+00:00,69,,expired,,,,
sig_658072d180c0,LBTYB,2026-05-12T20:04:55.340397+00:00,69,,expired,,,,
sig_9db59e7e8acc,EVRG,2026-05-12T20:04:55.340404+00:00,69,,resolved_loss,,,,
sig_7da92cccf1f3,FIGR,2026-05-12T20:04:55.340417+00:00,67,,resolved_loss,,,,
sig_f2d760bb01c7,NCEW,2026-05-12T20:04:55.340424+00:00,67,,expired,,,,
sig_235a944d1613,ADAMI,2026-05-12T20:04:55.340431+00:00,67,,expired,,,,
sig_469a88439e3e,SCOR,2026-05-12T20:04:55.340439+00:00,67,,expired,,,,
sig_792a86815008,ALLT,2026-05-12T20:04:55.340446+00:00,67,,resolved_loss,,,,
sig_1a9dd666bb23,ARTNA,2026-05-12T20:04:55.340453+00:00,67,,resolved_loss,,,,
sig_1775ff3d0a0a,ERIC,2026-05-12T20:04:55.340460+00:00,66,,expired,,,,
sig_e1209a151f17,ARWR,2026-05-12T20:04:55.340468+00:00,66,,resolved_loss,,,,
sig_ff99c1d1d41d,SRRK,2026-05-12T20:04:55.340475+00:00,66,,expired,,,,
sig_f6924e7594a0,SOLS,2026-05-12T20:04:55.340483+00:00,66,,expired,,,,
sig_9eb30bd184eb,POWWP,2026-05-12T20:04:55.340490+00:00,66,,expired,,,,
sig_6c3f0b41c7b7,FCEL,2026-05-12T20:04:55.340504+00:00,64,,expired,,,,
sig_f91399c3dbe8,PL,2026-05-12T20:04:55.340521+00:00,64,,expired,,,,
sig_d9218e8a771b,RDW,2026-05-12T20:04:55.340528+00:00,64,,expired,,,,
sig_9477ea0e62da,DE,2026-05-12T20:04:55.340544+00:00,64,,resolved_loss,,,,
sig_22448c8a382d,COST,2026-05-12T20:04:55.340552+00:00,64,,expired,,,,
sig_a74afd25383b,VRSN,2026-05-12T20:04:55.340559+00:00,64,,resolved_win,,,,
sig_daf7f7633e2f,ROIV,2026-05-12T20:04:55.340567+00:00,64,,resolved_loss,,,,
sig_fc0f3ccab88e,DRS,2026-05-12T20:04:55.340575+00:00,64,,resolved_loss,,,,
sig_e793d3d421e9,NN,2026-05-12T20:04:55.340583+00:00,64,,expired,,,,
sig_090ce7562ef5,TWIN,2026-05-12T20:04:55.340590+00:00,64,,resolved_loss,,,,
sig_9aee1b95ffcd,TRMD,2026-05-12T20:04:55.340598+00:00,64,,resolved_loss,,,,
sig_a43311203986,CENT,2026-05-12T20:04:55.340606+00:00,64,,resolved_loss,,,,
sig_c938de7f318c,DHCNI,2026-05-12T20:04:55.340616+00:00,64,,expired,,,,
sig_6a8ea4df6929,MATW,2026-05-12T20:04:55.340624+00:00,64,,expired,,,,
sig_1b42baf61eb2,RGCO,2026-05-12T20:04:55.340633+00:00,64,,expired,,,,
sig_f5fb03ebc8fe,MRNA,2026-05-12T20:04:55.340641+00:00,62,,resolved_loss,,,,
sig_eaaee9070fe3,HUM,2026-05-12T20:04:55.340702+00:00,62,,expired,,,,
sig_9dececbb79eb,JD,2026-05-12T20:04:55.340722+00:00,62,,resolved_win,,,,
sig_40edc4287259,CGON,2026-05-12T20:04:55.340730+00:00,62,,expired,,,,
sig_8e0380c41a98,OXLCL,2026-05-12T20:04:55.340738+00:00,62,,expired,,,,
sig_eadd9d87e701,SSRM,2026-05-12T20:04:55.340747+00:00,62,,resolved_loss,,,,
sig_70dfc41bd9e2,MWH,2026-05-12T20:04:55.340756+00:00,62,,expired,,,,
sig_ea33cf098ee0,OUST,2026-05-12T20:04:55.340766+00:00,62,,resolved_win,,,,
sig_604a95116c73,NAUT,2026-05-12T20:04:55.340813+00:00,62,,expired,,,,
sig_27f5da3cd669,FRD,2026-05-12T20:04:55.340835+00:00,62,,expired,,,,
sig_3175f1128ec9,PNRG,2026-05-12T20:04:55.340846+00:00,62,,resolved_loss,,,,
sig_489b43da950a,BRID,2026-05-12T20:04:55.340856+00:00,62,,expired,,,,
sig_bea14255e95a,EBAY,2026-05-12T20:04:55.340865+00:00,62,,resolved_win,,,,
sig_9fc7e2e6d6e6,SBRA,2026-05-12T20:04:55.340874+00:00,62,,resolved_loss,,,,
sig_a306689899c8,LNT,2026-05-12T20:04:55.340883+00:00,62,,expired,,,,
sig_a1057d01864d,INOD,2026-05-12T20:04:55.340910+00:00,60,,expired,,,,
sig_66b76272c298,SATL,2026-05-12T20:04:55.340919+00:00,60,,expired,,,,
sig_078a44c4aca2,MRCY,2026-05-12T20:04:55.340927+00:00,60,,expired,,,,
sig_204ca99036ff,ADAM,2026-05-12T20:04:55.340947+00:00,60,,expired,,,,
sig_885606634fc4,RPRX,2026-05-12T20:04:55.340956+00:00,60,,expired,,,,
sig_ec45f805bde9,GH,2026-05-12T20:04:55.340965+00:00,60,,resolved_loss,,,,
sig_d127c0925ffc,SLMBP,2026-05-12T20:04:55.340974+00:00,60,,expired,,,,
sig_1080bb372744,OXLCO,2026-05-12T20:04:55.340983+00:00,60,,expired,,,,
sig_60ebefc975ae,WSC,2026-05-12T20:04:55.340992+00:00,60,,resolved_loss,,,,
sig_67e6f2135d68,LLYVK,2026-05-12T20:04:55.341001+00:00,60,,expired,,,,
sig_5c76da5236cb,LLYVA,2026-05-12T20:04:55.341010+00:00,60,,expired,,,,
sig_63299e038888,GLNG,2026-05-12T20:04:55.341019+00:00,60,,resolved_loss,,,,
sig_438e1a8eb8de,EPSN,2026-05-12T20:04:55.341028+00:00,60,,expired,,,,
sig_92cb44643262,KLXE,2026-05-12T20:04:55.341037+00:00,60,,resolved_win,,,,
sig_548cdec995cb,REGCO,2026-05-12T20:04:55.341045+00:00,60,,expired,,,,
sig_f30609399505,NEXT,2026-05-12T20:04:55.341055+00:00,60,,expired,,,,
sig_4a1b96a2d5d2,WAVE,2026-05-12T20:04:55.341064+00:00,60,,resolved_loss,,,,
sig_c1df3d03b647,IREN,2026-05-12T20:04:55.341081+00:00,58,,resolved_loss,,,,
sig_0d9e0cfd3e24,NVAX,2026-05-12T20:04:55.341090+00:00,58,,resolved_loss,,,,
sig_304dd4c6be70,BPYPM,2026-05-12T20:04:55.341099+00:00,58,,expired,,,,
sig_2e9a7a08378c,FOXA,2026-05-12T20:04:55.341109+00:00,58,,expired,,,,
sig_1142de84c3ef,KRNT,2026-05-12T20:04:55.341119+00:00,58,,resolved_win,,,,
sig_399c2ce360cf,FEIM,2026-05-12T20:04:55.341128+00:00,58,,expired,,,,
sig_7d23acabebf1,WMG,2026-05-12T20:04:55.341138+00:00,58,,resolved_loss,,,,
sig_2bdf6e7fc94a,AGNCO,2026-05-12T20:04:55.341147+00:00,58,,expired,,,,
sig_ffbc13ca5c75,LAMR,2026-05-12T20:04:55.341157+00:00,58,,expired,,,,
sig_f0efbf38bc87,UTSI,2026-05-12T20:04:55.341166+00:00,58,,expired,,,,
sig_ea30a742b05f,MDB,2026-05-12T20:04:55.341176+00:00,56,,resolved_loss,,,,
sig_2734a5c06925,BLDP,2026-05-12T20:04:55.341185+00:00,56,,expired,,,,
sig_86cc3211bfc4,ABCL,2026-05-12T20:04:55.341194+00:00,56,,expired,,,,
sig_6f49fb564a73,ROAD,2026-05-12T20:04:55.341204+00:00,56,,expired,,,,
sig_d96f580cefb7,HOVR,2026-05-12T20:04:55.341213+00:00,56,,resolved_win,,,,
sig_b88adf40956e,AGNCL,2026-05-12T20:04:55.341223+00:00,56,,resolved_loss,,,,
sig_0e4d33db7c7a,LANDO,2026-05-12T20:04:55.341233+00:00,56,,expired,,,,
sig_6627c118b750,SILC,2026-05-12T20:04:55.341243+00:00,56,,expired,,,,
sig_503a49a91fae,FLNC,2026-05-12T20:04:55.341252+00:00,56,,expired,,,,
sig_131d71ed6f58,OVV,2026-05-12T20:04:55.341263+00:00,55,,expired,,,,
sig_7dd3bca49c99,FTAIN,2026-05-12T20:04:55.341283+00:00,55,,expired,,,,
sig_581b89b8a872,ADAMM,2026-05-12T20:04:55.341293+00:00,55,,expired,,,,
sig_2ad5f9315a9a,ARTV,2026-05-12T20:04:55.341302+00:00,53,,expired,,,,
sig_bc3f28a9b664,AFRI,2026-05-12T20:04:55.341313+00:00,53,,resolved_loss,,,,
sig_961f6d64c17b,APP,2026-05-12T20:04:55.341324+00:00,53,,resolved_loss,,,,
sig_5602aa617c49,ARGX,2026-05-12T20:04:55.341334+00:00,53,,resolved_loss,,,,
sig_0fc73d5b986c,CHSCO,2026-05-12T20:04:55.341344+00:00,53,,expired,,,,
sig_b4eb383e00e2,V,2026-05-12T20:04:55.341376+00:00,51,,resolved_loss,,,,
sig_beb69e42825a,DRI,2026-05-12T20:04:55.341406+00:00,51,,resolved_loss,,,,
sig_0811016f4c55,ONC,2026-05-12T20:04:55.341417+00:00,51,,expired,,,,
sig_120cadad94fa,FOX,2026-05-12T20:04:55.341427+00:00,51,,resolved_loss,,,,
sig_be2cf4239513,IOSP,2026-05-12T20:04:55.341438+00:00,51,,resolved_loss,,,,
sig_164ce14ba41c,IONR,2026-05-12T20:04:55.341449+00:00,51,,resolved_win,,,,
sig_57b20663a469,TTWO,2026-05-12T20:04:55.341460+00:00,51,,expired,,,,
sig_695f02936494,KDP,2026-05-12T20:04:55.341471+00:00,51,,expired,,,,
sig_b4d8b2174ee3,REGCP,2026-05-12T20:04:55.341482+00:00,51,,expired,,,,
sig_7273af3ed8a1,BRKR,2026-05-12T20:04:55.341503+00:00,49,,expired,,,,
sig_fbff098654ce,PCT,2026-05-12T20:04:55.341513+00:00,49,,expired,,,,
sig_2cc67359a307,CHSCN,2026-05-12T20:04:55.341525+00:00,49,,expired,,,,
sig_e12b57f336bf,QCOM,2026-05-12T20:04:55.341535+00:00,47,,expired,,,,
sig_38482c9d36ec,SWKS,2026-05-12T20:04:55.341546+00:00,47,,expired,,,,
sig_3aa2d964b125,IRON,2026-05-12T20:04:55.341557+00:00,47,,expired,,,,
sig_fb6436751bdc,CLSK,2026-05-12T20:04:55.341574+00:00,47,,expired,,,,
sig_a02e124f612e,OXLCN,2026-05-12T20:04:55.341591+00:00,47,,expired,,,,
sig_fe92cefc18bc,HURC,2026-05-12T20:04:55.341603+00:00,47,,expired,,,,
sig_9aab9fefcbd5,KYIV,2026-05-12T20:04:55.341615+00:00,47,,resolved_win,,,,
sig_50388f5c225e,ASTL,2026-05-12T20:04:55.341627+00:00,46,,resolved_win,,,,
sig_719d335ec49b,NWS,2026-05-12T20:04:55.341638+00:00,46,,expired,,,,
sig_7b3fe0501527,TUSK,2026-05-13T21:59:26.400368+00:00,89,,expired,,,,
sig_0c75c2c36083,OUST,2026-05-13T21:59:26.400368+00:00,80,,expired,,,,
sig_4228f0181fee,EQPT,2026-05-13T21:59:26.400368+00:00,78,,expired,,,,
sig_642a4d754228,NXT,2026-05-13T21:59:26.400368+00:00,77,,expired,,,,
sig_13604ae06e56,FRD,2026-05-13T21:59:26.400368+00:00,71,,expired,,,,
sig_7fa093d10385,ZTEK,2026-05-13T21:59:26.400368+00:00,71,,expired,,,,
sig_bc47d0853a24,MCW,2026-05-13T21:59:26.400368+00:00,71,,expired,,,,
sig_e52a1ab6d010,LWAY,2026-05-13T21:59:26.400368+00:00,71,,expired,,,,
sig_33e8bb3a52c7,LINC,2026-05-13T21:59:26.400368+00:00,71,,expired,,,,
sig_0bfee91cc43d,SOLS,2026-05-13T21:59:26.400368+00:00,69,,expired,,,,
sig_ef7e387e83cf,TFSL,2026-05-13T21:59:26.400368+00:00,67,,expired,,,,
sig_47eca20a4e42,NCEW,2026-05-13T21:59:26.400368+00:00,67,,expired,,,,
sig_6a7db6493023,XMTR,2026-05-13T21:59:26.400368+00:00,67,,expired,,,,
sig_e8fa036a2f5b,FIGR,2026-05-13T21:59:26.400368+00:00,66,,expired,,,,
sig_b8af54270362,HOVR,2026-05-13T21:59:26.400368+00:00,66,,expired,,,,
sig_1b81fd5b5cc3,TRMD,2026-05-13T21:59:26.400368+00:00,66,,expired,,,,
sig_a04b0021518f,LANDO,2026-05-13T21:59:26.400368+00:00,66,,expired,,,,
sig_9ae23932a87b,NOVT,2026-05-13T21:59:26.400368+00:00,66,,expired,,,,
sig_1086ec50aa72,ESOA,2026-05-13T21:59:26.400368+00:00,64,,expired,,,,
sig_8bdbb65b98cd,CENT,2026-05-13T21:59:26.400368+00:00,64,,expired,,,,
sig_d12777331a56,LWLG,2026-05-13T21:59:26.400368+00:00,62,,expired,,,,
sig_3f96e85d08cc,NAUT,2026-05-13T21:59:26.400368+00:00,62,,expired,,,,
sig_8bdf6724b3f5,LFUS,2026-05-13T21:59:26.400368+00:00,62,,expired,,,,
sig_6ffbe8b07191,NUAI,2026-05-13T21:59:26.400368+00:00,62,,expired,,,,
sig_98732092f159,LITE,2026-05-13T21:59:26.400368+00:00,62,,expired,,,,
sig_bba16ba1f5c4,BTSG,2026-05-13T21:59:26.400368+00:00,60,,expired,,,,
sig_f57f41360510,PCT,2026-05-13T21:59:26.400368+00:00,60,,expired,,,,
sig_34dd79eb18d0,KRNT,2026-05-13T21:59:26.400368+00:00,60,,expired,,,,
sig_db56a07a6e83,PKOH,2026-05-13T21:59:26.400368+00:00,60,,expired,,,,
sig_c59919ded526,PSIG,2026-05-13T21:59:26.400368+00:00,60,,expired,,,,
sig_fc001ccd4de8,GTX,2026-05-13T21:59:26.400368+00:00,60,,expired,,,,
sig_3cb13c07ffe7,RMCF,2026-05-13T21:59:26.400368+00:00,60,,expired,,,,
sig_aeb1b6fd48ed,ADTN,2026-05-13T21:59:26.400368+00:00,60,,expired,,,,
sig_0a6bc1d8f520,ASPI,2026-05-13T21:59:26.400368+00:00,58,,expired,,,,
sig_0bb176c39802,MNST,2026-05-13T21:59:26.400368+00:00,58,,expired,,,,
sig_602345b01aeb,KYIV,2026-05-13T21:59:26.400368+00:00,58,,expired,,,,
sig_70bf4a34368b,ATNI,2026-05-13T21:59:26.400368+00:00,58,,expired,,,,
sig_3af835d20d13,MATW,2026-05-13T21:59:26.400368+00:00,56,,expired,,,,
sig_55bab30f41ae,LAMR,2026-05-13T21:59:26.400368+00:00,55,,expired,,,,
sig_eea0afb34525,CGNX,2026-05-13T21:59:26.400368+00:00,53,,expired,,,,
sig_b8b428a8144e,ASTL,2026-05-13T21:59:26.400368+00:00,53,,expired,,,,
sig_409a1563792c,TTWO,2026-05-13T21:59:26.400368+00:00,53,,expired,,,,
sig_6938edd9ed19,MDLZ,2026-05-13T21:59:26.400368+00:00,53,,expired,,,,
sig_0af21aecdd2a,LINE,2026-05-13T21:59:26.400368+00:00,53,,expired,,,,
sig_1073ba4ce280,MWH,2026-05-13T21:59:26.400368+00:00,51,,expired,,,,
sig_3ca1f722e942,LOOP,2026-05-13T21:59:26.400368+00:00,51,,expired,,,,
sig_e26b9344d124,NWS,2026-05-13T21:59:26.400368+00:00,51,,expired,,,,
sig_375a84ac8f4f,AMCX,2026-05-13T21:59:26.400368+00:00,51,,expired,,,,
sig_eaef1417c246,IOSP,2026-05-13T21:59:26.400368+00:00,49,,expired,,,,
sig_4e339d9ff09b,FLNC,2026-05-13T21:59:26.400368+00:00,49,,expired,,,,
sig_bd97a7801653,WMG,2026-05-13T21:59:26.400368+00:00,46,,expired,,,,
sig_c88bc495349d,ARTNA,2026-05-13T21:59:26.400368+00:00,46,,expired,,,,
sig_17bcc86faa53,HBANL,2026-05-13T21:59:26.400368+00:00,44,,expired,,,,
sig_26781a40f4ca,OXLCZ,2026-05-13T21:59:26.400368+00:00,44,,expired,,,,
sig_461957614dfd,WAVE,2026-05-13T21:59:26.400368+00:00,44,,expired,,,,
sig_e25f5b5d7422,KC,2026-05-14T13:59:14.711780+00:00,87,,resolved_loss,,,,
sig_765c860e4124,NBIS,2026-05-14T13:59:14.711780+00:00,87,,expired,,,,
sig_e49f19cb48af,PLUG,2026-05-14T13:59:14.711780+00:00,82,,resolved_loss,,,,
sig_fee3d81f9cad,FCEL,2026-05-14T13:59:14.711780+00:00,82,,expired,,,,
sig_077fa270d148,HYLN,2026-05-14T13:59:14.711780+00:00,82,,expired,,,,
sig_edfda70fb41f,AUR,2026-05-14T13:59:14.711780+00:00,82,,resolved_loss,,,,
sig_3638761a20af,BIDU,2026-05-14T13:59:14.711780+00:00,82,,resolved_loss,,,,
sig_e787e18a584b,TSEM,2026-05-14T13:59:14.711780+00:00,82,,expired,,,,
sig_5beb8a027ec1,GDS,2026-05-14T13:59:14.711780+00:00,80,,resolved_loss,,,,
sig_838600bd4414,ABAT,2026-05-14T13:59:14.711780+00:00,80,,resolved_loss,,,,
sig_f87e87f779cb,LLYVA,2026-05-14T13:59:14.711780+00:00,80,,expired,,,,
sig_7a2dfeef3d74,SATS,2026-05-14T13:59:14.711780+00:00,78,,expired,,,,
sig_efe203ab854c,HUDI,2026-05-14T13:59:14.711780+00:00,78,,resolved_loss,,,,
sig_887ad7ac4f96,BAOS,2026-05-14T13:59:14.711780+00:00,78,,expired,,,,
sig_aa35342a1b37,ENPH,2026-05-14T13:59:14.711780+00:00,77,,resolved_win,,,,
sig_6e213c0bffde,QS,2026-05-14T13:59:14.711780+00:00,77,,expired,,,,
sig_4cc3369c1677,F,2026-05-14T13:59:14.711780+00:00,77,,resolved_win,,,,
sig_1dda11c7162a,BABA,2026-05-14T13:59:14.711780+00:00,77,,resolved_loss,,,,
sig_69180681c5bb,LI,2026-05-14T13:59:14.711780+00:00,75,,resolved_loss,,,,
sig_68ac90a871cc,VNET,2026-05-14T13:59:14.711780+00:00,73,,resolved_loss,,,,
sig_7dce9586db44,LUNR,2026-05-14T13:59:14.711780+00:00,73,,expired,,,,
sig_f5987e996415,AIP,2026-05-14T13:59:14.711780+00:00,73,,expired,,,,
sig_d6b77f2f1856,HUHU,2026-05-14T13:59:14.711780+00:00,73,,resolved_loss,,,,
sig_f2ba40076777,ON,2026-05-14T13:59:14.711780+00:00,71,,expired,,,,
sig_5e5e82071614,BIIB,2026-05-14T13:59:14.711780+00:00,71,,resolved_loss,,,,
sig_0549100cb61c,CVS,2026-05-14T13:59:14.711780+00:00,71,,resolved_loss,,,,
sig_55bb6cbf5211,HUM,2026-05-14T13:59:14.711780+00:00,71,,resolved_loss,,,,
sig_50cd4f59b367,CLOV,2026-05-14T13:59:14.711780+00:00,71,,resolved_loss,,,,
sig_7b78bd7cb4d8,JD,2026-05-14T13:59:14.711780+00:00,71,,resolved_loss,,,,
sig_9479ece1d690,ACRS,2026-05-14T13:59:14.711780+00:00,71,,resolved_loss,,,,
sig_5cb2996e4f53,MIRM,2026-05-14T13:59:14.711780+00:00,71,,expired,,,,
sig_a646feb97a3a,ACMR,2026-05-14T13:59:14.711780+00:00,69,,expired,,,,
sig_3c63da3f36a1,HALO,2026-05-14T13:59:14.711780+00:00,69,,expired,,,,
sig_de85ec41d375,IRON,2026-05-14T13:59:14.711780+00:00,69,,expired,,,,
sig_c8724ede022b,MPC,2026-05-14T13:59:14.711780+00:00,69,,expired,,,,
sig_2279cc063090,NIO,2026-05-14T13:59:14.711780+00:00,69,,resolved_loss,,,,
sig_34dcca2618f9,BKSY,2026-05-14T13:59:14.711780+00:00,69,,expired,,,,
sig_a444d57771b7,TAL,2026-05-14T13:59:14.711780+00:00,69,,resolved_loss,,,,
sig_e6746df6b3ea,VICR,2026-05-14T13:59:14.711780+00:00,69,,resolved_loss,,,,
sig_80c77a73fcaa,WEYS,2026-05-14T13:59:14.711780+00:00,69,,expired,,,,
sig_8cb2381a572a,BWEN,2026-05-14T13:59:14.711780+00:00,69,,expired,,,,
sig_40d5dae19b44,GS,2026-05-14T13:59:14.711780+00:00,67,,expired,,,,
sig_bb9244d56122,JKS,2026-05-14T13:59:14.711780+00:00,67,,resolved_loss,,,,
sig_92e758de2c26,AES,2026-05-14T13:59:14.711780+00:00,67,,expired,,,,
sig_9c4857ac5a47,GOODN,2026-05-14T13:59:14.711780+00:00,67,,expired,,,,
sig_e6d02070184a,NHPBP,2026-05-14T13:59:14.711780+00:00,67,,expired,,,,
sig_5ebc7e548c13,EXEL,2026-05-14T13:59:14.711780+00:00,66,,expired,,,,
sig_dbb4ea65ae24,XOM,2026-05-14T13:59:14.711780+00:00,66,,expired,,,,
sig_9ba233e3c390,SM,2026-05-14T13:59:14.711780+00:00,66,,expired,,,,
sig_9edd053d2991,ERIC,2026-05-14T13:59:14.711780+00:00,66,,expired,,,,
sig_4659a195fba1,HLP,2026-05-14T13:59:14.711780+00:00,66,,resolved_loss,,,,
sig_d236b4457f0b,DHCNI,2026-05-14T13:59:14.711780+00:00,66,,expired,,,,
sig_2e11ea0f65a0,STRS,2026-05-14T13:59:14.711780+00:00,66,,resolved_loss,,,,
sig_d342dc4a3f3a,UTSI,2026-05-14T13:59:14.711780+00:00,66,,expired,,,,
sig_7a7f470a8317,IONS,2026-05-14T13:59:14.711780+00:00,64,,resolved_loss,,,,
sig_f6487066086c,APGE,2026-05-14T13:59:14.711780+00:00,64,,expired,,,,
sig_f9273d9decf8,PSNY,2026-05-14T13:59:14.711780+00:00,64,,resolved_loss,,,,
sig_a6ac0c11e824,CORZ,2026-05-14T13:59:14.711780+00:00,64,,expired,,,,
sig_bc22e658f580,COST,2026-05-14T13:59:14.711780+00:00,64,,expired,,,,
sig_43741d011a44,NVMI,2026-05-14T13:59:14.711780+00:00,64,,resolved_win,,,,
sig_6f2b998f9ea4,RMBS,2026-05-14T13:59:14.711780+00:00,64,,resolved_loss,,,,
sig_551800fb993a,ARWR,2026-05-14T13:59:14.711780+00:00,64,,resolved_loss,,,,
sig_5eb6e8912a61,IBRX,2026-05-14T13:59:14.711780+00:00,64,,resolved_loss,,,,
sig_bef20734cf74,PRAX,2026-05-14T13:59:14.711780+00:00,64,,resolved_loss,,,,
sig_9a1312b870fe,NUVL,2026-05-14T13:59:14.711780+00:00,64,,resolved_loss,,,,
sig_28cbe7515208,ATRO,2026-05-14T13:59:14.711780+00:00,64,,expired,,,,
sig_5397178dab90,OCC,2026-05-14T13:59:14.711780+00:00,64,,expired,,,,
sig_7df4ee1a6255,WWD,2026-05-14T13:59:14.711780+00:00,64,,resolved_loss,,,,
sig_b58a25a30aae,VLGEA,2026-05-14T13:59:14.711780+00:00,64,,expired,,,,
sig_5c0514a918ad,LAUR,2026-05-14T13:59:14.711780+00:00,64,,resolved_loss,,,,
sig_5b8e719145a8,REGCP,2026-05-14T13:59:14.711780+00:00,64,,expired,,,,
sig_18e491c754f1,PRDO,2026-05-14T13:59:14.711780+00:00,64,,resolved_loss,,,,
sig_16c44f2aaea8,MRVL,2026-05-14T13:59:14.711780+00:00,62,,expired,,,,
sig_acb21446e027,BA,2026-05-14T13:59:14.711780+00:00,62,,resolved_loss,,,,
sig_4c6441689291,PL,2026-05-14T13:59:14.711780+00:00,62,,resolved_win,,,,
sig_5c6ce876a05b,SATL,2026-05-14T13:59:14.711780+00:00,62,,resolved_win,,,,
sig_1f261a90835e,CIFR,2026-05-14T13:59:14.711780+00:00,62,,expired,,,,
sig_199a8fe8ea44,ABEO,2026-05-14T13:59:14.711780+00:00,62,,resolved_loss,,,,
sig_436c89ed8b68,ALAB,2026-05-14T13:59:14.711780+00:00,62,,expired,,,,
sig_d97a56351128,ASND,2026-05-14T13:59:14.711780+00:00,62,,expired,,,,
sig_8f3038f68221,IMVT,2026-05-14T13:59:14.711780+00:00,62,,resolved_loss,,,,
sig_c0c269074a60,PTGX,2026-05-14T13:59:14.711780+00:00,62,,expired,,,,
sig_45a612a0bd02,CGON,2026-05-14T13:59:14.711780+00:00,62,,resolved_loss,,,,
sig_27b2fac4cb45,CME,2026-05-14T13:59:14.711780+00:00,62,,expired,,,,
sig_1990dd2ccf82,NN,2026-05-14T13:59:14.711780+00:00,62,,expired,,,,
sig_cbea84989f43,LLYVK,2026-05-14T13:59:14.711780+00:00,62,,resolved_loss,,,,
sig_2ab5dc641777,PNRG,2026-05-14T13:59:14.711780+00:00,62,,expired,,,,
sig_a73d4fa93560,KLXE,2026-05-14T13:59:14.711780+00:00,62,,resolved_loss,,,,
sig_445ea436354b,ARKO,2026-05-14T13:59:14.711780+00:00,62,,resolved_loss,,,,
sig_47a7dddd4961,OTTR,2026-05-14T13:59:14.711780+00:00,62,,expired,,,,
sig_6d57c788824c,AMAT,2026-05-14T13:59:14.711780+00:00,60,,expired,,,,
sig_932fc66361ea,AOSL,2026-05-14T13:59:14.711780+00:00,60,,expired,,,,
sig_ff3c7fe1288c,PANW,2026-05-14T13:59:14.711780+00:00,60,,resolved_win,,,,
sig_7688ee8e5a63,ILMN,2026-05-14T13:59:14.711780+00:00,60,,resolved_loss,,,,
sig_352e5ccdd090,ALKS,2026-05-14T13:59:14.711780+00:00,60,,resolved_loss,,,,
sig_06e92d709e11,NTLA,2026-05-14T13:59:14.711780+00:00,60,,resolved_loss,,,,
sig_e859b8dfa62b,BEAM,2026-05-14T13:59:14.711780+00:00,60,,resolved_loss,,,,
sig_59147c3b6cfb,OSCR,2026-05-14T13:59:14.711780+00:00,60,,resolved_loss,,,,
sig_66333494ae1d,BEP,2026-05-14T13:59:14.711780+00:00,60,,resolved_loss,,,,
sig_f7568e151b2a,KO,2026-05-14T13:59:14.711780+00:00,60,,expired,,,,
sig_f49dd11c9ba1,ADAM,2026-05-14T13:59:14.711780+00:00,60,,expired,,,,
sig_e456a19e4cdc,AURA,2026-05-14T13:59:14.711780+00:00,60,,expired,,,,
sig_00fba14d932e,AKAM,2026-05-14T13:59:14.711780+00:00,60,,resolved_loss,,,,
sig_704fd3441245,MTSI,2026-05-14T13:59:14.711780+00:00,60,,expired,,,,
sig_8811c917a37c,ROIV,2026-05-14T13:59:14.711780+00:00,60,,expired,,,,
sig_31350adb31aa,MDGL,2026-05-14T13:59:14.711780+00:00,60,,resolved_win,,,,
sig_ed08dd13d265,SRRK,2026-05-14T13:59:14.711780+00:00,60,,expired,,,,
sig_bf3bdbff598a,LIVN,2026-05-14T13:59:14.711780+00:00,60,,resolved_loss,,,,
sig_083627390830,CENX,2026-05-14T13:59:14.711780+00:00,60,,expired,,,,
sig_aac8e4c97c54,SBRA,2026-05-14T13:59:14.711780+00:00,60,,expired,,,,
sig_533c2c33999b,STHO,2026-05-14T13:59:14.711780+00:00,60,,resolved_loss,,,,
sig_7de74a02db3b,VEON,2026-05-14T13:59:14.711780+00:00,60,,resolved_loss,,,,
sig_25d763eef2c8,NEXT,2026-05-14T13:59:14.711780+00:00,60,,resolved_win,,,,
sig_b1977fe14562,INCY,2026-05-14T13:59:14.711780+00:00,58,,resolved_loss,,,,
sig_3ebbb7e693f1,ARTV,2026-05-14T13:59:14.711780+00:00,58,,expired,,,,
sig_559567259a93,IREN,2026-05-14T13:59:14.711780+00:00,58,,expired,,,,
sig_59585b7907fb,SMTC,2026-05-14T13:59:14.711780+00:00,58,,expired,,,,
sig_84e6c610e0b4,RYTM,2026-05-14T13:59:14.711780+00:00,58,,resolved_loss,,,,
sig_ad9f217e0184,PRPO,2026-05-14T13:59:14.711780+00:00,58,,expired,,,,
sig_fa6e50a6a107,NESR,2026-05-14T13:59:14.711780+00:00,58,,resolved_loss,,,,
sig_65574babc935,EBAY,2026-05-14T13:59:14.711780+00:00,58,,expired,,,,
sig_e5cdbe677cc3,DGII,2026-05-14T13:59:14.711780+00:00,58,,resolved_loss,,,,
sig_08a8987e7f6c,FROG,2026-05-14T13:59:14.711780+00:00,56,,expired,,,,
sig_3ad34e7c3f5b,CI,2026-05-14T13:59:14.711780+00:00,56,,resolved_loss,,,,
sig_45443aec881c,TALK,2026-05-14T13:59:14.711780+00:00,56,,expired,,,,
sig_0ba5305c28f8,NVAX,2026-05-14T13:59:14.711780+00:00,56,,expired,,,,
sig_677d03deadc3,NAMS,2026-05-14T13:59:14.711780+00:00,56,,resolved_loss,,,,
sig_f8b817751bb1,MARPS,2026-05-14T13:59:14.711780+00:00,56,,resolved_loss,,,,
sig_c3d45f5034fd,PSX,2026-05-14T13:59:14.711780+00:00,55,,expired,,,,
sig_6103b15523a6,BLDP,2026-05-14T13:59:14.711780+00:00,55,,expired,,,,
sig_feb01877aa25,FLY,2026-05-14T13:59:14.711780+00:00,55,,resolved_win,,,,
sig_2693d654fbfe,AUTL,2026-05-14T13:59:14.711780+00:00,55,,resolved_loss,,,,
sig_b4a39c4e2f8d,VLYPP,2026-05-14T13:59:14.711780+00:00,55,,expired,,,,
sig_79e8acc7ba52,AGNCM,2026-05-14T13:59:14.711780+00:00,55,,expired,,,,
sig_72e57e01fe7c,ARRY,2026-05-14T13:59:14.711780+00:00,53,,resolved_loss,,,,
sig_c4f58f165c6f,SHLS,2026-05-14T13:59:14.711780+00:00,53,,expired,,,,
sig_fc074cc6598c,SBUX,2026-05-14T13:59:14.711780+00:00,53,,expired,,,,
sig_14fcbeef3a45,BRKR,2026-05-14T13:59:14.711780+00:00,53,,expired,,,,
sig_55eb9e06c535,CINF,2026-05-14T13:59:14.711780+00:00,53,,expired,,,,
sig_2320694d61c7,FOXA,2026-05-14T13:59:14.711780+00:00,53,,resolved_loss,,,,
sig_eb59e5c6a7b4,CHSCP,2026-05-14T13:59:14.711780+00:00,53,,expired,,,,
sig_a9d710bc6bcb,CHSCO,2026-05-14T13:59:14.711780+00:00,53,,expired,,,,
sig_e1a60c51dbd6,REGCO,2026-05-14T13:59:14.711780+00:00,53,,expired,,,,
sig_4d9da8a420af,VRTX,2026-05-14T13:59:14.711780+00:00,51,,resolved_loss,,,,
sig_03232aa57650,RDW,2026-05-14T13:59:14.711780+00:00,51,,resolved_win,,,,
sig_fbdf85352a8f,XNET,2026-05-14T13:59:14.711780+00:00,51,,expired,,,,
sig_a78d40d22d52,AMBA,2026-05-14T13:59:14.711780+00:00,51,,resolved_loss,,,,
sig_e97825a8d7a8,AFRI,2026-05-14T13:59:14.711780+00:00,51,,expired,,,,
sig_90a0a55a043e,ONC,2026-05-14T13:59:14.711780+00:00,51,,resolved_loss,,,,
sig_903b72a675b5,SLMBP,2026-05-14T13:59:14.711780+00:00,51,,expired,,,,
sig_6fcb5ccda0ea,VLYPO,2026-05-14T13:59:14.711780+00:00,51,,resolved_loss,,,,
sig_ae2623d8cca9,FOX,2026-05-14T13:59:14.711780+00:00,51,,resolved_loss,,,,
sig_9513d21c321f,KDP,2026-05-14T13:59:14.711780+00:00,51,,resolved_loss,,,,
sig_d2682e395fd8,WAFU,2026-05-14T13:59:14.711780+00:00,51,,resolved_loss,,,,
sig_04407dbf985c,SWKS,2026-05-14T13:59:14.711780+00:00,49,,resolved_loss,,,,
sig_673e5287e545,NTAP,2026-05-14T13:59:14.711780+00:00,49,,expired,,,,
sig_5c21403936a6,ARGX,2026-05-14T13:59:14.711780+00:00,49,,expired,,,,
sig_79968413ad14,FITBI,2026-05-14T13:59:14.711780+00:00,49,,expired,,,,
sig_3bfb8452dd36,IONR,2026-05-14T13:59:14.711780+00:00,49,,resolved_loss,,,,
sig_7761e2cb4acc,DSWL,2026-05-14T13:59:14.711780+00:00,49,,resolved_loss,,,,
sig_f2d50793d95b,HPK,2026-05-14T13:59:14.711780+00:00,49,,expired,,,,
sig_2f2f1f40e6b4,NBIX,2026-05-14T13:59:14.711780+00:00,47,,resolved_loss,,,,
sig_7439625c4a7a,PRU,2026-05-14T13:59:14.711780+00:00,47,,expired,,,,
sig_4807a9676d43,FSLR,2026-05-14T13:59:14.711780+00:00,47,,resolved_loss,,,,
sig_6506922da6de,HBANM,2026-05-14T13:59:14.711780+00:00,47,,expired,,,,
sig_415506d32b86,ONBPP,2026-05-14T13:59:14.711780+00:00,47,,expired,,,,
sig_b31c43cc930f,HSAI,2026-05-14T13:59:14.711780+00:00,47,,expired,,,,
sig_7b142864067b,VCYT,2026-05-14T13:59:14.711780+00:00,46,,expired,,,,
sig_9609c49f6c8f,AFRM,2026-05-14T13:59:14.711780+00:00,46,,resolved_win,,,,
sig_6fd1be7ce80b,MET,2026-05-14T13:59:14.711780+00:00,46,,expired,,,,
sig_b0e0a3ecde46,FIVN,2026-05-14T13:59:14.711780+00:00,46,,expired,,,,
sl_shortlist_20260515_2102.csv_CORZZ,CORZZ,2026-05-15 17:30,73,,resolved_loss,-1.2938,-35.9766,-1.2938,resolved_loss
sl_shortlist_20260515_2102.csv_CACC,CACC,2026-05-15 18:00,60,,resolved_win,2.0134,-0.4604,2.0134,resolved_win
sl_shortlist_20260515_2102.csv_VCTR,VCTR,2026-05-15 18:00,44,,resolved_loss,-0.7147,0.0914,-0.7147,resolved_loss
sl_shortlist_20260515_2102.csv_TCBI,TCBI,2026-05-15 17:45,36,,resolved_win,2.0113,3.3662,2.0113,resolved_win
sl_shortlist_20260515_2102.csv_SLM,SLM,2026-05-15 18:00,9,,resolved_win,2.3552,3.7061,2.3552,resolved_win
sl_shortlist_20260515_2102.csv_EBC,EBC,2026-05-15 17:45,35,,resolved_loss,-0.6757,2.4002,-0.6757,resolved_loss
sl_shortlist_20260515_2102.csv_BGC,BGC,2026-05-15 18:00,55,,resolved_loss,-0.8826,-1.4189,-0.8826,resolved_loss
sl_shortlist_20260515_2102.csv_IBOC,IBOC,2026-05-15 18:00,33,,resolved_win,1.6503,3.0951,1.6503,resolved_win
sl_shortlist_20260515_2102.csv_OXLCP,OXLCP,2026-05-14 15:30,38,,resolved_loss,-0.0941,-0.4933,-0.0941,resolved_loss
sl_shortlist_20260515_2102.csv_OXLCN,OXLCN,2026-05-15 14:00,51,,resolved_loss,-0.4777,-1.394,-0.4777,resolved_loss
sl_shortlist_20260515_2102.csv_OXLCZ,OXLCZ,2026-05-15 15:45,42,,resolved_win,0.4313,0.1486,0.4313,resolved_win
sl_shortlist_20260515_2102.csv_TFSL,TFSL,2026-05-15 18:00,56,,resolved_loss,-0.8855,2.9794,-0.8855,resolved_loss
sl_shortlist_20260515_2102.csv_OXLCL,OXLCL,2026-05-15 13:30,38,,resolved_win,2.4681,0.0823,2.4681,resolved_win
sl_shortlist_20260515_2102.csv_INDB,INDB,2026-05-15 18:00,33,,resolved_win,1.7558,3.6628,1.7558,resolved_win
sl_shortlist_20260515_2102.csv_OXLCO,OXLCO,2026-05-15 13:30,38,,expired_win,0.334,-0.1253,0.334,expired_win
sl_shortlist_20260515_2102.csv_INTR,INTR,2026-05-15 18:00,5,,resolved_loss,-1.9377,3.7911,-1.9377,resolved_loss
sl_shortlist_20260515_2102.csv_FULT,FULT,2026-05-15 18:00,33,,resolved_win,2.0092,3.8005,2.0092,resolved_win
sl_shortlist_20260515_2102.csv_BANF,BANF,2026-05-15 17:45,5,,resolved_loss,-0.8603,4.0864,-0.8603,resolved_loss
sl_shortlist_20260515_2102.csv_FIBK,FIBK,2026-05-15 18:00,36,,resolved_win,2.1838,4.0305,2.1838,resolved_win
sl_shortlist_20260515_2102.csv_NTRSO,NTRSO,2026-05-15 17:45,5,,resolved_loss,-0.2623,-1.8888,-0.2623,resolved_loss
sl_shortlist_20260515_2102.csv_CTAS,CTAS,2026-05-15 18:00,16,,resolved_win,2.7621,2.5013,2.7621,resolved_win
sl_shortlist_20260515_2102.csv_CSX,CSX,2026-05-15 18:00,58,,resolved_win,1.6196,-0.6765,1.6196,resolved_win
sl_shortlist_20260515_2102.csv_ELVR,ELVR,2026-05-15 17:45,29,,resolved_win,5.5548,22.8451,5.5548,resolved_win
sl_shortlist_20260515_2102.csv_TER,TER,2026-05-15 18:00,46,,resolved_loss,-1.8814,4.3114,-1.8814,resolved_loss
sl_shortlist_20260515_2102.csv_BRKRP,BRKRP,2026-05-15 17:30,44,,resolved_loss,-1.5753,3.1596,-1.5753,resolved_loss
sl_shortlist_20260515_2102.csv_ODFL,ODFL,2026-05-15 18:00,53,,resolved_win,3.8115,4.3893,3.8115,resolved_win
sl_shortlist_20260515_2102.csv_AXON,AXON,2026-05-15 18:00,26,,resolved_loss,-2.1939,-3.9849,-2.1939,resolved_loss
sl_shortlist_20260515_2102.csv_ESLT,ESLT,2026-05-15 17:45,31,,resolved_win,3.4516,2.6813,3.4516,resolved_win
sl_shortlist_20260515_2102.csv_PAYX,PAYX,2026-05-15 18:00,15,,resolved_win,2.9776,6.185,2.9776,resolved_win
sl_shortlist_20260515_2102.csv_SYM,SYM,2026-05-15 18:00,11,,resolved_loss,-1.9748,13.5084,-1.9748,resolved_loss
sl_shortlist_20260515_2102.csv_FTAI,FTAI,2026-05-15 18:00,31,,resolved_loss,-2.0728,4.3682,-2.0728,resolved_loss
sl_shortlist_20260515_2102.csv_STLD,STLD,2026-05-15 18:00,49,,resolved_loss,-1.0579,4.9311,-1.0579,resolved_loss
sl_shortlist_20260515_2102.csv_VRSK,VRSK,2026-05-15 18:00,11,,resolved_win,3.6031,5.8423,3.6031,resolved_win
sl_shortlist_20260515_2102.csv_FOXA,FOXA,2026-05-15 18:00,40,,resolved_win,1.8134,-0.837,1.8134,resolved_win
sl_shortlist_20260515_2102.csv_RGLD,RGLD,2026-05-15 18:00,35,,resolved_loss,-1.3105,-4.2488,-1.3105,resolved_loss
sl_shortlist_20260515_2102.csv_FWONK,FWONK,2026-05-15 18:00,24,,resolved_win,1.8985,-2.2517,1.8985,resolved_win
sl_shortlist_20260515_2102.csv_CHRW,CHRW,2026-05-15 18:00,36,,resolved_win,5.2048,6.9513,5.2048,resolved_win
sl_shortlist_20260515_2102.csv_FOX,FOX,2026-05-15 18:00,40,,resolved_win,1.8027,-0.78,1.8027,resolved_win
sl_shortlist_20260515_2102.csv_JBHT,JBHT,2026-05-15 18:00,66,,resolved_loss,-1.3702,-1.2366,-1.3702,resolved_loss
sl_shortlist_20260515_2102.csv_FWONA,FWONA,2026-05-15 18:00,22,,resolved_win,1.4156,-0.8953,1.4156,resolved_win
sl_shortlist_20260515_2102.csv_ENTG,ENTG,2026-05-15 18:00,35,,resolved_loss,-1.7121,0.9213,-1.7121,resolved_loss
sl_shortlist_20260515_2102.csv_NXT,NXT,2026-05-15 18:00,75,,resolved_loss,-1.9147,-10.1178,-1.9147,resolved_loss
sl_shortlist_20260515_2102.csv_NDSN,NDSN,2026-05-15 18:00,33,,resolved_loss,-0.7407,5.2651,-0.7407,resolved_loss
sl_shortlist_20260515_2102.csv_TRMB,TRMB,2026-05-15 18:00,4,,resolved_loss,-1.0688,2.0652,-1.0688,resolved_loss
sl_shortlist_20260515_2102.csv_LECO,LECO,2026-05-15 18:00,33,,resolved_loss,-0.8038,1.0724,-0.8038,resolved_loss
sl_shortlist_20260515_2102.csv_STRL,STRL,2026-05-15 18:00,44,,resolved_loss,-1.3817,-12.999,-1.3817,resolved_loss
sl_shortlist_20260515_2102.csv_AVAV,AVAV,2026-05-15 18:00,7,,resolved_win,4.2059,10.0284,4.2059,resolved_win
sl_shortlist_20260515_2102.csv_ZBRA,ZBRA,2026-05-15 18:00,62,,resolved_loss,-1.0656,-1.1198,-1.0656,resolved_loss
sl_shortlist_20260515_2102.csv_SOLS,SOLS,2026-05-15 18:00,42,,resolved_loss,-1.0761,-4.4478,-1.0761,resolved_loss
sl_shortlist_20260515_2102.csv_PSKY,PSKY,2026-05-15 18:00,9,,resolved_loss,-1.4014,4.7047,-1.4014,resolved_loss
sig_11dcd82eb213,NHPAP,2026-05-18T15:09:38.386986+00:00,75,,new,,,,
sig_68c2ee8c007a,WAVE,2026-05-18T15:09:38.386986+00:00,67,,new,,,,
sig_90fc388f7580,DAIO,2026-05-18T15:09:38.386986+00:00,66,,new,,,,
sig_642512410416,BWEN,2026-05-18T15:09:38.386986+00:00,66,,resolved_loss,,,,
sig_4211f8bbcb7f,DAL,2026-05-18T15:09:38.386986+00:00,62,,resolved_loss,,,,
sig_b84eb0bd42d7,SBUX,2026-05-18T15:09:38.386986+00:00,62,,resolved_loss,,,,
sig_0ea47b9b4de4,SWBI,2026-05-18T15:09:38.386986+00:00,62,,resolved_loss,,,,
sig_b1fb733e1dcb,WFRD,2026-05-18T15:09:38.386986+00:00,62,,resolved_loss,,,,
sig_ab3453108fc4,SBRA,2026-05-18T15:09:38.386986+00:00,62,,new,,,,
sig_569aac1b7a26,CDZIP,2026-05-18T15:09:38.386986+00:00,62,,new,,,,
sig_015ef5506ae2,MAMA,2026-05-18T15:09:38.386986+00:00,60,,new,,,,
sig_d3428c3b457e,PFAI,2026-05-18T15:09:38.386986+00:00,60,,new,,,,
sig_b60f95c83059,POWWP,2026-05-18T15:09:38.386986+00:00,58,,new,,,,
sig_c9ad00ac49c3,EBAY,2026-05-18T15:09:38.386986+00:00,58,,resolved_loss,,,,
sig_30a1027ac464,UTSI,2026-05-18T15:09:38.386986+00:00,56,,resolved_loss,,,,
sig_e0bcd3e9f469,SIDU,2026-05-18T15:09:38.386986+00:00,55,,new,,,,
sig_97e5e6bcd5cb,SCHW,2026-05-18T15:09:38.386986+00:00,51,,resolved_loss,,,,
sig_bfcfbfc41bde,FWONK,2026-05-18T15:09:38.386986+00:00,51,,resolved_loss,,,,
sig_7c81850139e3,REGCO,2026-05-18T15:09:38.386986+00:00,51,,resolved_loss,,,,
sig_b4a01fedacaf,FWONA,2026-05-18T15:09:38.386986+00:00,49,,resolved_loss,,,,
sig_598b7d893e45,SKK,2026-05-18T15:09:38.386986+00:00,49,,new,,,,
sig_719fe6eff5ce,PPSI,2026-05-18T15:09:38.386986+00:00,46,,new,,,,
sig_27c1194183d3,HYLN,2026-05-19T13:57:49.491588+00:00,80,,resolved_loss,,,,
sig_d6419ed8485c,AUTL,2026-05-19T13:57:49.491588+00:00,80,,resolved_loss,,,,
sig_44d8fa5e6518,SEDG,2026-05-19T13:57:49.491588+00:00,78,,resolved_loss,,,,
sig_c46674fdd0a5,ERIC,2026-05-19T13:57:49.491588+00:00,78,,resolved_loss,,,,
sig_752c422c3ab9,SFWL,2026-05-19T13:57:49.491588+00:00,78,,resolved_loss,,,,
sig_0f7f423ce880,RDW,2026-05-19T13:57:49.491588+00:00,77,,resolved_loss,,,,
sig_b214838f5e60,HIVE,2026-05-19T13:57:49.491588+00:00,77,,resolved_loss,,,,
sig_ec25389a7ae3,SATS,2026-05-19T13:57:49.491588+00:00,75,,resolved_loss,,,,
sig_b230512fd7d9,MASI,2026-05-19T13:57:49.491588+00:00,75,,new,,,,
sig_0b1847922301,HTLD,2026-05-19T13:57:49.491588+00:00,75,,resolved_win,,,,
sig_a88bc88760ed,MCW,2026-05-19T13:57:49.491588+00:00,75,,new,,,,
sig_a38c6998141f,VSAT,2026-05-19T13:57:49.491588+00:00,73,,resolved_loss,,,,
sig_6b4b9f9a1579,COST,2026-05-19T13:57:49.491588+00:00,73,,resolved_win,,,,
sig_6da79a739768,HUHU,2026-05-19T13:57:49.491588+00:00,73,,new,,,,
sig_c1899203b0cf,ATAI,2026-05-19T13:57:49.491588+00:00,71,,resolved_loss,,,,
sig_b3503b609e57,CME,2026-05-19T13:57:49.491588+00:00,71,,resolved_loss,,,,
sig_910ca8dd6262,WEYS,2026-05-19T13:57:49.491588+00:00,71,,new,,,,
sig_bf3063ba1e53,ASTS,2026-05-19T13:57:49.491588+00:00,69,,resolved_loss,,,,
sig_2948cfa630fb,BKSY,2026-05-19T13:57:49.491588+00:00,69,,resolved_loss,,,,
sig_e1d7370ff0f2,SATL,2026-05-19T13:57:49.491588+00:00,69,,resolved_loss,,,,
sig_dbf497d7c44f,CACC,2026-05-19T13:57:49.491588+00:00,69,,resolved_loss,,,,
sig_22613e0c7e7b,JBHT,2026-05-19T13:57:49.491588+00:00,69,,resolved_loss,,,,
sig_81027092bfc5,TSAT,2026-05-19T13:57:49.491588+00:00,69,,resolved_loss,,,,
sig_2f888ad2c5b5,KGEI,2026-05-19T13:57:49.491588+00:00,69,,new,,,,
sig_2cea4c1ac31e,XOM,2026-05-19T13:57:49.491588+00:00,67,,new,,,,
sig_2330cb2a2fea,TFSL,2026-05-19T13:57:49.491588+00:00,67,,resolved_loss,,,,
sig_79cefb18814d,ADUR,2026-05-19T13:57:49.491588+00:00,67,,resolved_loss,,,,
sig_9431985660e5,ACHV,2026-05-19T13:57:49.491588+00:00,66,,resolved_loss,,,,
sig_1da032717f6f,CHRD,2026-05-19T13:57:49.491588+00:00,66,,new,,,,
sig_7197dd0c1b97,SM,2026-05-19T13:57:49.491588+00:00,66,,resolved_win,,,,
sig_ae57da61e580,AES,2026-05-19T13:57:49.491588+00:00,66,,resolved_loss,,,,
sig_98bbd0a74e57,ACDC,2026-05-19T13:57:49.491588+00:00,66,,new,,,,
sig_9356f26fd598,BPYPN,2026-05-19T13:57:49.491588+00:00,66,,new,,,,
sig_7b4b16a4121d,VIASP,2026-05-19T13:57:49.491588+00:00,66,,new,,,,
sig_ba74caf16ebf,AIG,2026-05-19T13:57:49.491588+00:00,64,,resolved_loss,,,,
sig_d097bfac8720,COP,2026-05-19T13:57:49.491588+00:00,64,,new,,,,
sig_d32ab33c3dda,OXY,2026-05-19T13:57:49.491588+00:00,64,,new,,,,
sig_ab0746644723,PSX,2026-05-19T13:57:49.491588+00:00,64,,new,,,,
sig_415318f0b8d0,DVN,2026-05-19T13:57:49.491588+00:00,64,,resolved_loss,,,,
sig_350d3ac01bb3,FANG,2026-05-19T13:57:49.491588+00:00,64,,new,,,,
sig_d62e0bc93fb3,RRC,2026-05-19T13:57:49.491588+00:00,64,,new,,,,
sig_d4b751cfb59e,IRDM,2026-05-19T13:57:49.491588+00:00,64,,resolved_loss,,,,
sig_60b91117a430,GREE,2026-05-19T13:57:49.491588+00:00,64,,resolved_loss,,,,
sig_a3127cfe2567,WMT,2026-05-19T13:57:49.491588+00:00,64,,new,,,,
sig_35fb5c9854fb,DRS,2026-05-19T13:57:49.491588+00:00,64,,resolved_loss,,,,
sig_6d9b6867bb20,ATRO,2026-05-19T13:57:49.491588+00:00,64,,resolved_loss,,,,
sig_381d52ecd750,PSMT,2026-05-19T13:57:49.491588+00:00,64,,new,,,,
sig_72a97a885f7f,VNOM,2026-05-19T13:57:49.491588+00:00,64,,resolved_loss,,,,
sig_2d9c4fdb63a4,LAUR,2026-05-19T13:57:49.491588+00:00,64,,resolved_loss,,,,
sig_fa91452cde78,ALL,2026-05-19T13:57:49.491588+00:00,62,,resolved_win,,,,
sig_db255d5716c8,EOG,2026-05-19T13:57:49.491588+00:00,62,,new,,,,
sig_969cacc9b453,VLO,2026-05-19T13:57:49.491588+00:00,62,,new,,,,
sig_a8110d10eceb,HAL,2026-05-19T13:57:49.491588+00:00,62,,new,,,,
sig_ff5818c50a66,AR,2026-05-19T13:57:49.491588+00:00,62,,new,,,,
sig_53479963fe36,BLDP,2026-05-19T13:57:49.491588+00:00,62,,resolved_loss,,,,
sig_e568f68b73eb,PL,2026-05-19T13:57:49.491588+00:00,62,,resolved_loss,,,,
sig_a8c99fd58a7e,MO,2026-05-19T13:57:49.491588+00:00,62,,new,,,,
sig_aeb0858b68eb,MDGL,2026-05-19T13:57:49.491588+00:00,62,,resolved_loss,,,,
sig_d325bc52c445,WERN,2026-05-19T13:57:49.491588+00:00,62,,resolved_loss,,,,
sig_a81bd7b2ce14,MRTN,2026-05-19T13:57:49.491588+00:00,62,,resolved_loss,,,,
sig_223891b5292f,PTEN,2026-05-19T13:57:49.491588+00:00,62,,resolved_loss,,,,
sig_eb312b96a081,SENEA,2026-05-19T13:57:49.491588+00:00,62,,new,,,,
sig_3a070db6ce98,BAOS,2026-05-19T13:57:49.491588+00:00,62,,resolved_loss,,,,
sig_cdf446a6bdff,CRWD,2026-05-19T13:57:49.491588+00:00,60,,new,,,,
sig_00834536b781,CVX,2026-05-19T13:57:49.491588+00:00,60,,resolved_loss,,,,
sig_a8cb24e6e03a,MPC,2026-05-19T13:57:49.491588+00:00,60,,resolved_loss,,,,
sig_4669f17d576f,ENPH,2026-05-19T13:57:49.491588+00:00,60,,resolved_loss,,,,
sig_036213df5a14,KO,2026-05-19T13:57:49.491588+00:00,60,,resolved_win,,,,
sig_32d22cdaffa5,UNP,2026-05-19T13:57:49.491588+00:00,60,,resolved_loss,,,,
sig_21cf76994050,MTCH,2026-05-19T13:57:49.491588+00:00,60,,resolved_loss,,,,
sig_c6d8c5d5b6a1,BGC,2026-05-19T13:57:49.491588+00:00,60,,new,,,,
sig_3b17c0e8ced6,ZBRA,2026-05-19T13:57:49.491588+00:00,60,,resolved_loss,,,,
sig_df3e28c8b67c,OUST,2026-05-19T13:57:49.491588+00:00,60,,resolved_loss,,,,
sig_524a4e890a89,PSIG,2026-05-19T13:57:49.491588+00:00,60,,new,,,,
sig_163b4d748801,CENT,2026-05-19T13:57:49.491588+00:00,60,,resolved_loss,,,,
sig_e8a62986097c,PAA,2026-05-19T13:57:49.491588+00:00,60,,resolved_win,,,,
sig_acce4e91c70a,DMLP,2026-05-19T13:57:49.491588+00:00,60,,resolved_win,,,,
sig_0a8cb221e393,NHPBP,2026-05-19T13:57:49.491588+00:00,60,,new,,,,
sig_e2629946e184,OSCR,2026-05-19T13:57:49.491588+00:00,58,,resolved_loss,,,,
sig_6501ae3910e3,FCEL,2026-05-19T13:57:49.491588+00:00,58,,resolved_loss,,,,
sig_886f601d5966,LUNR,2026-05-19T13:57:49.491588+00:00,58,,resolved_loss,,,,
sig_c078392ddfaf,HUT,2026-05-19T13:57:49.491588+00:00,58,,resolved_loss,,,,
sig_725d95131c0c,AIP,2026-05-19T13:57:49.491588+00:00,58,,resolved_loss,,,,
sig_62cfc2f68948,AFCG,2026-05-19T13:57:49.491588+00:00,58,,new,,,,
sig_52720f43adc4,NBIS,2026-05-19T13:57:49.491588+00:00,58,,resolved_loss,,,,
sig_fb5f64d6ca7c,TSEM,2026-05-19T13:57:49.491588+00:00,58,,resolved_loss,,,,
sig_de1ec6774b6a,SMTC,2026-05-19T13:57:49.491588+00:00,58,,resolved_loss,,,,
sig_7d2361e9176f,NXT,2026-05-19T13:57:49.491588+00:00,58,,resolved_loss,,,,
sig_bfe0c0f9aa8d,TRNS,2026-05-19T13:57:49.491588+00:00,58,,resolved_loss,,,,
sig_fbfc4b69b2cf,PAGP,2026-05-19T13:57:49.491588+00:00,58,,resolved_win,,,,
sig_b965162768a8,EPSN,2026-05-19T13:57:49.491588+00:00,58,,new,,,,
sig_166ef4c39751,DWSN,2026-05-19T13:57:49.491588+00:00,58,,resolved_loss,,,,
sig_5fa173beaa6b,VLGEA,2026-05-19T13:57:49.491588+00:00,58,,resolved_win,,,,
sig_111e99765fb7,MU,2026-05-19T13:57:49.491588+00:00,56,,resolved_loss,,,,
sig_49410b263641,OKTA,2026-05-19T13:57:49.491588+00:00,56,,resolved_loss,,,,
sig_e5eb552d0e4e,ACGL,2026-05-19T13:57:49.491588+00:00,56,,resolved_win,,,,
sig_703627b33885,AEBI,2026-05-19T13:57:49.491588+00:00,56,,resolved_loss,,,,
sig_d4e894592738,NAMS,2026-05-19T13:57:49.491588+00:00,56,,resolved_loss,,,,
sig_58a811d012ae,LNTH,2026-05-19T13:57:49.491588+00:00,56,,new,,,,
sig_237cb5ff8e37,FLEX,2026-05-19T13:57:49.491588+00:00,56,,resolved_loss,,,,
sig_6821dd917c08,STRL,2026-05-19T13:57:49.491588+00:00,56,,resolved_loss,,,,
sig_efccf07b41c2,FTAIN,2026-05-19T13:57:49.491588+00:00,56,,resolved_loss,,,,
sig_98cd5fcb708c,ARTW,2026-05-19T13:57:49.491588+00:00,56,,new,,,,
sig_09d687485980,VCYT,2026-05-19T13:57:49.491588+00:00,55,,new,,,,
sig_b62ed5fe61e3,VNET,2026-05-19T13:57:49.491588+00:00,55,,resolved_loss,,,,
sig_1cd934b0e44d,MET,2026-05-19T13:57:49.491588+00:00,55,,new,,,,
sig_ff5a64b792f0,FLY,2026-05-19T13:57:49.491588+00:00,55,,resolved_loss,,,,
sig_6085d235828b,TPVG,2026-05-19T13:57:49.491588+00:00,55,,resolved_loss,,,,
sig_450c50ffd102,BIDU,2026-05-19T13:57:49.491588+00:00,55,,new,,,,
sig_b52f7f068e84,ZM,2026-05-19T13:57:49.491588+00:00,55,,resolved_loss,,,,
sig_a4a352f7a08b,MTSI,2026-05-19T13:57:49.491588+00:00,55,,resolved_loss,,,,
sig_d321def0fcbf,DBX,2026-05-19T13:57:49.491588+00:00,55,,resolved_loss,,,,
sig_bac7d297d4a6,OXLCL,2026-05-19T13:57:49.491588+00:00,55,,new,,,,
sig_5b53404aa292,AGNCN,2026-05-19T13:57:49.491588+00:00,55,,new,,,,
sig_c61133586db8,QRVO,2026-05-19T13:57:49.491588+00:00,53,,new,,,,
sig_1f52a5a88def,V,2026-05-19T13:57:49.491588+00:00,53,,resolved_loss,,,,
sig_afe97ee17004,HIG,2026-05-19T13:57:49.491588+00:00,53,,resolved_loss,,,,
sig_c39d943f0716,NVAX,2026-05-19T13:57:49.491588+00:00,53,,new,,,,
sig_b4278379d613,NDAQ,2026-05-19T13:57:49.491588+00:00,53,,resolved_loss,,,,
sig_a582e0a6ca7b,OXLCN,2026-05-19T13:57:49.491588+00:00,53,,new,,,,
sig_9bd89b63bddf,FOXA,2026-05-19T13:57:49.491588+00:00,53,,resolved_loss,,,,
sig_fa7a1b31d4e7,ESOA,2026-05-19T13:57:49.491588+00:00,53,,new,,,,
sig_f6303bec150b,GOODN,2026-05-19T13:57:49.491588+00:00,53,,new,,,,
sig_19a5cc561d10,VEON,2026-05-19T13:57:49.491588+00:00,53,,new,,,,
sig_f506aad9134d,LBTYK,2026-05-19T13:57:49.491588+00:00,53,,new,,,,
sig_2bf01a9fd046,SWKS,2026-05-19T13:57:49.491588+00:00,51,,new,,,,
sig_4c35c055ee83,GD,2026-05-19T13:57:49.491588+00:00,51,,resolved_loss,,,,
sig_93a704e587ba,BTDR,2026-05-19T13:57:49.491588+00:00,51,,resolved_loss,,,,
sig_ffbff0a6b7e8,APP,2026-05-19T13:57:49.491588+00:00,51,,resolved_loss,,,,
sig_c1159eb281ca,FOX,2026-05-19T13:57:49.491588+00:00,51,,resolved_loss,,,,
sig_906810a04df2,HPK,2026-05-19T13:57:49.491588+00:00,51,,resolved_win,,,,
sig_551997f832a2,BRID,2026-05-19T13:57:49.491588+00:00,51,,new,,,,
sig_a1c1900d2eda,STRA,2026-05-19T13:57:49.491588+00:00,51,,resolved_loss,,,,
sig_433c606c4fdb,MDB,2026-05-19T13:57:49.491588+00:00,49,,new,,,,
sig_d5adfdf474cf,SIGI,2026-05-19T13:57:49.491588+00:00,49,,resolved_loss,,,,
sig_0dfd676b6b69,S,2026-05-19T13:57:49.491588+00:00,49,,new,,,,
sig_7dddc117cea4,SI,2026-05-19T13:57:49.491588+00:00,49,,resolved_loss,,,,
sig_2ea7b24097ed,CINF,2026-05-19T13:57:49.491588+00:00,49,,new,,,,
sig_bb7807235958,PCT,2026-05-19T13:57:49.491588+00:00,49,,resolved_loss,,,,
sig_887f8ffbe6aa,LOOP,2026-05-19T13:57:49.491588+00:00,49,,resolved_loss,,,,
sig_186c43f03da2,AMPG,2026-05-19T13:57:49.491588+00:00,49,,resolved_loss,,,,
sig_8035780f1b6e,PANW,2026-05-19T13:57:49.491588+00:00,47,,resolved_loss,,,,
sig_7717851b7bd6,AFL,2026-05-19T13:57:49.491588+00:00,47,,new,,,,
sig_875040310f3b,HBANM,2026-05-19T13:57:49.491588+00:00,46,,resolved_loss,,,,
sig_332f57c07d2d,F,2026-05-19T13:57:49.491588+00:00,44,,resolved_loss,,,,
sig_9c6a54293686,ADV,2026-05-19T13:57:49.491588+00:00,44,,new,,,,
sig_476ad1ebe29e,JD,2026-05-19T13:57:49.491588+00:00,42,,resolved_win,,,,
sl_shortlist_20260520_2157.csv_TXN,TXN,2026-05-20 18:45,47,,resolved_loss,-0.9585,4.8946,-0.9585,resolved_loss
sl_shortlist_20260520_2157.csv_KLAC,KLAC,2026-05-20 18:45,56,,resolved_loss,-1.3364,-89.3722,-1.3364,resolved_loss
sl_shortlist_20260520_2157.csv_ADI,ADI,2026-05-20 18:45,62,,resolved_loss,-2.2555,6.5589,-2.2555,resolved_loss
sl_shortlist_20260520_2157.csv_SHOP,SHOP,2026-05-20 18:45,18,,resolved_loss,-1.5178,9.8034,-1.5178,resolved_loss
sl_shortlist_20260520_2157.csv_QCOM,QCOM,2026-05-20 18:45,56,,resolved_win,5.0403,19.8965,5.0403,resolved_win
sl_shortlist_20260520_2157.csv_PDD,PDD,2026-05-20 18:45,18,,resolved_loss,-0.8373,-15.215,-0.8373,resolved_loss
sl_shortlist_20260520_2157.csv_APP,APP,2026-05-20 18:45,40,,resolved_win,4.8124,25.0292,4.8124,resolved_win
sl_shortlist_20260520_2157.csv_ARM,ARM,2026-05-20 18:45,77,,resolved_win,5.4175,32.6751,5.4175,resolved_win
sl_shortlist_20260520_2157.csv_PANW,PANW,2026-05-20 18:45,47,,resolved_loss,-0.9886,4.4407,-0.9886,resolved_loss
sl_shortlist_20260520_2157.csv_ADBE,ADBE,2026-05-20 18:45,26,,resolved_loss,-1.2866,-4.122,-1.2866,resolved_loss
sl_shortlist_20260520_2157.csv_INTU,INTU,2026-05-20 18:45,11,,resolved_loss,-1.6584,-18.64,-1.6584,resolved_loss
sl_shortlist_20260520_2157.csv_CRWD,CRWD,2026-05-20 18:45,53,,resolved_win,3.0947,4.1925,3.0947,resolved_win
sl_shortlist_20260520_2157.csv_WDC,WDC,2026-05-20 18:45,51,,resolved_win,5.2092,15.5996,5.2092,resolved_win
sl_shortlist_20260520_2157.csv_SNDK,SNDK,2026-05-20 18:45,55,,resolved_win,7.1129,17.6689,7.1129,resolved_win
sl_shortlist_20260520_2157.csv_STX,STX,2026-05-20 18:45,55,,resolved_win,5.2396,17.0921,5.2396,resolved_win
sl_shortlist_20260520_2157.csv_SNPS,SNPS,2026-05-20 18:45,40,,resolved_win,2.8967,-1.8491,2.8967,resolved_win
sl_shortlist_20260520_2157.csv_CDNS,CDNS,2026-05-20 18:45,55,,resolved_win,2.7627,7.5889,2.7627,resolved_win
sl_shortlist_20260520_2157.csv_DASH,DASH,2026-05-20 18:45,20,,resolved_loss,-1.7329,-1.9706,-1.7329,resolved_loss
sl_shortlist_20260520_2157.csv_NTES,NTES,2026-05-20 18:45,29,,resolved_loss,-0.6771,5.6762,-0.6771,resolved_loss
sl_shortlist_20260520_2157.csv_MRVL,MRVL,2026-05-20 18:45,56,,resolved_win,5.4789,11.3328,5.4789,resolved_win
sl_shortlist_20260520_2157.csv_FTNT,FTNT,2026-05-20 18:45,47,,resolved_loss,-0.7549,0.9417,-0.7549,resolved_loss
sl_shortlist_20260520_2157.csv_NXPI,NXPI,2026-05-20 18:45,47,,resolved_loss,-1.0782,7.2617,-1.0782,resolved_loss
sl_shortlist_20260520_2157.csv_MPWR,MPWR,2026-05-20 18:45,55,,resolved_win,3.6714,6.313,3.6714,resolved_win
sl_shortlist_20260520_2157.csv_FER,FER,2026-05-20 18:45,42,,resolved_win,1.9929,1.5764,1.9929,resolved_win
sl_shortlist_20260520_2157.csv_ADSK,ADSK,2026-05-20 18:45,26,,resolved_loss,-1.3096,-0.3,-1.3096,resolved_loss
sl_shortlist_20260520_2157.csv_BIDU,BIDU,2026-05-20 18:45,49,,resolved_loss,-1.0882,-2.2431,-1.0882,resolved_loss
sl_shortlist_20260520_2157.csv_CRWV,CRWV,2026-05-20 18:45,35,,resolved_win,6.268,5.9804,6.268,resolved_win
sl_shortlist_20260520_2157.csv_MCHP,MCHP,2026-05-20 18:45,56,,resolved_loss,-1.489,2.8816,-1.489,resolved_loss
sl_shortlist_20260520_2157.csv_DDOG,DDOG,2026-05-20 18:45,44,,resolved_win,3.5402,6.4612,3.5402,resolved_win
sl_shortlist_20260520_2157.csv_ERIC,ERIC,2026-05-20 18:45,60,,resolved_win,1.8126,-1.7354,1.8126,resolved_win
sl_shortlist_20260520_2157.csv_MSTR,MSTR,2026-05-20 18:45,18,,resolved_loss,-1.9487,-8.6534,-1.9487,resolved_loss
sl_shortlist_20260520_2157.csv_MCHPP,MCHPP,2026-05-20 18:15,58,,resolved_loss,-1.0521,1.7486,-1.0521,resolved_loss
sl_shortlist_20260520_2157.csv_WDAY,WDAY,2026-05-20 18:45,15,,resolved_loss,-1.7788,3.2399,-1.7788,resolved_loss
sl_shortlist_20260520_2157.csv_ROP,ROP,2026-05-20 18:45,9,,resolved_loss,-1.1587,-0.671,-1.1587,resolved_loss
sl_shortlist_20260520_2157.csv_CTSH,CTSH,2026-05-20 18:45,33,,resolved_loss,-1.2653,5.64,-1.2653,resolved_loss
sl_shortlist_20260520_2157.csv_STRF,STRF,2026-05-20 18:45,44,,resolved_win,0.5677,0.0797,0.5677,resolved_win
sl_shortlist_20260520_2157.csv_STRC,STRC,2026-05-20 18:45,49,,resolved_loss,-0.1916,-0.585,-0.1916,resolved_loss
sl_shortlist_20260520_2157.csv_MDB,MDB,2026-05-20 18:45,38,,resolved_loss,-1.2743,0.4844,-1.2743,resolved_loss
sl_shortlist_20260520_2157.csv_ON,ON,2026-05-20 18:45,49,,resolved_loss,-1.7528,13.2854,-1.7528,resolved_loss
sl_shortlist_20260520_2157.csv_ZM,ZM,2026-05-20 18:45,56,,resolved_loss,-1.3675,1.7626,-1.3675,resolved_loss
sl_shortlist_20260520_2157.csv_FSLR,FSLR,2026-05-20 18:45,46,,resolved_win,3.884,28.78,3.884,resolved_win
sl_shortlist_20260520_2157.csv_GFS,GFS,2026-05-20 18:45,56,,resolved_win,4.5179,15.0953,4.5179,resolved_win
sl_shortlist_20260520_2157.csv_ZS,ZS,2026-05-20 18:45,24,,resolved_loss,-1.1401,-25.1224,-1.1401,resolved_loss
sl_shortlist_20260520_2157.csv_FLEX,FLEX,2026-05-20 18:45,55,,resolved_loss,-1.5323,10.5748,-1.5323,resolved_loss
sl_shortlist_20260520_2157.csv_NBIS,NBIS,2026-05-20 18:45,47,,resolved_win,6.6524,18.0945,6.6524,resolved_win
sl_shortlist_20260520_2157.csv_STRK,STRK,2026-05-20 18:45,7,,resolved_loss,-0.5532,-1.3896,-0.5532,resolved_loss
sl_shortlist_20260520_2157.csv_CRDO,CRDO,2026-05-20 18:45,55,,resolved_win,7.9244,23.5621,7.9244,resolved_win
sl_shortlist_20260520_2157.csv_STRD,STRD,2026-05-20 18:45,5,,resolved_loss,-0.9524,-1.2245,-0.9524,resolved_loss
sl_shortlist_20260520_2157.csv_ALAB,ALAB,2026-05-20 18:45,69,,resolved_win,6.5851,23.6258,6.5851,resolved_win
sl_shortlist_20260520_2157.csv_NTAP,NTAP,2026-05-20 18:45,36,,resolved_win,2.2198,18.835,2.2198,resolved_win
sl_shortlist_20260521_1253.csv_CORZZ,CORZZ,2026-05-20 19:00,16,,resolved_loss,-2.1102,-33.9363,-2.1102,resolved_loss
sl_shortlist_20260521_1253.csv_CACC,CACC,2026-05-20 19:45,60,,resolved_loss,-0.6092,0.4157,-0.6092,resolved_loss
sl_shortlist_20260521_1253.csv_VCTR,VCTR,2026-05-20 19:45,51,,resolved_win,3.0129,1.1629,3.0129,resolved_win
sl_shortlist_20260521_1253.csv_TCBI,TCBI,2026-05-20 19:45,55,,resolved_loss,-0.6887,0.8098,-0.6887,resolved_loss
sl_shortlist_20260521_1253.csv_SLM,SLM,2026-05-20 19:45,16,,resolved_loss,-1.1807,-1.2333,-1.1807,resolved_loss
sl_shortlist_20260521_1253.csv_EBC,EBC,2026-05-20 19:45,62,,resolved_loss,-0.8573,-0.7967,-0.8573,resolved_loss
sl_shortlist_20260521_1253.csv_BGC,BGC,2026-05-20 19:45,47,,resolved_loss,-0.9804,-6.5954,-0.9804,resolved_loss
sl_shortlist_20260521_1253.csv_IBOC,IBOC,2026-05-20 19:45,56,,resolved_loss,-0.6769,0.0276,-0.6769,resolved_loss
sl_shortlist_20260521_1253.csv_OXLCP,OXLCP,2026-05-20 15:00,40,,resolved_loss,-0.1998,-0.151,-0.1998,resolved_loss
sl_shortlist_20260521_1253.csv_OXLCN,OXLCN,2026-05-20 17:45,53,,expired_win,0.6514,0.191,0.6514,expired_win
sl_shortlist_20260521_1253.csv_OXLCZ,OXLCZ,2026-05-20 18:45,40,,resolved_loss,-0.2821,0.1612,-0.2821,resolved_loss
sl_shortlist_20260521_1253.csv_TFSL,TFSL,2026-05-20 19:45,55,,resolved_loss,-0.4766,-1.1646,-0.4766,resolved_loss
sl_shortlist_20260521_1253.csv_OXLCL,OXLCL,2026-05-20 16:30,51,,resolved_win,1.9229,0.7754,1.9229,resolved_win
sl_shortlist_20260521_1253.csv_INDB,INDB,2026-05-20 19:45,62,,resolved_loss,-0.393,0.2662,-0.393,resolved_loss
sl_shortlist_20260521_1253.csv_OXLCO,OXLCO,2026-05-20 19:45,55,,expired_win,1.371,1.603,1.371,expired_win
sl_shortlist_20260521_1253.csv_INTR,INTR,2026-05-20 19:45,20,,resolved_win,4.4607,2.8386,4.4607,resolved_win
sl_shortlist_20260521_1253.csv_FULT,FULT,2026-05-20 19:45,62,,resolved_loss,-0.8643,0.7708,-0.8643,resolved_loss
sl_shortlist_20260521_1253.csv_BANF,BANF,2026-05-20 19:45,38,,resolved_loss,-0.8736,-0.4954,-0.8736,resolved_loss
sl_shortlist_20260521_1253.csv_FIBK,FIBK,2026-05-20 19:45,58,,resolved_loss,-0.8528,1.1939,-0.8528,resolved_loss
sl_shortlist_20260521_1253.csv_NTRSO,NTRSO,2026-05-20 19:45,15,,resolved_loss,-0.319,0.6911,-0.319,resolved_loss
sl_shortlist_20260521_1253.csv_CTAS,CTAS,2026-05-20 19:45,18,,resolved_loss,-0.8223,0.9927,-0.8223,resolved_loss
sl_shortlist_20260521_1253.csv_CSX,CSX,2026-05-20 19:45,49,,resolved_loss,-0.7624,-0.5228,-0.7624,resolved_loss
sl_shortlist_20260521_1253.csv_ELVR,ELVR,2026-05-20 19:45,38,,resolved_win,3.6957,7.2101,3.6957,resolved_win
sl_shortlist_20260521_1253.csv_TER,TER,2026-05-20 19:45,51,,resolved_win,4.5823,11.187,4.5823,resolved_win
sl_shortlist_20260521_1253.csv_BRKRP,BRKRP,2026-05-20 19:45,51,,resolved_win,4.1429,18.8824,4.1429,resolved_win
sl_shortlist_20260521_1253.csv_ODFL,ODFL,2026-05-20 19:45,64,,resolved_loss,-0.7434,5.1184,-0.7434,resolved_loss
sl_shortlist_20260521_1253.csv_AXON,AXON,2026-05-20 19:45,22,,resolved_loss,-1.9175,10.26,-1.9175,resolved_loss
sl_shortlist_20260521_1253.csv_ESLT,ESLT,2026-05-20 19:45,35,,resolved_loss,-1.0805,16.0601,-1.0805,resolved_loss
sl_shortlist_20260521_1253.csv_PAYX,PAYX,2026-05-20 19:45,40,,resolved_loss,-0.5162,0.611,-0.5162,resolved_loss
sl_shortlist_20260521_1253.csv_SYM,SYM,2026-05-20 19:45,15,,resolved_win,4.8,-2.38,4.8,resolved_win
sl_shortlist_20260521_1253.csv_FTAI,FTAI,2026-05-20 19:45,42,,resolved_loss,-1.8097,9.5738,-1.8097,resolved_loss
sl_shortlist_20260521_1253.csv_STLD,STLD,2026-05-20 19:45,58,,resolved_win,2.3654,14.2188,2.3654,resolved_win
sl_shortlist_20260521_1253.csv_VRSK,VRSK,2026-05-20 19:45,24,,resolved_loss,-1.1774,1.2301,-1.1774,resolved_loss
sl_shortlist_20260521_1253.csv_FOXA,FOXA,2026-05-20 19:45,36,,resolved_loss,-1.1229,2.6669,-1.1229,resolved_loss
sl_shortlist_20260521_1253.csv_RGLD,RGLD,2026-05-20 19:45,22,,resolved_loss,-1.013,-0.1883,-1.013,resolved_loss
sl_shortlist_20260521_1253.csv_FWONK,FWONK,2026-05-20 19:45,31,,resolved_loss,-1.1389,0.6855,-1.1389,resolved_loss
sl_shortlist_20260521_1253.csv_CHRW,CHRW,2026-05-20 19:45,78,,resolved_loss,-0.8581,-3.2267,-0.8581,resolved_loss
sl_shortlist_20260521_1253.csv_FOX,FOX,2026-05-20 19:45,36,,resolved_loss,-1.2025,3.2241,-1.2025,resolved_loss
sl_shortlist_20260521_1253.csv_JBHT,JBHT,2026-05-20 19:45,60,,resolved_loss,-0.7724,3.6868,-0.7724,resolved_loss
sl_shortlist_20260521_1253.csv_FWONA,FWONA,2026-05-20 19:45,31,,resolved_loss,-0.9191,1.1005,-0.9191,resolved_loss
sl_shortlist_20260521_1253.csv_ENTG,ENTG,2026-05-20 19:45,44,,resolved_loss,-1.7624,8.4358,-1.7624,resolved_loss
sl_shortlist_20260521_1253.csv_NXT,NXT,2026-05-20 19:45,53,,resolved_loss,-1.6268,9.386,-1.6268,resolved_loss
sl_shortlist_20260521_1253.csv_NDSN,NDSN,2026-05-20 19:45,46,,resolved_win,2.4411,4.3535,2.4411,resolved_win
sl_shortlist_20260521_1253.csv_TRMB,TRMB,2026-05-20 19:45,22,,resolved_loss,-1.1794,-1.8585,-1.1794,resolved_loss
sl_shortlist_20260521_1253.csv_LECO,LECO,2026-05-20 19:45,44,,resolved_loss,-1.0242,-0.6713,-1.0242,resolved_loss
sl_shortlist_20260521_1253.csv_STRL,STRL,2026-05-20 19:45,53,,resolved_loss,-2.1184,12.0957,-2.1184,resolved_loss
sl_shortlist_20260521_1253.csv_AVAV,AVAV,2026-05-20 19:45,18,,resolved_loss,-1.7217,30.8932,-1.7217,resolved_loss
sl_shortlist_20260521_1253.csv_ZBRA,ZBRA,2026-05-20 19:45,29,,resolved_loss,-0.8704,1.7819,-0.8704,resolved_loss
sl_shortlist_20260521_1253.csv_SOLS,SOLS,2026-05-20 19:45,44,,resolved_loss,-1.3963,0.071,-1.3963,resolved_loss
sl_shortlist_20260521_1253.csv_PSKY,PSKY,2026-05-20 19:45,15,,resolved_loss,-1.6264,6.555,-1.6264,resolved_loss
sig_4c1604054321,ARM,2026-05-22T14:32:37.646410+00:00,87,,new,,,,
sig_13babfa21bdb,GS,2026-05-22T14:32:37.646410+00:00,87,,new,,,,
sig_129fa1c99101,V,2026-05-22T14:32:37.646410+00:00,56,,new,,,,
sig_5938ddac1180,HIG,2026-05-22T14:32:37.646410+00:00,58,,new,,,,
sig_707fda5bfe1a,BLDP,2026-05-22T14:32:37.646410+00:00,66,,new,,,,
sig_90d78b9320f2,VSAT,2026-05-22T14:32:37.646410+00:00,77,,new,,,,
sig_820ae3e1578f,CLSK,2026-05-22T14:32:37.646410+00:00,78,,new,,,,
sig_fb91cb4c6c06,NVAX,2026-05-22T14:32:37.646410+00:00,66,,new,,,,
sig_e2730df15470,MAR,2026-05-22T14:32:37.646410+00:00,67,,new,,,,
sig_cc1438c75162,ERIC,2026-05-22T14:32:37.646410+00:00,66,,new,,,,
sig_34d42c0e0f8d,DXCM,2026-05-22T14:32:37.646410+00:00,67,,new,,,,
sig_541c1281a23c,ROIV,2026-05-22T14:32:37.646410+00:00,89,,new,,,,
sig_4db3788a779b,FRHC,2026-05-22T14:32:37.646410+00:00,69,,new,,,,
sig_a52931046a0b,CHRW,2026-05-22T14:32:37.646410+00:00,78,,new,,,,
sig_c97793c0a21c,ATRO,2026-05-22T14:32:37.646410+00:00,77,,new,,,,
sig_49bdb6795830,HTLD,2026-05-22T14:32:37.646410+00:00,66,,new,,,,
sig_9b943ba741b0,PAMT,2026-05-22T14:32:37.646410+00:00,78,,new,,,,
sig_a1a434b8000c,CSTE,2026-05-22T14:32:37.646410+00:00,56,,new,,,,
sig_e912da80fba4,PPSI,2026-05-22T14:32:37.646410+00:00,78,,new,,,,
sig_0d6d5d8689b6,DAIO,2026-05-22T14:32:37.646410+00:00,67,,new,,,,
sig_f812209d82f4,PETZ,2026-05-22T14:32:37.646410+00:00,80,,new,,,,
sig_dd31311de10a,PSMT,2026-05-22T14:32:37.646410+00:00,67,,new,,,,
sig_44e6001e027d,PAGP,2026-05-22T14:32:37.646410+00:00,77,,new,,,,
sig_9fef695b890c,NESR,2026-05-22T14:32:37.646410+00:00,77,,new,,,,
sig_8f5f81dcc67f,BRID,2026-05-22T14:32:37.646410+00:00,77,,new,,,,
sig_3b5d41e41e5c,HQY,2026-05-22T14:32:37.646410+00:00,55,,new,,,,
sig_3e6c671d9c6b,REGCO,2026-05-22T14:32:37.646410+00:00,80,,new,,,,
sig_e45f071df319,GRVY,2026-05-22T14:32:37.646410+00:00,51,,new,,,,
sig_cb1af2377b05,KYIV,2026-05-22T14:32:37.646410+00:00,55,,new,,,,
sig_e34ec8d61c1a,APPS,2026-05-22T14:32:37.646410+00:00,67,,new,,,,
sig_37cabeb6bf56,SPCE,2026-05-22T15:02:49.762782+00:00,67,,new,,,,
sig_c48cd1a30fac,IBM,2026-05-22T15:02:49.762782+00:00,67,,new,,,,
